order_id,customer_id,order_status,order_purchase_timestamp,order_approved_at,order_delivered_carrier_date,order_delivered_customer_date,order_estimated_delivery_date,has_items,is_valid_sale,flag_delivered_missing_date,flag_carrier_before_purchase,flag_customer_before_carrier,flag_nondelivered_has_delivery_date,delivery_metrics_ok,delivery_days,estimated_days,is_late,days_late,purchase_month,in_full_month_window,customer_unique_id,customer_state,customer_region,item_count,items_value,freight_value,seller_count,product_count,payment_value,payment_count,max_installments,main_payment_type,review_score,has_comment,order_value
e481f51cbdc54678b7cc49136f2d6af7,9ef432eb6251297304e76186b10a928d,delivered,2017-10-02 10:56:33,2017-10-02 11:07:15,2017-10-04 19:55:00,2017-10-10 21:25:13,2017-10-18,True,True,False,False,False,False,True,8.436574074074073,15.5440625,0.0,0.0,2017-10-01,True,7c396fd4830fd04220f754e42b4e5bff,SP,Southeast,1.0,29.99,8.72,1.0,1.0,38.71,3.0,1.0,voucher,4.0,True,38.71
53cdb2fc8bc7dce0b6741e2150273451,b0830fb4747a6c6d20dea0b8c802d7ef,delivered,2018-07-24 20:41:37,2018-07-26 03:24:27,2018-07-26 14:31:00,2018-08-07 15:27:45,2018-08-13,True,True,False,False,False,False,True,13.782037037037037,19.137766203703702,0.0,0.0,2018-07-01,True,af07308b275d755c9edb36a90c618231,BA,Northeast,1.0,118.7,22.76,1.0,1.0,141.46,1.0,1.0,boleto,4.0,True,141.46
47770eb9100c2d0c44946d9cf07ec65d,41ce2a54c0b03bf3443c3d931a367089,delivered,2018-08-08 08:38:49,2018-08-08 08:55:23,2018-08-08 13:50:00,2018-08-17 18:06:29,2018-09-04,True,True,False,False,False,False,True,9.394212962962962,26.63971064814815,0.0,0.0,2018-08-01,True,3a653a41f6f9fc3d2a113cf8398680e8,GO,Central-West,1.0,159.9,19.22,1.0,1.0,179.12,1.0,3.0,credit_card,5.0,False,179.12
949d5b44dbf5de918fe9c16f97b45f8a,f88197465ea7920adcdbec7375364d82,delivered,2017-11-18 19:28:06,2017-11-18 19:45:59,2017-11-22 13:39:59,2017-12-02 00:28:42,2017-12-15,True,True,False,False,False,False,True,13.20875,26.188819444444444,0.0,0.0,2017-11-01,True,7c142cf63193a1473d2e66489a9ae977,RN,Northeast,1.0,45.0,27.2,1.0,1.0,72.2,1.0,1.0,credit_card,5.0,True,72.2
ad21c59c0840e6cb83a9ceb5573f8159,8ab97904e6daea8866dbdbc4fb7aad2c,delivered,2018-02-13 21:18:39,2018-02-13 22:20:29,2018-02-14 19:46:34,2018-02-16 18:17:02,2018-02-26,True,True,False,False,False,False,True,2.873877314814815,12.112048611111112,0.0,0.0,2018-02-01,True,72632f0f9dd73dfee390c9b22eb56dd6,SP,Southeast,1.0,19.9,8.72,1.0,1.0,28.62,1.0,1.0,credit_card,5.0,False,28.619999999999997
a4591c265e18cb1dcee52889e2d8acc3,503740e9ca751ccdda7ba28e9ab8f608,delivered,2017-07-09 21:57:05,2017-07-09 22:10:13,2017-07-11 14:58:04,2017-07-26 10:57:55,2017-08-01,True,True,False,False,False,False,True,16.54224537037037,22.085358796296298,0.0,0.0,2017-07-01,True,80bb27c7c16e8f973207a5086ab329e2,PR,South,1.0,147.9,27.36,1.0,1.0,175.26,1.0,6.0,credit_card,4.0,False,175.26
136cce7faa42fdb2cefd53fdc79a6098,ed0271e0b7da060a393796590e7b737a,invoiced,2017-04-11 12:22:08,2017-04-13 13:25:17,,,2017-05-09,True,True,False,False,False,False,False,,27.48462962962963,,,2017-04-01,True,36edbb3fb164b1f16485364b6fb04c73,RS,South,1.0,49.9,16.05,1.0,1.0,65.95,1.0,1.0,credit_card,2.0,True,65.95
6514b8ad8028c9f2cc2374ded245783f,9bdf08b4b3b52b5526ff42d37d47f222,delivered,2017-05-16 13:10:30,2017-05-16 13:22:11,2017-05-22 10:07:46,2017-05-26 12:55:51,2017-06-07,True,True,False,False,False,False,True,9.989826388888888,21.451041666666665,0.0,0.0,2017-05-01,True,932afa1e708222e5821dac9cd5db4cae,RJ,Southeast,1.0,59.99,15.17,1.0,1.0,75.16,1.0,3.0,credit_card,5.0,False,75.16
76c6e866289321a7c93b82b54852dc33,f54a9f0e6b351c431402b8461ea51999,delivered,2017-01-23 18:29:09,2017-01-25 02:50:47,2017-01-26 14:16:31,2017-02-02 14:08:10,2017-03-06,True,True,False,False,False,False,True,9.818761574074074,41.229756944444446,0.0,0.0,2017-01-01,True,39382392765b6dc74812866ee5ee92a7,RS,South,1.0,19.9,16.05,1.0,1.0,35.95,1.0,1.0,boleto,1.0,False,35.95
e69bfb5eb88e0ed6a785585b27e16dbf,31ad1d1b63eb9962463f764d4e6e0c9d,delivered,2017-07-29 11:55:02,2017-07-29 12:05:32,2017-08-10 19:45:24,2017-08-16 17:14:30,2017-08-23,True,True,False,False,False,False,True,18.221851851851852,24.503449074074073,0.0,0.0,2017-07-01,True,299905e3934e9e181bfb2e164dd4b4f8,SP,Southeast,1.0,149.99,19.77,1.0,1.0,169.76,2.0,1.0,voucher,5.0,False,169.76000000000002
e6ce16cb79ec1d90b1da9085a6118aeb,494dded5b201313c64ed7f100595b95c,delivered,2017-05-16 19:41:10,2017-05-16 19:50:18,2017-05-18 11:40:40,2017-05-29 11:18:31,2017-06-07,True,True,False,False,False,False,True,12.6509375,21.17974537037037,0.0,0.0,2017-05-01,True,f2a85dec752b8517b5e58a06ff3cd937,RJ,Southeast,2.0,198.0,61.06,1.0,1.0,259.06,1.0,1.0,credit_card,1.0,True,259.06
34513ce0c4fab462a55830c0989c7edb,7711cf624183d843aafe81855097bc37,delivered,2017-07-13 19:58:11,2017-07-13 20:10:08,2017-07-14 18:43:29,2017-07-19 14:04:48,2017-08-08,True,True,False,False,False,False,True,5.754594907407407,25.16792824074074,0.0,0.0,2017-07-01,True,782987b81c92239d922aa49d6bd4200b,SP,Southeast,1.0,98.0,16.13,1.0,1.0,114.13,1.0,1.0,credit_card,4.0,False,114.13
82566a660a982b15fb86e904c8d32918,d3e3b74c766bc6214e0c830b17ee2341,delivered,2018-06-07 10:06:19,2018-06-09 03:13:12,2018-06-11 13:29:00,2018-06-19 12:05:52,2018-07-18,True,True,False,False,False,False,True,12.083020833333334,40.57894675925926,0.0,0.0,2018-06-01,True,e97109680b052ee858d93a539597bba7,MG,Southeast,1.0,31.9,18.23,1.0,1.0,50.13,1.0,1.0,boleto,5.0,False,50.129999999999995
5ff96c15d0b717ac6ad1f3d77225a350,19402a48fe860416adf93348aba37740,delivered,2018-07-25 17:44:10,2018-07-25 17:55:14,2018-07-26 13:16:00,2018-07-30 15:52:25,2018-08-08,True,True,False,False,False,False,True,4.922395833333334,13.26099537037037,0.0,0.0,2018-07-01,True,e2dfa3127fedbbca9707b36304996dab,SP,Southeast,1.0,19.9,12.8,1.0,1.0,32.7,1.0,3.0,credit_card,5.0,False,32.7
432aaf21d85167c2c86ec9448c4e42cc,3df704f53d3f1d4818840b34ec672a9f,delivered,2018-03-01 14:14:28,2018-03-01 15:10:47,2018-03-02 21:09:20,2018-03-12 23:36:26,2018-03-21,True,True,False,False,False,False,True,11.390254629629629,19.40662037037037,0.0,0.0,2018-03-01,True,04cf8185c71090d28baa4407b2e6d600,SP,Southeast,1.0,38.25,16.11,1.0,1.0,54.36,1.0,1.0,credit_card,4.0,True,54.36
dcb36b511fcac050b97cd5c05de84dc3,3b6828a50ffe546942b7a473d70ac0fc,delivered,2018-06-07 19:03:12,2018-06-12 23:31:02,2018-06-11 14:54:00,2018-06-21 15:34:32,2018-07-04,True,True,False,False,False,False,True,13.855092592592593,26.20611111111111,0.0,0.0,2018-06-01,True,ccafc1c3f270410521c3c6f3b249870f,GO,Central-West,1.0,132.4,14.05,1.0,1.0,146.45,1.0,10.0,credit_card,5.0,True,146.45000000000002
403b97836b0c04a622354cf531062e5f,738b086814c6fcc74b8cc583f8516ee3,delivered,2018-01-02 19:00:43,2018-01-02 19:09:04,2018-01-03 18:19:09,2018-01-20 01:38:59,2018-02-06,True,True,False,False,False,False,True,17.276574074074073,34.20783564814815,0.0,0.0,2018-01-01,True,6e26bbeaa107ec34112c64e1ee31c0f5,RJ,Southeast,1.0,1299.0,77.45,1.0,1.0,1376.45,1.0,10.0,credit_card,,,1376.45
116f0b09343b49556bbad5f35bee0cdf,3187789bec990987628d7a9beb4dd6ac,delivered,2017-12-26 23:41:31,2017-12-26 23:50:22,2017-12-28 18:33:05,2018-01-08 22:36:36,2018-01-29,True,True,False,False,False,False,True,12.954918981481482,33.01283564814815,0.0,0.0,2017-12-01,True,6087cfc70fd833cf2db637a5e6e9d76b,SC,South,1.0,27.99,15.1,1.0,1.0,43.09,1.0,4.0,credit_card,5.0,False,43.089999999999996
85ce859fd6dc634de8d2f1e290444043,059f7fc5719c7da6cbafe370971a8d70,delivered,2017-11-21 00:03:41,2017-11-21 00:14:22,2017-11-23 21:32:26,2017-11-27 18:28:00,2017-12-11,True,True,False,False,False,False,True,6.766886574074074,19.99744212962963,0.0,0.0,2017-11-01,True,d0ff1a7468fcc46b8fc658ab35d2a12c,SP,Southeast,1.0,17.9,11.85,1.0,1.0,29.75,1.0,1.0,credit_card,5.0,False,29.75
83018ec114eee8641c97e08f7b4e926f,7f8c8b9c2ae27bf3300f670c3d478be8,delivered,2017-10-26 15:54:26,2017-10-26 16:08:14,2017-10-26 21:46:53,2017-11-08 22:22:00,2017-11-23,True,True,False,False,False,False,True,13.269143518518518,27.337199074074075,0.0,0.0,2017-10-01,True,634f09f6075fe9032e6c19609ffe995a,BA,Northeast,1.0,76.0,16.97,1.0,1.0,92.97,3.0,1.0,voucher,4.0,False,92.97
203096f03d82e0dffbc41ebc2e2bcfb7,d2b091571da224a1b36412c18bc3bbfe,delivered,2017-09-18 14:31:30,2017-09-19 04:04:09,2017-10-06 17:50:03,2017-10-09 22:23:46,2017-09-28,True,True,False,False,False,False,True,21.327962962962964,9.394791666666666,1.0,11.933171296296296,2017-09-01,True,d699688533772c15a061e8ce81cb56df,SP,Southeast,1.0,109.9,8.96,1.0,1.0,118.86,1.0,1.0,boleto,2.0,True,118.86000000000001
f848643eec1d69395095eb3840d2051e,4fa1cd166fa598be6de80fa84eaade43,delivered,2018-03-15 08:52:40,2018-03-15 09:09:31,2018-03-15 19:52:48,2018-03-19 18:08:32,2018-03-29,True,True,False,False,False,False,True,4.386018518518519,13.630092592592593,0.0,0.0,2018-03-01,True,68954feaafe4dd638f3bd3e2afa174ec,SP,Southeast,1.0,79.99,8.91,1.0,1.0,88.9,1.0,4.0,credit_card,5.0,False,88.89999999999999
2807d0e504d6d4894d41672727bc139f,72ae281627a6102d9b3718528b420f8a,delivered,2018-02-03 20:37:35,2018-02-03 20:50:22,2018-02-05 22:37:28,2018-02-08 16:13:46,2018-02-21,True,True,False,False,False,False,True,4.8167939814814815,17.14056712962963,0.0,0.0,2018-02-01,True,b8df986511d928829c3192c2ed081eba,SP,Southeast,1.0,9.5,7.78,1.0,1.0,17.28,1.0,1.0,credit_card,3.0,False,17.28
95266dbfb7e20354baba07964dac78d5,a166da34890074091a942054b36e4265,delivered,2018-01-08 07:55:29,2018-01-08 08:07:31,2018-01-24 23:16:37,2018-01-26 17:32:38,2018-02-21,True,True,False,False,False,False,True,18.40079861111111,43.66980324074074,0.0,0.0,2018-01-01,True,451e48381edab7f1f6dbfa6d728616ff,SC,South,1.0,129.99,57.58,1.0,1.0,187.57,1.0,3.0,credit_card,4.0,False,187.57
f3e7c359154d965827355f39d6b1fdac,62b423aab58096ca514ba6aa06be2f98,delivered,2018-08-09 11:44:40,2018-08-10 03:24:51,2018-08-10 12:29:00,2018-08-13 18:24:27,2018-08-17,True,True,False,False,False,False,True,4.277627314814815,7.510648148148148,0.0,0.0,2018-08-01,True,9c9242ad7f1b52d926ea76778e1c0c57,SP,Southeast,1.0,89.9,14.21,1.0,1.0,104.11,1.0,1.0,boleto,5.0,True,104.11000000000001
fbf9ac61453ac646ce8ad9783d7d0af6,3a874b4d4c4b6543206ff5d89287f0c3,delivered,2018-02-20 23:46:53,2018-02-22 02:30:46,2018-02-26 22:25:22,2018-03-21 22:03:54,2018-03-12,True,True,False,False,False,False,True,28.928483796296295,19.009108796296296,1.0,9.919375,2018-02-01,True,a25d5f94840d3c6a1a49f271ed83f4ec,RJ,Southeast,1.0,109.9,15.53,1.0,1.0,125.43,1.0,1.0,boleto,2.0,True,125.43
acce194856392f074dbf9dada14d8d82,7e20bf5ca92da68200643bda76c504c6,delivered,2018-06-04 00:00:13,2018-06-05 00:35:10,2018-06-05 13:24:00,2018-06-16 15:20:55,2018-07-18,True,True,False,False,False,False,True,12.639375,43.999849537037036,0.0,0.0,2018-06-01,True,576ea0cab426cd8a00fad9a9c90a4494,BA,Northeast,2.0,130.4,97.28,2.0,2.0,227.68,1.0,10.0,credit_card,1.0,True,227.68
dd78f560c270f1909639c11b925620ea,8b212b9525f9e74e85e37ed6df37693e,delivered,2018-03-12 01:50:26,2018-03-12 03:28:34,2018-03-12 21:06:37,2018-03-21 14:41:50,2018-03-28,True,True,False,False,False,False,True,9.535694444444445,15.923310185185185,0.0,0.0,2018-03-01,True,f4a7ef6bd931f83d75d83b71c94e90df,SP,Southeast,1.0,47.9,12.79,1.0,1.0,60.69,1.0,2.0,credit_card,5.0,True,60.69
91b2a010e1e45e6ba3d133fa997597be,cce89a605105b148387c52e286ac8335,delivered,2018-05-02 11:45:38,2018-05-03 12:55:01,2018-05-10 16:16:00,2018-05-16 20:56:24,2018-05-23,True,True,False,False,False,False,True,14.382476851851852,20.509976851851853,0.0,0.0,2018-05-01,True,bd13608b9c6033892ce62269b50a0afc,SP,Southeast,1.0,178.99,13.69,1.0,1.0,192.68,1.0,8.0,credit_card,4.0,False,192.68
ecab90c9933c58908d3d6add7c6f5ae3,761df82feda9778854c6dafdaeb567e4,delivered,2018-02-25 13:50:30,2018-02-25 14:47:35,2018-02-26 22:28:50,2018-03-27 23:29:14,2018-04-13,True,True,False,False,False,False,True,30.40189814814815,46.42326388888889,0.0,0.0,2018-02-01,True,1428917cd397d4f9ac0fde76dd6f2266,RR,North,1.0,30.1,33.24,1.0,1.0,63.34,1.0,3.0,credit_card,4.0,False,63.34
f70a0aff17df5a6cdd9a7196128bd354,456dc10730fbdba34615447ea195d643,delivered,2017-08-10 11:58:33,2017-08-12 02:45:24,2017-08-17 15:35:07,2017-08-18 14:28:02,2017-08-23,True,True,False,False,False,False,True,8.103807870370371,12.501006944444445,0.0,0.0,2017-08-01,True,1974875b4a1d2e2ee6d586e3ba4d7602,SP,Southeast,1.0,279.0,34.19,1.0,1.0,313.19,1.0,1.0,boleto,2.0,True,313.19
1790eea0b567cf50911c057cf20f90f9,52142aa69d8d0e1247ab0cada0f76023,delivered,2018-04-16 21:15:39,2018-04-16 22:10:26,2018-04-18 13:05:09,2018-05-05 12:28:34,2018-05-15,True,True,False,False,False,False,True,18.63396990740741,28.114131944444445,0.0,0.0,2018-04-01,True,a6fefcd9f434474cf6fcd8ed1102fd63,PE,Northeast,1.0,186.9,38.0,1.0,1.0,224.9,1.0,4.0,credit_card,1.0,True,224.9
989225ba6d0ebd5873335f7e01de2ae7,816f8653d5361cbf94e58c33f2502a5c,delivered,2017-12-12 13:56:04,2017-12-14 13:54:13,2017-12-16 00:18:57,2018-01-03 18:03:36,2018-01-08,True,True,False,False,False,False,True,22.17189814814815,26.419398148148147,0.0,0.0,2017-12-01,True,37363700139c1aef873bbcd916e57dfd,SP,Southeast,1.0,49.0,14.1,1.0,1.0,63.1,1.0,1.0,credit_card,4.0,False,63.1
d887b52c6516beb39e8cd44a5f8b60f7,d9ef95f98d8da3b492bb8c0447910498,delivered,2018-02-03 12:38:58,2018-02-03 12:50:30,2018-02-05 21:26:53,2018-02-22 00:07:55,2018-03-07,True,True,False,False,False,False,True,18.4784375,31.472939814814815,0.0,0.0,2018-02-01,True,a2649503b92028291f011a976619b322,RJ,Southeast,1.0,84.9,15.35,1.0,1.0,100.25,1.0,1.0,credit_card,5.0,True,100.25
b276e4f8c0fb86bd82fce576f21713e0,cf8ffeddf027932e51e4eae73b384059,delivered,2018-07-29 23:34:51,2018-07-29 23:45:15,2018-07-30 14:43:00,2018-07-31 22:48:50,2018-08-06,True,True,False,False,False,False,True,1.9680439814814814,7.017465277777778,0.0,0.0,2018-07-01,True,6cbe8a392b76916e84c2faf69d0d0da0,SP,Southeast,1.0,179.0,9.41,1.0,1.0,188.41,1.0,2.0,credit_card,5.0,False,188.41
8563039e855156e48fccee4d611a3196,5f16605299d698660e0606f7eae2d2f9,delivered,2018-02-17 15:59:46,2018-02-17 16:15:34,2018-02-20 23:03:56,2018-03-20 00:59:25,2018-03-20,True,True,False,False,False,False,True,30.374756944444446,30.333495370370372,1.0,0.041261574074074076,2018-02-01,True,92fd8aa5948e20c43a014c44c025c5e1,TO,North,1.0,78.0,28.95,1.0,1.0,106.95,1.0,4.0,credit_card,5.0,True,106.95
60550084e6b4c0cb89a87df1f3e5ebd9,f5458ddc3545711efa883dd7ae7c4497,delivered,2018-02-21 18:15:12,2018-02-23 02:10:52,2018-02-27 18:52:09,2018-03-13 23:58:43,2018-03-29,True,True,False,False,False,False,True,20.238553240740742,35.239444444444445,0.0,0.0,2018-02-01,True,661a5e18a28b34880ccc60112f2b8e8e,CE,Northeast,1.0,39.9,26.89,1.0,1.0,66.79,1.0,1.0,boleto,4.0,True,66.78999999999999
5acce57f8d9dfd55fa48e212a641a69d,295ae9b35379e077273387ff64354b6f,delivered,2017-07-31 21:37:10,2017-08-02 02:56:02,2017-08-03 18:32:48,2017-08-08 21:24:41,2017-08-22,True,True,False,False,False,False,True,7.991331018518519,21.099189814814814,0.0,0.0,2017-07-01,True,f1f4f45c8602d0db1329eed1c8e935d4,SP,Southeast,1.0,27.9,15.1,1.0,1.0,43.0,1.0,1.0,boleto,5.0,False,43.0
434d158e96bdd6972ad6e6d73ddcfd22,2a1dfb647f32f4390e7b857c67458536,delivered,2018-06-01 12:23:13,2018-06-05 03:35:15,2018-06-08 11:49:00,2018-06-18 21:32:52,2018-07-17,True,True,False,False,False,False,True,17.38170138888889,45.48387731481481,0.0,0.0,2018-06-01,True,5f7d7732b351ce851a158528581af05f,PE,Northeast,1.0,445.0,63.17,1.0,1.0,508.17,1.0,1.0,boleto,5.0,True,508.17
7206b86ea789983f7a273ea7fa0bc2a8,3391c4bc11a817e7973e498b0b023158,delivered,2018-03-26 17:12:18,2018-03-26 17:28:27,2018-03-28 17:22:53,2018-04-05 22:11:18,2018-04-12,True,True,False,False,False,False,True,10.207638888888889,16.283125,0.0,0.0,2018-03-01,True,1b542f810484d8c042aed33a7c61a218,SP,Southeast,1.0,36.9,12.79,1.0,1.0,49.69,1.0,4.0,credit_card,3.0,False,49.69
1e7aff52cdbb2451ace09d0f848c3699,ddaff536587109b89777e0353215e150,delivered,2017-05-19 18:53:40,2017-05-19 19:05:17,2017-05-22 10:16:07,2017-05-31 13:58:46,2017-06-12,True,True,False,False,False,False,True,11.795208333333333,23.21273148148148,0.0,0.0,2017-05-01,True,c796780c7daeab9e94cc052b1f103b21,RJ,Southeast,1.0,119.99,34.2,1.0,1.0,154.19,1.0,4.0,credit_card,5.0,True,154.19
6ea2f835b4556291ffdc53fa0b3b95e8,c7340080e394356141681bd4c9b8fe31,delivered,2017-11-24 21:27:48,2017-11-25 00:21:09,2017-12-13 21:14:05,2017-12-28 18:59:23,2017-12-21,True,True,False,False,False,False,True,33.89693287037037,26.105694444444445,1.0,7.7912384259259255,2017-11-01,True,3e4fd73f1e86b135b9b121d6abbe9597,SP,Southeast,1.0,339.0,17.12,1.0,1.0,356.12,1.0,10.0,credit_card,1.0,True,356.12
948097deef559c742e7ce321e5e58919,8644be24d48806bc3a88fd59fb47ceb1,delivered,2017-08-04 17:10:39,2017-08-04 17:25:11,2017-08-07 17:52:01,2017-08-12 14:08:40,2017-09-01,True,True,False,False,False,False,True,7.873622685185185,27.284270833333334,0.0,0.0,2017-08-01,True,4ca5f90433afb5493247f0bafb583483,DF,Central-West,1.0,69.9,25.77,1.0,1.0,95.67,1.0,9.0,credit_card,5.0,False,95.67
d22e9fa5731b9e30e8b27afcdc2f8563,756fb9391752dad934e0fe3733378e57,delivered,2018-08-04 23:25:30,2018-08-04 23:35:13,2018-08-06 15:03:00,2018-08-13 23:34:42,2018-09-13,True,True,False,False,False,False,True,9.006388888888889,39.02395833333333,0.0,0.0,2018-08-01,True,394b2ce444baae9ae609f5d32000de0f,BA,Northeast,1.0,99.0,22.62,1.0,1.0,121.62,1.0,1.0,debit_card,4.0,False,121.62
ee64d42b8cf066f35eac1cf57de1aa85,caded193e8e47b8362864762a83db3c5,shipped,2018-06-04 16:44:48,2018-06-05 04:31:18,2018-06-05 14:32:00,,2018-06-28,True,True,False,False,False,False,False,,23.302222222222223,,,2018-06-01,True,08fb46d35bb3ab4037202c23592d1259,SP,Southeast,1.0,14.49,7.87,1.0,1.0,22.36,1.0,1.0,boleto,1.0,False,22.36
6ebaec694d7025e2ad4a05dba887c032,4f28355e5c17a4a42d3ce2439a1d4501,delivered,2017-05-18 13:55:47,2017-05-18 14:05:17,2017-05-19 12:01:38,2017-05-29 12:47:20,2017-06-09,True,True,False,False,False,False,True,10.952465277777778,21.419594907407408,0.0,0.0,2017-05-01,True,4acce2834231e13b1514915adda5ec2b,RJ,Southeast,1.0,139.0,14.72,1.0,1.0,153.72,1.0,7.0,credit_card,1.0,True,153.72
d17dc4a904426827ca80f2ccb3a6be56,569cf68214806a39acc0f39344aea67f,delivered,2017-05-14 20:28:25,2017-05-14 20:42:45,2017-05-16 08:17:46,2017-05-25 09:14:31,2017-06-12,True,True,False,False,False,False,True,10.532013888888889,28.14693287037037,0.0,0.0,2017-05-01,True,c2551ea089b7ebbc67a2ea8757152514,BA,Northeast,1.0,36.9,17.92,1.0,1.0,54.82,1.0,1.0,credit_card,4.0,False,54.82
25f4376934e13d3508486352e11a5db0,12fd2740039676063a874b9567dfa651,delivered,2018-05-17 16:59:11,2018-05-18 01:17:39,2018-05-18 13:02:00,2018-05-21 15:22:11,2018-05-25,True,True,False,False,False,False,True,3.932638888888889,7.292233796296296,0.0,0.0,2018-05-01,True,372e0fc66eacb8698e4f9997d366d961,SP,Southeast,1.0,69.9,12.43,1.0,1.0,82.33,1.0,5.0,credit_card,5.0,False,82.33000000000001
5820a1100976432c7968a52da59e9364,2b56e94c2f66f2d97cfa63356f69cee8,delivered,2018-07-29 11:24:17,2018-07-29 11:44:19,2018-07-30 13:47:00,2018-08-02 22:09:11,2018-08-13,True,True,False,False,False,False,True,4.447847222222222,14.524803240740741,0.0,0.0,2018-07-01,True,cc1a30280651daf2d918ed7868575771,RS,South,1.0,33.9,18.34,1.0,1.0,52.24,1.0,1.0,credit_card,5.0,True,52.239999999999995
2ce1ad82022c1ba30c2079502ac725aa,7f2178c5d771e17f507d3c1637339298,delivered,2017-08-09 20:19:05,2017-08-11 04:15:29,2017-08-11 17:52:32,2017-08-16 17:16:44,2017-08-31,True,True,False,False,False,False,True,6.873368055555556,21.15341435185185,0.0,0.0,2017-08-01,True,12e7a2c201751ddc979e7a45cef500f3,SP,Southeast,1.0,115.0,15.56,1.0,1.0,130.56,1.0,1.0,boleto,5.0,False,130.56
138849fd84dff2fb4ca70a0a34c4aa1c,9b18f3fc296990b97854e351334a32f6,delivered,2018-02-01 14:02:19,2018-02-03 02:53:07,2018-02-06 19:13:26,2018-02-14 13:41:59,2018-02-23,True,True,False,False,False,False,True,12.985879629629629,21.41505787037037,0.0,0.0,2018-02-01,True,b2cac0b16835dabf811b204127f58afa,SP,Southeast,1.0,39.47,13.37,1.0,1.0,52.84,1.0,1.0,boleto,5.0,False,52.839999999999996
47aa4816b27ba60ec948cd019cc1afc1,148348ff65384b4249b762579532e248,delivered,2018-06-26 13:42:52,2018-06-27 08:35:32,2018-06-27 13:20:00,2018-07-03 18:37:46,2018-07-20,True,True,False,False,False,False,True,7.204791666666667,23.428564814814816,0.0,0.0,2018-06-01,True,db979bdfe0bbba29ecd3df3f6c50bea2,PR,South,1.0,53.44,18.47,1.0,1.0,71.91,1.0,1.0,boleto,5.0,False,71.91
9faeb9b2746b9d7526aef5acb08e2aa0,79183cd650e2bb0d475b0067d45946ac,delivered,2018-07-26 14:39:59,2018-07-26 14:55:10,2018-07-27 12:04:00,2018-07-31 22:26:55,2018-08-16,True,True,False,False,False,False,True,5.324259259259259,20.38890046296296,0.0,0.0,2018-07-01,True,c77154776ead8e798c2d684205938f71,RS,South,2.0,120.0,31.04,1.0,1.0,151.04,1.0,2.0,credit_card,1.0,True,151.04
641fb0752bf5b5940c376b3a8bb9dc52,f5afca14dfa9dc64251cf2b45c54c363,delivered,2017-12-15 00:06:10,2017-12-15 00:14:55,2017-12-19 01:58:00,2018-01-03 15:09:32,2018-01-16,True,True,False,False,False,False,True,19.62733796296296,31.99571759259259,0.0,0.0,2017-12-01,True,38cad70d154a4dcc42b598d5c01f7ef1,RJ,Southeast,1.0,369.0,17.33,1.0,1.0,386.33,1.0,10.0,credit_card,4.0,True,386.33
e425680f760cbc130be3e53a9773c584,f178c1827f67a8467b0385b7378d951a,delivered,2017-08-31 08:15:24,2017-08-31 08:30:17,2017-08-31 20:06:14,2017-09-04 20:59:55,2017-09-20,True,True,False,False,False,False,True,4.530914351851852,19.65597222222222,0.0,0.0,2017-08-01,True,9d9ab3b77f0416765b3fbedf94a942a4,SP,Southeast,1.0,38.4,11.85,1.0,1.0,50.25,1.0,1.0,credit_card,5.0,True,50.25
40c5e18f7d112b59b3e5113a59a905b3,67407057a7d5ee17d1cd09523f484d13,delivered,2018-06-11 10:25:52,2018-06-11 10:58:32,2018-06-14 13:03:00,2018-06-19 00:31:13,2018-07-16,True,True,False,False,False,False,True,7.587048611111111,34.56537037037037,0.0,0.0,2018-06-01,True,7cfba6e55439cae3fd2479d62fafe67f,RJ,Southeast,1.0,119.9,8.78,1.0,1.0,128.68,1.0,3.0,credit_card,5.0,True,128.68
734e7d1bbaeb2ff82521ca0fe6fb6f79,2932d241d1f31e6df6c701d52370ae02,delivered,2018-06-11 08:18:19,2018-06-11 08:31:50,2018-06-11 14:54:00,2018-06-14 21:32:21,2018-07-05,True,True,False,False,False,False,True,3.551412037037037,23.65394675925926,0.0,0.0,2018-06-01,True,f7603d34c795584792a484186233e6e5,SP,Southeast,1.0,29.99,13.47,1.0,1.0,43.46,1.0,1.0,credit_card,5.0,False,43.46
66e4624ae69e7dc89bd50222b59f581f,684fa6da5134b9e4dab731e00011712d,delivered,2018-03-09 14:50:15,2018-03-09 15:40:39,2018-03-15 00:31:19,2018-04-03 13:28:46,2018-04-02,True,True,False,False,False,False,True,24.943414351851853,23.381770833333334,1.0,1.5616435185185185,2018-03-01,True,ddf60e20e6e262e2136801ce5cd628b0,SE,Northeast,2.0,45.98,45.7,1.0,1.0,91.68,1.0,9.0,credit_card,1.0,True,91.68
a685d016c8a26f71a0bb67821070e398,911e4c37f5cafe1604fe6767034bf1ae,delivered,2017-03-13 18:14:36,2017-03-13 18:14:36,2017-03-22 14:03:09,2017-04-06 13:37:16,2017-03-30,True,True,False,False,False,False,True,23.807407407407407,16.23986111111111,1.0,7.567546296296296,2017-03-01,True,51838d41add414a0b1b989b7d251d9ee,SP,Southeast,1.0,84.9,14.36,1.0,1.0,99.26,1.0,1.0,boleto,1.0,True,99.26
2edfd6d1f0b4cd0db4bf37b1b224d855,241e78de29b3090cfa1b5d73a8130c72,delivered,2017-06-13 21:11:26,2017-06-15 03:05:45,2017-06-16 14:55:37,2017-06-19 18:51:28,2017-07-06,True,True,False,False,False,False,True,5.902800925925926,22.117060185185185,0.0,0.0,2017-06-01,True,c63e44efa43f3947087aee96b388d949,SP,Southeast,1.0,113.0,28.15,1.0,1.0,141.15,1.0,1.0,boleto,5.0,False,141.15
68873cf91053cd11e6b49a766db5af1a,4632eb5a8f175f6fe020520ae0c678f3,delivered,2017-11-30 22:02:15,2017-12-02 02:51:18,2017-12-04 22:07:01,2017-12-05 20:28:40,2017-12-18,True,True,False,False,False,False,True,4.935011574074074,17.081770833333334,0.0,0.0,2017-11-01,True,6da92ae920ab16fc4eceb8fcd7bd43ce,SP,Southeast,1.0,79.9,11.76,1.0,1.0,91.66,1.0,1.0,boleto,4.0,False,91.66000000000001
f346ad4ee8f630e5e4ddaf862a34e6dd,dd5095632e3953fc0947b8ab5176b0be,delivered,2018-08-05 13:09:48,2018-08-05 13:24:34,2018-08-06 13:41:00,2018-08-10 18:35:40,2018-08-15,True,True,False,False,False,False,True,5.226296296296296,9.451527777777779,0.0,0.0,2018-08-01,True,da45a9a1df408c39f013b9b0b505042c,DF,Central-West,1.0,39.9,13.76,1.0,1.0,53.66,1.0,1.0,credit_card,5.0,False,53.66
8f06cc6465925031568537b815f1198d,9916715c2ab6ee1710c9c32f0a534ad2,delivered,2017-11-15 11:31:41,2017-11-15 11:46:42,2017-11-16 22:03:00,2017-11-22 22:41:07,2017-12-05,True,True,False,False,False,False,True,7.464884259259259,19.51966435185185,0.0,0.0,2017-11-01,True,bf0303939d54b8df5da4762bbaab1955,RJ,Southeast,1.0,299.0,18.34,1.0,1.0,317.34,1.0,9.0,credit_card,5.0,False,317.34
ccbabeb0b02433bd0fcbac46e70339f2,c77ee2d8ba1614a4d489a44166894938,delivered,2018-02-19 20:31:09,2018-02-21 06:15:25,2018-02-22 21:04:23,2018-03-09 22:22:25,2018-03-13,True,True,False,False,False,False,True,18.07726851851852,21.14503472222222,0.0,0.0,2018-02-01,True,9c9cef121cb812cb301babddc2d8331e,MG,Southeast,1.0,27.9,15.1,1.0,1.0,43.0,1.0,1.0,boleto,4.0,False,43.0
688052146432ef8253587b930b01a06d,81e08b08e5ed4472008030d70327c71f,delivered,2018-04-22 08:48:13,2018-04-24 18:25:22,2018-04-23 19:19:14,2018-04-24 19:31:58,2018-05-15,True,True,False,False,False,False,True,2.447048611111111,22.63318287037037,0.0,0.0,2018-04-01,True,0e764fc1a13e47e900c3d59a989753e8,MG,Southeast,2.0,318.0,28.09,2.0,2.0,346.09,1.0,3.0,credit_card,4.0,True,346.09
f271576bed568e896f99eb710cd3a6f8,5dda11942d4f77bee3a46d71e442aec4,delivered,2018-01-07 21:44:54,2018-01-07 21:51:28,2018-01-10 21:56:09,2018-01-17 20:26:31,2018-02-14,True,True,False,False,False,False,True,9.94556712962963,37.09381944444444,0.0,0.0,2018-01-01,True,6a0e43f0d7e1b5539e4c58a26ebe35da,BA,Northeast,2.0,659.8,164.96,1.0,1.0,824.76,1.0,4.0,credit_card,3.0,True,824.76
686541986ecfb7d9296eb67719973bf0,74805bc388861fa350ed2fade8444e0b,delivered,2018-02-10 13:26:59,2018-02-10 13:35:31,2018-02-14 20:47:38,2018-02-20 22:13:08,2018-03-12,True,True,False,False,False,False,True,10.365381944444444,29.439594907407407,0.0,0.0,2018-02-01,True,5d710d9a48ebb7fe5ffc2940ff29f346,MG,Southeast,1.0,24.89,15.1,1.0,1.0,39.99,1.0,1.0,credit_card,4.0,True,39.99
68e48e68da1f50f7c5838ea75e3a20dd,4afc1dcca5fe8926fc97d60a4497f8ab,delivered,2018-06-18 16:02:23,2018-06-18 17:00:57,2018-06-19 15:55:00,2018-06-22 21:18:51,2018-07-13,True,True,False,False,False,False,True,4.219768518518518,24.33167824074074,0.0,0.0,2018-06-01,True,a464f750556546a0989d9326ec003ccf,SP,Southeast,4.0,339.6,53.0,1.0,1.0,392.6,1.0,3.0,credit_card,5.0,False,392.6
b52cc4919de82b4d696a4380d10804a3,be8c14c16a4d47194ccdfe10f1fc5b1a,delivered,2018-06-13 13:47:39,2018-06-15 02:37:29,2018-06-15 14:22:00,2018-06-18 22:32:44,2018-06-26,True,True,False,False,False,False,True,5.3646412037037035,12.425243055555555,0.0,0.0,2018-06-01,True,c86a25b8f5f6c203bb3471553bdc3200,SP,Southeast,1.0,42.99,12.03,1.0,1.0,55.02,1.0,1.0,boleto,5.0,False,55.02
fdf128b3630c21adc9ca4fb8a51b68ec,a9d37ddc8ba4d9f6dbac7d8ec378cc95,delivered,2018-07-15 08:33:19,2018-07-16 14:31:10,2018-07-17 15:33:00,2018-07-24 16:41:18,2018-08-02,True,True,False,False,False,False,True,9.338877314814814,17.64353009259259,0.0,0.0,2018-07-01,True,3c0402bcc3ec3b33fc4430eb6c08720a,SC,South,1.0,27.9,18.3,1.0,1.0,46.2,1.0,1.0,debit_card,3.0,True,46.2
a6aeb116d2cb5013eb8a94585b71ffef,bb2f5e670f7155dc622c57e4b31d0a69,delivered,2017-09-13 14:27:11,2017-09-13 14:44:39,2017-09-15 18:42:29,2017-09-16 15:40:08,2017-09-25,True,True,False,False,False,False,True,3.050659722222222,11.397789351851852,0.0,0.0,2017-09-01,True,31b8fa2573bde01af4737e8ed29c348b,SP,Southeast,1.0,50.0,9.34,1.0,1.0,59.34,1.0,1.0,credit_card,5.0,False,59.34
fa516182d28f96f5f5c651026b0749ee,55e6b290205c84ddd23ddf5eb134efd4,delivered,2018-04-13 08:44:17,2018-04-13 13:30:02,2018-04-13 22:19:21,2018-04-19 20:41:45,2018-05-08,True,True,False,False,False,False,True,6.498240740740741,24.635914351851852,0.0,0.0,2018-04-01,True,7f2eb9cf900070f2e7a7f0e95719f85b,SP,Southeast,1.0,190.0,19.41,1.0,1.0,209.41,1.0,1.0,credit_card,5.0,False,209.41
6abaad69b8b349c3a529b4b91ce18e46,f5618502bee8eafdee72fb6955e2ebdf,delivered,2018-02-15 10:33:30,2018-02-15 10:47:59,2018-02-20 14:15:09,2018-02-24 19:15:56,2018-03-07,True,True,False,False,False,False,True,9.362800925925926,19.560069444444444,0.0,0.0,2018-02-01,True,fa0ee7ceb94193fb02aa78ce3a55695a,SP,Southeast,1.0,42.9,14.1,1.0,1.0,57.0,1.0,4.0,credit_card,4.0,True,57.0
974c1993ab8024d3ed16229183c2308d,a90391a47de936d56c66a5366cba1462,delivered,2017-02-20 11:45:39,2017-02-22 03:10:20,2017-02-23 06:47:35,2017-03-09 14:27:58,2017-03-21,True,True,False,False,False,False,True,17.112719907407406,28.509965277777777,0.0,0.0,2017-02-01,True,32de2a7a93dbfc527b3f584744b9c6ce,MG,Southeast,1.0,69.9,14.66,1.0,1.0,84.56,1.0,1.0,boleto,5.0,True,84.56
82bce245b1c9148f8d19a55b9ff70644,388025bec8128ff20ec1a316ed4dcf02,delivered,2017-04-20 17:15:46,2017-04-21 05:15:56,2017-04-24 09:34:13,2017-05-10 09:17:55,2017-05-12,True,True,False,False,False,False,True,19.66815972222222,21.28071759259259,0.0,0.0,2017-04-01,True,f9effeed3df9ae063a58c0759b96f8b2,PR,South,5.0,190.0,77.8,1.0,1.0,267.8,1.0,1.0,boleto,1.0,False,267.8
a910f58086d58b3ae6f37aa712d377b9,afb19a4b667cb708caab312757ec3d3f,delivered,2017-09-15 09:19:48,2017-09-15 09:35:18,2017-09-18 18:20:00,2017-09-25 20:14:48,2017-10-11,True,True,False,False,False,False,True,10.45486111111111,25.61125,0.0,0.0,2017-09-01,True,a7e7b19ff34ab885f7b7331de2417cf3,MT,Central-West,2.0,113.98,31.68,1.0,1.0,145.66,1.0,5.0,credit_card,5.0,False,145.66
bd4bd0194d6d29f83b8557d4b89b572a,636e15840ab051faa13d3f781b6e4233,delivered,2018-07-28 16:52:55,2018-07-31 03:50:24,2018-08-01 16:01:00,2018-08-06 18:44:46,2018-08-08,True,True,False,False,False,False,True,9.077673611111111,10.296585648148149,0.0,0.0,2018-07-01,True,65e5aaf9f721945f29cdba45c206cb83,SP,Southeast,1.0,24.99,12.84,1.0,1.0,37.83,1.0,1.0,boleto,5.0,False,37.83
634e8f4c0f6744a626f77f39770ac6aa,05e996469a2bf9559c7122b87e156724,delivered,2017-08-09 18:32:47,2017-08-09 18:45:18,2017-08-10 20:21:53,2017-08-16 18:17:54,2017-08-31,True,True,False,False,False,False,True,6.989664351851852,21.227233796296296,0.0,0.0,2017-08-01,True,5229b8e4d7d2b9b676c2083c17b1ecd0,RS,South,1.0,219.0,15.28,1.0,1.0,234.28,2.0,1.0,voucher,1.0,True,234.28
6d25592267349b322799e2beb687871e,5bb39c890c91b1d26801aa19a9336eac,delivered,2018-08-26 22:04:34,2018-08-28 04:10:18,2018-08-28 12:56:00,2018-08-29 12:40:53,2018-08-30,True,True,False,False,False,False,True,2.608553240740741,3.080162037037037,0.0,0.0,2018-08-01,True,a71cac9f356cfeb9db35061020806212,SP,Southeast,2.0,186.0,15.82,1.0,1.0,201.82,1.0,1.0,boleto,4.0,False,201.82
b8801cccd8068de30112e4f49903d74a,f26a435864aebedff7f7c84f82ee229f,delivered,2017-07-30 03:06:35,2017-07-30 03:25:08,2017-07-31 16:42:54,2017-08-01 14:27:31,2017-08-16,True,True,False,False,False,False,True,2.4728703703703703,16.87042824074074,0.0,0.0,2017-07-01,True,bb4d84a2b45b22ed710ac8c0dec63d1a,SP,Southeast,1.0,19.99,7.78,1.0,1.0,27.77,1.0,2.0,credit_card,3.0,True,27.77
2711a938db643b3f0b62ee2c8a2784aa,29cb486c739f9774c8eb542e07b56cd2,delivered,2017-12-22 00:17:37,2017-12-23 02:15:31,2017-12-27 19:54:46,2018-01-09 19:52:32,2018-01-19,True,True,False,False,False,False,True,18.815914351851852,27.987766203703703,0.0,0.0,2017-12-01,True,2ae3c67452283d5a0d30b32e0d33296e,DF,Central-West,1.0,45.0,14.1,1.0,1.0,59.1,1.0,1.0,boleto,5.0,False,59.1
3bc77ce8be27211bac313c2daa402d1a,bf141bf67fbe428d558bcf0e018eab60,delivered,2017-04-06 22:39:29,2017-04-06 22:50:24,2017-04-07 14:54:18,2017-04-11 12:31:36,2017-04-27,True,True,False,False,False,False,True,4.577858796296296,20.05591435185185,0.0,0.0,2017-04-01,True,c756e1910755edd88c00ac3f46baba4b,MG,Southeast,1.0,58.2,8.78,1.0,1.0,66.98,1.0,1.0,credit_card,5.0,False,66.98
10c320f977c6a18f91b2d14be13128c6,b673f0597cb0c4d12778f731045f361a,delivered,2017-05-09 20:48:59,2017-05-09 21:02:45,2017-05-10 11:22:15,2017-05-18 13:22:35,2017-06-01,True,True,False,False,False,False,True,8.69,22.132650462962964,0.0,0.0,2017-05-01,True,04e495a3f45df8b41be2e934bbc16961,RS,South,1.0,110.99,21.27,1.0,1.0,132.26,1.0,3.0,credit_card,3.0,False,132.26
0a4a2fccb27bd83a892fa503987a595b,6772a0a230a2667d16c3620f000e1348,delivered,2017-04-20 20:42:44,2017-04-20 20:55:09,2017-04-25 08:23:08,2017-05-11 13:07:46,2017-05-25,True,True,False,False,False,False,True,20.684050925925927,34.13699074074074,0.0,0.0,2017-04-01,True,c7a9a76a4b24a7e7b2caff982409b7ee,PB,Northeast,1.0,38.5,24.84,1.0,1.0,63.34,1.0,5.0,credit_card,4.0,False,63.34
e4de6d53ecff736bc68804b0b6e9f635,9f6618c17568ac301465fe7ad056c674,delivered,2017-10-16 14:56:50,2017-10-17 03:49:34,2017-10-27 22:14:21,2017-11-08 21:25:24,2017-11-21,True,True,False,False,False,False,True,23.269837962962963,35.37719907407408,0.0,0.0,2017-10-01,True,e3bcfea9bab07b492391664fc1ffc28a,BA,Northeast,1.0,179.99,51.13,1.0,1.0,231.12,1.0,1.0,boleto,2.0,False,231.12
6b860b35691d486e45dc98e3514ec5f6,fee181bf648906d1c57f84f216976286,delivered,2017-12-08 09:42:43,2017-12-09 02:49:54,2017-12-11 15:19:04,2017-12-19 18:43:35,2018-01-03,True,True,False,False,False,False,True,11.375601851851853,25.595335648148147,0.0,0.0,2017-12-01,True,4754e3b66497719a91b36268ed9c5718,SP,Southeast,1.0,544.0,30.36,1.0,1.0,574.36,1.0,1.0,boleto,5.0,False,574.36
ec341c54a5ebf8ee0a67a8632aa7579b,df9b032b2ad0fd6bf37dfb48e5f83845,delivered,2017-08-26 16:53:30,2017-08-27 17:04:12,2017-08-30 13:26:32,2017-09-08 20:39:56,2017-09-21,True,True,False,False,False,False,True,13.15724537037037,25.296180555555555,0.0,0.0,2017-08-01,True,410979f3cfd34e467d4fad78bd0f0219,SC,South,1.0,14.82,15.1,1.0,1.0,29.92,1.0,2.0,credit_card,5.0,False,29.92
cadbb3657dac2dbbd5b84b12e7b78aad,93ada7a24817edda9f4ab998fa823d16,delivered,2018-02-27 12:55:42,2018-03-01 02:48:54,2018-03-03 02:27:03,2018-03-16 14:59:01,2018-03-29,True,True,False,False,False,False,True,17.085636574074073,29.461319444444445,0.0,0.0,2018-02-01,True,cd148470c375939669971e8a032b16b4,SP,Southeast,1.0,394.9,14.89,1.0,1.0,409.79,1.0,1.0,boleto,4.0,False,409.78999999999996
9defaf92cff22420e4e8ef7784815a55,64fb950e760ec8b0db79154a1fa9c1bf,delivered,2018-05-11 13:10:51,2018-05-11 13:36:50,2018-05-16 14:43:00,2018-05-21 16:09:55,2018-06-05,True,True,False,False,False,False,True,10.124351851851852,24.45079861111111,0.0,0.0,2018-05-01,True,b11b7871c2b8be2d11fab954f58542f2,SP,Southeast,1.0,49.9,12.79,1.0,1.0,62.69,1.0,6.0,credit_card,5.0,False,62.69
20e0101b20700188cadb288126949685,48558a50a7ba1aab61891936d2ca7681,delivered,2018-01-22 19:22:22,2018-01-22 19:36:35,2018-01-24 23:32:21,2018-02-15 20:08:15,2018-02-19,True,True,False,False,False,False,True,24.031863425925927,27.192800925925926,0.0,0.0,2018-01-01,True,42f80af2e6c585667e4eb416859ae153,MG,Southeast,1.0,89.18,16.38,1.0,1.0,105.56,1.0,5.0,credit_card,5.0,False,105.56
0e782c3705510e717d28907746cbda82,3a897024068ed42a183de61d5727d866,delivered,2018-05-01 08:12:37,2018-05-01 08:52:58,2018-05-02 19:01:00,2018-05-04 14:02:26,2018-05-16,True,True,False,False,False,False,True,3.2429282407407407,14.657905092592593,0.0,0.0,2018-05-01,True,adeefbe14d26d3bf90facfeaae35d605,SP,Southeast,1.0,29.99,7.39,1.0,1.0,37.38,1.0,1.0,credit_card,4.0,True,37.379999999999995
d3d6788577c9592da441752e8a1dd5e3,8628fac2267e8c8804525da99c10ed0e,delivered,2017-09-19 22:17:15,2017-09-20 07:55:14,2017-09-22 17:23:09,2017-10-10 18:43:53,2017-10-13,True,True,False,False,False,False,True,20.851828703703703,23.071354166666666,0.0,0.0,2017-09-01,True,7973a6ba9c81ecaeb3d628c33c7c7c48,PR,South,1.0,58.99,17.66,1.0,1.0,76.65,1.0,7.0,credit_card,5.0,False,76.65
86f21bf63784876b9fd6d35f46581d72,332df68ccac2f2f7d9e11299188f8bce,delivered,2018-04-11 22:32:31,2018-04-11 22:49:32,2018-04-14 00:02:39,2018-04-27 23:14:42,2018-05-21,True,True,False,False,False,False,True,16.02929398148148,39.06075231481481,0.0,0.0,2018-04-01,True,bb7ef994cc22b1fc694ac59fb377b824,MG,Southeast,1.0,98.44,22.4,1.0,1.0,120.84,1.0,4.0,credit_card,1.0,True,120.84
8447ff843b2616c50c0ced28ab1dae03,e28dd4261bed9c7ba89ecaf411b88f7c,delivered,2017-12-20 23:45:07,2017-12-22 02:37:45,2017-12-23 13:10:45,2018-01-09 18:14:02,2018-01-22,True,True,False,False,False,False,True,19.770081018518518,32.01033564814815,0.0,0.0,2017-12-01,True,b6aa1d5781553afaa244c3e42246d93c,SC,South,1.0,219.9,18.79,1.0,1.0,238.69,1.0,1.0,boleto,4.0,False,238.69
f169bd689fb8b32ccd62df9050aebc0b,82f0b75bb50fcb30711e5277e36b3983,delivered,2018-04-22 23:23:18,2018-04-24 19:24:14,2018-04-27 13:46:00,2018-04-30 17:57:25,2018-05-07,True,True,False,False,False,False,True,7.773692129629629,14.02548611111111,0.0,0.0,2018-04-01,True,4a8c8f751984985cd49f74249da95aae,SP,Southeast,1.0,759.0,13.08,1.0,1.0,772.08,1.0,8.0,credit_card,5.0,True,772.08
77e9941864fc840be8e4b1ba5347c0f7,3135962ee745ef39b85576df7ddbaa99,delivered,2018-08-03 08:59:39,2018-08-03 09:31:36,2018-08-03 10:10:00,2018-08-17 00:49:41,2018-08-27,True,True,False,False,False,False,True,13.65974537037037,23.625243055555554,0.0,0.0,2018-08-01,True,00b2ca23369b68c4d4105ecea9c0cb93,CE,Northeast,1.0,65.9,37.37,1.0,1.0,103.27,1.0,1.0,credit_card,5.0,False,103.27000000000001
41bb5cee06dbf170878a9ef93ac7e7f5,1833a0540067becaf59368fe4cd4303a,delivered,2018-05-14 08:35:33,2018-05-14 08:52:24,2018-05-16 14:46:00,2018-05-18 14:48:38,2018-06-08,True,True,False,False,False,False,True,4.259085648148148,24.641979166666665,0.0,0.0,2018-05-01,True,ca73adc05ad5d0d880de79b5ea3253b3,SP,Southeast,1.0,10.9,12.79,1.0,1.0,23.69,1.0,2.0,credit_card,5.0,True,23.689999999999998
6a0a8bfbbe700284feb0845d95e0867f,68451b39b1314302c08c65a29f1140fc,delivered,2017-11-22 11:32:22,2017-11-22 11:46:50,2017-11-27 13:39:35,2017-12-28 19:43:00,2017-12-11,True,True,False,False,False,False,True,36.34071759259259,18.519189814814816,1.0,17.821527777777778,2017-11-01,True,781ae350edb16842380e81d7c7feb431,RJ,Southeast,1.0,83.9,17.84,1.0,1.0,101.74,1.0,5.0,credit_card,1.0,False,101.74000000000001
f7959f8385f34c4f645327465a1c9fc4,0bf19317b1830a69e55b40710576aa7a,delivered,2017-03-30 07:50:33,2017-03-30 08:05:08,2017-03-30 10:55:54,2017-04-10 02:59:52,2017-04-26,True,True,False,False,False,False,True,10.798136574074075,26.673229166666665,0.0,0.0,2017-03-01,True,5ddb4fdd9cef2450d17ae20639815885,SP,Southeast,1.0,17.9,10.96,1.0,1.0,28.86,2.0,1.0,voucher,5.0,False,28.86
23f553848a03aaab35bb3f9f87725125,c622b892a190735ef81c0087973fa16d,delivered,2018-06-05 09:10:34,2018-06-05 09:32:22,2018-06-06 15:37:00,2018-06-18 12:36:54,2018-07-23,True,True,False,False,False,False,True,13.143287037037037,47.617662037037036,0.0,0.0,2018-06-01,True,439ced9aafa171a1ac88efa951c7db0a,PR,South,1.0,99.2,18.57,1.0,1.0,117.77,1.0,2.0,credit_card,5.0,False,117.77000000000001
e3447938231fb6ba2fee0231b51eca59,2c3642e1392097fb4af76a76fec16a46,delivered,2018-08-26 11:04:26,2018-08-26 11:15:29,2018-08-27 15:52:00,2018-08-28 21:06:31,2018-08-30,True,True,False,False,False,False,True,2.418113425925926,3.538587962962963,0.0,0.0,2018-08-01,True,08de4d9507128e2ad419e26cc4f22b65,SP,Southeast,1.0,160.0,12.14,1.0,1.0,172.14,1.0,2.0,credit_card,5.0,True,172.14
e346cd9299371b18c0b28e8e29a5e376,fb9590a1e30e0ba8304ea73a31325797,delivered,2017-05-17 08:36:11,2017-05-17 08:45:09,2017-05-17 10:13:52,2017-05-23 13:32:30,2017-06-06,True,True,False,False,False,False,True,6.205775462962963,19.64153935185185,0.0,0.0,2017-05-01,True,4f262a3ca91e56d568fd13240c3c3652,SP,Southeast,1.0,29.9,12.69,1.0,1.0,42.59,1.0,3.0,credit_card,5.0,False,42.589999999999996
a5474c0071dd5d1074e12d417078bbd0,ef15b3240b2083e0487762ee2978d2b8,delivered,2018-07-30 22:41:44,2018-08-01 02:50:15,2018-08-02 10:35:00,2018-08-03 19:28:47,2018-08-02,True,True,False,False,False,False,True,3.8660069444444445,2.0543518518518518,1.0,1.8116550925925925,2018-07-01,True,0c8761c28faa9b9930e4a9bb545905da,SP,Southeast,1.0,13.99,7.39,1.0,1.0,21.38,1.0,1.0,boleto,5.0,True,21.38
0760a852e4e9d89eb77bf631eaaf1c84,d2a79636084590b7465af8ab374a8cf5,invoiced,2018-08-03 17:44:42,2018-08-07 06:15:14,,,2018-08-21,True,True,False,False,False,False,False,,17.260625,,,2018-08-01,True,c7f8d7b1fffc946d7069574f74c39f4e,SC,South,1.0,35.0,15.35,1.0,1.0,50.35,1.0,1.0,boleto,3.0,True,50.35
bb7c5cf4dff9994daeab7c8ee9d287aa,9a4900710ff76d73cb3a0d152e73adf0,delivered,2018-03-01 22:14:26,2018-03-02 22:08:51,2018-03-05 17:32:31,2018-03-09 14:48:21,2018-03-26,True,True,False,False,False,False,True,7.690219907407408,24.073310185185186,0.0,0.0,2018-03-01,True,97f104e8e54ef4147d17fc1536a1482c,RS,South,1.0,535.9,18.5,1.0,1.0,554.4,1.0,8.0,credit_card,4.0,False,554.4
66d03fb3c4b0f80b5db04ef9c260336d,c39bde0d4030d5e31e654f0c20db9786,delivered,2018-02-06 21:09:10,2018-02-06 21:29:40,2018-02-07 17:13:05,2018-02-16 20:24:42,2018-03-07,True,True,False,False,False,False,True,9.969120370370371,28.11863425925926,0.0,0.0,2018-02-01,True,8e4404700874036dbb2c606039875e1a,SP,Southeast,1.0,69.9,26.11,1.0,1.0,96.01,1.0,1.0,credit_card,4.0,False,96.01
a6cd683d4bd3b9b1f0aa37b27f8116d3,48f239e15744ed5e7ffbafc6bb6e882b,delivered,2017-01-28 23:45:53,2017-01-29 01:31:48,2017-02-01 14:25:06,2017-02-10 17:30:19,2017-03-10,True,True,False,False,False,False,True,12.739189814814814,40.00980324074074,0.0,0.0,2017-01-01,True,169381f51e4c3e926ef199364aeced22,BA,Northeast,1.0,589.9,20.0,1.0,1.0,609.9,1.0,6.0,credit_card,4.0,False,609.9
bfe42c22ecbf90bc9f35cf591270b6a7,803ac05904124294f8767894d6da532b,delivered,2018-01-27 22:04:34,2018-01-27 22:16:18,2018-02-03 03:56:00,2018-02-09 20:16:40,2018-02-26,True,True,False,False,False,False,True,12.925069444444444,29.080162037037038,0.0,0.0,2018-01-01,True,34c58672601f2c6d29db7efd1f6bf958,MG,Southeast,1.0,27.3,15.1,1.0,1.0,42.4,1.0,1.0,credit_card,5.0,False,42.4
e1da8361c76cab67aa3588a1fbf1af54,dd854e24b40e3bc2b306946dee252015,delivered,2017-07-01 15:42:32,2017-07-04 04:10:19,2017-07-04 14:52:46,2017-07-12 20:17:57,2017-07-25,True,True,False,False,False,False,True,11.191261574074074,23.345462962962962,0.0,0.0,2017-07-01,True,a8ee33e35637322a81a8c26592f6ce36,MG,Southeast,1.0,235.99,17.41,1.0,1.0,253.4,1.0,1.0,boleto,2.0,False,253.4
af5b0604e113e1526593d505a26ef39d,b896b244963dc7543d400ad82d6710e0,delivered,2017-09-27 12:07:22,2017-09-27 12:26:02,2017-09-29 22:25:42,2017-09-30 17:13:01,2017-10-16,True,True,False,False,False,False,True,3.2122569444444444,18.49488425925926,0.0,0.0,2017-09-01,True,3d8614b1f25530eca12661dc8b10a2fb,SP,Southeast,1.0,19.9,8.72,1.0,1.0,28.62,1.0,1.0,voucher,1.0,True,28.619999999999997
9d531c565e28c3e0d756192f84d8731f,d4faa220408c20e53595d2950f361f3b,delivered,2017-11-28 21:00:44,2017-12-01 09:31:15,2017-12-14 20:37:43,2018-01-23 21:38:52,2017-12-22,True,True,False,False,False,False,True,56.02648148148148,23.12449074074074,1.0,32.90199074074074,2017-11-01,True,efc37ae565ee0943cca2b89fc65c4d6f,RJ,Southeast,1.0,25.99,14.1,1.0,1.0,40.09,1.0,4.0,credit_card,1.0,True,40.089999999999996
4da3bd761ca73d692ae0f5c252495546,65ee4aa816cda8ad41e05c75e1cb691e,delivered,2018-02-01 12:31:21,2018-02-01 12:54:33,2018-02-02 00:39:31,2018-02-02 16:12:53,2018-02-19,True,True,False,False,False,False,True,1.1538425925925926,17.478229166666665,0.0,0.0,2018-02-01,True,e3c0567a8b991a9d812ee91f2650db40,RJ,Southeast,1.0,18.5,7.94,1.0,1.0,26.44,1.0,1.0,credit_card,5.0,False,26.44
80d817467dc3d0a4bb5ab8986c962b1f,a4a2abd07b1cdd4902cf245cdfa1451d,delivered,2018-08-22 16:10:29,2018-08-22 16:25:19,2018-08-23 14:33:00,2018-08-28 14:52:43,2018-09-05,True,True,False,False,False,False,True,5.945995370370371,13.326053240740741,0.0,0.0,2018-08-01,True,337bf0efbf9e5ba67461d2e5b4e5c2b1,DF,Central-West,2.0,99.8,33.08,1.0,1.0,132.88,1.0,1.0,credit_card,5.0,True,132.88
c75acba615d2db29345327974641467d,2b47ff70d422cc3ada976dea40f48782,delivered,2018-07-06 23:36:15,2018-07-07 10:10:09,2018-07-10 14:25:00,2018-07-13 17:18:42,2018-08-10,True,True,False,False,False,False,True,6.7378125,34.01649305555556,0.0,0.0,2018-07-01,True,8279be4e9b2fbb615ace365178b785a0,RJ,Southeast,1.0,84.99,26.9,1.0,1.0,111.89,1.0,3.0,credit_card,5.0,True,111.88999999999999
210e60465099814a1d2c7635e4065153,fc849c5fbc7e2b0c7cfebc138886c693,delivered,2018-05-09 18:27:00,2018-05-09 18:54:13,2018-05-10 16:07:00,2018-05-22 00:08:26,2018-05-29,True,True,False,False,False,False,True,12.237106481481481,19.23125,0.0,0.0,2018-05-01,True,5bbc03d010ac4dbcfdfa2018349c8f6e,RJ,Southeast,1.0,199.0,32.79,1.0,1.0,231.79,1.0,8.0,credit_card,4.0,True,231.79
8fc207e94fa91a7649c5a5dab690272a,c69f8b33e62ecb30ff78ae46d7fb9241,delivered,2017-11-26 17:49:46,2017-11-26 17:58:34,2017-11-28 23:17:09,2018-01-20 13:42:22,2017-12-19,True,True,False,False,False,False,True,54.82819444444444,22.257106481481483,1.0,32.57108796296296,2017-11-01,True,7d185d821a11c769636247766f1fd45e,RJ,Southeast,1.0,109.9,25.61,1.0,1.0,135.51,1.0,5.0,credit_card,3.0,True,135.51
4b3a605942f29d490cb74bd6ace6b9f0,e8a332c3433fbd37920ec89fc295d075,delivered,2017-09-29 09:32:17,2017-09-29 09:44:12,2017-09-29 21:58:48,2017-09-30 16:55:39,2017-10-17,True,True,False,False,False,False,True,1.3078935185185185,17.602581018518517,0.0,0.0,2017-09-01,True,0a5df23b922b9998bb7378f1ac03c98a,RS,South,1.0,29.99,8.11,1.0,1.0,38.1,1.0,1.0,credit_card,5.0,False,38.099999999999994
1c35ac660d7ef6691b25d20df3d6eccb,68c85132eb3b96fbe6cbddc09a568d24,delivered,2017-06-27 23:11:57,2017-06-27 23:35:09,2017-06-28 14:28:00,2017-06-29 10:16:35,2017-07-10,True,True,False,False,False,False,True,1.4615509259259258,12.033368055555556,0.0,0.0,2017-06-01,True,2df79c0c80c225d537833abb01a1a8ca,SP,Southeast,1.0,59.9,14.13,1.0,1.0,74.03,1.0,7.0,credit_card,5.0,False,74.03
01a75ac3dd000b7628a684be97c29234,57ee2ef64f17a5f9a4bf30489b06326c,delivered,2018-01-23 10:32:39,2018-01-23 10:59:10,2018-01-26 19:12:26,2018-02-07 14:59:03,2018-02-21,True,True,False,False,False,False,True,15.185,28.560659722222223,0.0,0.0,2018-01-01,True,91a7366b39d3620ce44f85fa5d116896,RJ,Southeast,1.0,42.9,15.1,1.0,1.0,58.0,1.0,5.0,credit_card,1.0,True,58.0
0c6b011f8a4f87010c23995f5807d152,a78b75a2ad06180de06b82857ca442b3,delivered,2018-08-20 18:24:30,2018-08-20 18:35:26,2018-08-21 11:53:00,2018-08-28 13:43:41,2018-09-13,True,True,False,False,False,False,True,7.804988425925926,23.23298611111111,0.0,0.0,2018-08-01,True,198fa73f9282fb46d9b5b5c25394b7e1,RN,Northeast,1.0,43.0,23.02,1.0,1.0,66.02,1.0,6.0,credit_card,5.0,True,66.02
ee0c5c649e17808bc4a363d3a80ebf85,cc3590e4afbb4b3e056b50a80a6a7d0c,delivered,2018-01-30 07:51:17,2018-01-30 08:13:43,2018-01-31 15:06:03,2018-02-20 15:25:04,2018-02-21,True,True,False,False,False,False,True,21.315127314814816,21.67271990740741,0.0,0.0,2018-01-01,True,2ed58d0567a2839599b85957ee02bca9,RJ,Southeast,2.0,25.0,28.2,1.0,1.0,53.2,1.0,1.0,voucher,4.0,True,53.2
f2fa3795760c35b8c05fa8e2f09d5143,fac60d7c4df3896a5af5db6c91e03797,delivered,2018-03-31 14:20:46,2018-04-03 05:10:21,2018-04-05 00:44:42,2018-04-07 00:06:33,2018-05-04,True,True,False,False,False,False,True,6.406793981481481,33.40224537037037,0.0,0.0,2018-03-01,True,c53e944da3d3ad66ccb7527165b78681,SP,Southeast,3.0,449.88,68.50999999999999,2.0,3.0,518.39,1.0,1.0,boleto,3.0,True,518.39
3923e3ade70348985bd2ca389905cf19,6454e6cba392b35aa21527063026fc92,delivered,2018-03-07 23:00:33,2018-03-09 03:00:35,2018-03-14 02:08:26,2018-03-19 18:46:32,2018-03-29,True,True,False,False,False,False,True,11.823599537037037,21.041284722222223,0.0,0.0,2018-03-01,True,3ed766ba830792bcc9ad889d2607eab7,SP,Southeast,1.0,59.9,18.25,1.0,1.0,78.15,1.0,1.0,boleto,4.0,True,78.15
e37797aedc7cd4ef82278fbc169eecaf,4c9c7c2b6de6ee2568681b5599bb7495,delivered,2018-05-08 22:12:34,2018-05-08 22:31:43,2018-05-10 13:35:00,2018-05-14 18:55:59,2018-05-23,True,True,False,False,False,False,True,5.863483796296296,14.074606481481482,0.0,0.0,2018-05-01,True,f9c75a729bd4f0b6c346b18ad9fbc1cb,SP,Southeast,1.0,69.99,14.58,1.0,1.0,84.57,1.0,3.0,credit_card,5.0,True,84.57
35660aec0cc42b6257e24281ee0e6255,b53cc3c992caaa45ec73cfdde4d839b5,delivered,2017-03-30 14:46:00,2017-03-30 14:55:17,2017-04-10 18:53:49,2017-04-27 11:08:55,2017-05-12,True,True,False,False,False,False,True,27.849247685185187,42.38472222222222,0.0,0.0,2017-03-01,True,e0b0f9beb31782e3174a67b875697ca0,PB,Northeast,1.0,129.6,25.4,1.0,1.0,155.0,1.0,3.0,credit_card,1.0,True,155.0
b01875821b8dcb6abc61776f0f971bce,818596f5b68adfe2c11498ebb6d39e02,delivered,2017-11-24 21:55:22,2017-11-25 01:31:43,2017-11-28 22:37:15,2017-12-01 21:11:40,2017-12-15,True,True,False,False,False,False,True,6.969652777777778,20.086550925925927,0.0,0.0,2017-11-01,True,8731e1c5aa27eced509f47d8012ff81e,RJ,Southeast,2.0,63.6,78.56,1.0,1.0,142.16,1.0,10.0,credit_card,4.0,True,142.16
5164933efe0cd14f31424b9badf81f19,d0e71d7a6dbca8ac513ac63d08a81fa0,delivered,2018-04-25 22:18:10,2018-04-25 22:31:56,2018-04-26 12:35:00,2018-04-27 16:50:03,2018-05-14,True,True,False,False,False,False,True,1.7721412037037036,18.070717592592594,0.0,0.0,2018-04-01,True,5fa1f56316f4154109ceb42651385b7c,SP,Southeast,1.0,129.9,12.0,1.0,1.0,141.9,1.0,1.0,credit_card,1.0,True,141.9
06a6627d9cc91a04e9d146bf65fee0a2,61449fa1b8b8998c9c3f3a7f0ae954ef,delivered,2017-07-16 10:27:45,2017-07-16 10:35:14,2017-07-18 12:34:04,2017-07-21 19:59:36,2017-08-04,True,True,False,False,False,False,True,5.397118055555556,18.5640625,0.0,0.0,2017-07-01,True,d2f122bc3109d7fb2385daec2d6ef7f7,SP,Southeast,1.0,99.9,13.72,1.0,1.0,113.62,1.0,1.0,credit_card,4.0,False,113.62
15bed8e2fec7fdbadb186b57c46c92f2,f3f0e613e0bdb9c7cee75504f0f90679,processing,2017-09-03 14:22:03,2017-09-03 14:30:09,,,2017-10-03,True,True,False,False,False,False,False,,29.401354166666668,,,2017-09-01,True,9f269af9c49244f6ba4a46985a3cfc2e,SP,Southeast,1.0,125.9,12.38,1.0,1.0,138.28,1.0,2.0,credit_card,5.0,False,138.28
5447160f15621601fa9ba2b94f4906b3,9c338ea8093192e203bc16add78c123c,delivered,2017-11-21 12:08:32,2017-11-21 12:40:55,2017-11-22 20:17:08,2017-11-28 20:33:38,2017-12-14,True,True,False,False,False,False,True,7.350763888888889,22.494074074074074,0.0,0.0,2017-11-01,True,5179541696b879141c1f0bb532f988c9,PR,South,1.0,146.0,15.77,1.0,1.0,161.77,1.0,1.0,credit_card,5.0,False,161.77
01855f880aae9a984c7c33b26fcf2e02,2e068340b3037f667ce3224bd59260af,delivered,2017-10-19 15:08:48,2017-10-19 15:35:35,2017-10-23 13:14:16,2017-10-24 15:57:46,2017-10-31,True,True,False,False,False,False,True,5.03400462962963,11.36888888888889,0.0,0.0,2017-10-01,True,48d4bf53229ec530405b4e461ae6adb0,SP,Southeast,2.0,78.98,16.54,1.0,1.0,95.52,1.0,2.0,credit_card,5.0,True,95.52000000000001
65312c6e4ce03c0fb633a4ac541949d8,228da462edabbbc68e6d265087499705,delivered,2018-07-22 15:19:05,2018-07-23 12:32:22,2018-07-25 10:06:00,2018-08-02 21:08:57,2018-08-13,True,True,False,False,False,False,True,11.242962962962963,21.361747685185186,0.0,0.0,2018-07-01,True,be5be2dbad1352c6b4966664a5bb4fe9,RJ,Southeast,1.0,54.99,13.6,1.0,1.0,68.59,1.0,1.0,credit_card,5.0,False,68.59
741fd1b80f015f170a7f458cf86769b8,df5c9e02596851fcbfc98804e4108bbd,delivered,2017-12-02 14:28:03,2017-12-02 14:38:30,2017-12-04 21:54:27,2017-12-11 16:17:04,2018-01-04,True,True,False,False,False,False,True,9.075706018518519,32.3971875,0.0,0.0,2017-12-01,True,377bdfb2197d3b83c9e3f9502deabcfb,MG,Southeast,1.0,89.99,16.39,1.0,1.0,106.38,1.0,1.0,credit_card,1.0,True,106.38
b16cec67cb3f5a4bb31abe8988b43d19,62ffae18a7ca4b2e681c6296180ae346,delivered,2018-03-26 09:14:26,2018-03-26 09:28:24,2018-03-27 17:21:48,2018-03-29 20:08:43,2018-04-20,True,True,False,False,False,False,True,3.454363425925926,24.614976851851853,0.0,0.0,2018-03-01,True,81cfe11d1b667c768e77b6a9db5fe9b3,RJ,Southeast,1.0,129.9,11.77,1.0,1.0,141.67,1.0,2.0,credit_card,5.0,False,141.67000000000002
e6190dea235662449d160357e46eaec8,b80feb27fb4955a21bca55fdb039af17,delivered,2018-01-09 06:37:43,2018-01-09 07:27:15,2018-01-09 18:35:02,2018-01-15 14:56:58,2018-02-06,True,True,False,False,False,False,True,6.346701388888889,27.723807870370372,0.0,0.0,2018-01-01,True,fe65c76fc3eb742328d1401c521c95b4,SP,Southeast,1.0,69.9,19.98,1.0,1.0,89.88,1.0,2.0,credit_card,5.0,False,89.88000000000001
8eeda294fab8a5ed70259afb59a10ff8,6feea03756fd7ef4fb37d8f7e44aaeb9,delivered,2018-02-06 18:25:39,2018-02-07 02:35:40,2018-02-07 22:15:04,2018-02-14 19:07:41,2018-03-08,True,True,False,False,False,False,True,8.029189814814815,29.2321875,0.0,0.0,2018-02-01,True,2ad3e60daba1700dc116ea525e842f28,PR,South,2.0,161.8,25.4,1.0,1.0,187.2,1.0,1.0,boleto,5.0,False,187.20000000000002
89165e6d4c28047da0adf13ac8b3e1b3,4924a47e8cd5630b3564e26fac55c5ec,delivered,2018-07-18 13:39:54,2018-07-18 13:50:14,2018-07-24 14:14:00,2018-07-26 18:26:37,2018-07-30,True,True,False,False,False,False,True,8.199108796296295,11.430625,0.0,0.0,2018-07-01,True,38eb5d4dcd39b971746632c47a4eb123,SP,Southeast,1.0,110.32,8.03,1.0,1.0,118.35,1.0,1.0,credit_card,5.0,False,118.35
f376081d7c5f1767fbc7fae2d19ca32e,d68901955dc622165460ba6cb4ac49f3,delivered,2017-03-28 16:03:34,2017-03-28 16:15:15,2017-03-29 13:23:55,2017-03-31 10:07:25,2017-04-17,True,True,False,False,False,False,True,2.752673611111111,19.330856481481483,0.0,0.0,2017-03-01,True,daf7dfe5576b8c581e8353aa8608a008,SP,Southeast,3.0,275.96999999999997,33.75,1.0,2.0,309.72,1.0,1.0,credit_card,5.0,False,309.71999999999997
4b87488fb6269f8321508923b95da4d6,e42998ccffc48dc87bf70b37e2d61f33,delivered,2018-06-08 12:19:58,2018-06-08 12:37:01,2018-06-11 08:23:00,2018-06-15 20:58:47,2018-07-05,True,True,False,False,False,False,True,7.3602893518518515,26.48613425925926,0.0,0.0,2018-06-01,True,b2d3863477633ff42a3dad9a7dd61cda,MG,Southeast,1.0,25.0,13.47,1.0,1.0,38.47,1.0,3.0,credit_card,5.0,True,38.47
e9ce52cd563d0124dced659e69eab10a,9a80c8377644236e27f59e83862f1ae2,delivered,2017-07-10 12:23:05,2017-07-12 02:10:59,2017-07-13 18:35:37,2017-07-17 17:03:47,2017-07-28,True,True,False,False,False,False,True,7.194930555555556,17.483969907407406,0.0,0.0,2017-07-01,True,0a11a4d0e9f9e864f03a7451f0f255b6,SP,Southeast,1.0,259.9,53.01,1.0,1.0,312.91,1.0,1.0,boleto,5.0,False,312.90999999999997
9344ccd01ff5fa7ec2aef0ee7e1c49c3,4fd75fb5ef1f01c7585bf746092a1544,delivered,2018-05-16 16:10:21,2018-05-18 04:54:31,2018-05-21 07:09:00,2018-05-24 19:04:00,2018-06-04,True,True,False,False,False,False,True,8.120590277777778,18.32614583333333,0.0,0.0,2018-05-01,True,cc9cbe91f775a595bcb05af59019b396,SP,Southeast,1.0,39.0,12.79,1.0,1.0,51.79,1.0,1.0,boleto,5.0,True,51.79
f4471dae8c482f51aa1826cd9f5d4433,167b9485947ed0a354a3f8dad04eb199,delivered,2018-07-05 18:40:47,2018-07-05 18:55:15,2018-07-10 15:10:00,2018-07-11 21:16:47,2018-07-19,True,True,False,False,False,False,True,6.108333333333333,13.22167824074074,0.0,0.0,2018-07-01,True,548a09978548d2e347d494793e34c797,SP,Southeast,2.0,215.22,16.919999999999998,2.0,2.0,232.14,1.0,8.0,credit_card,1.0,True,232.14
aeb4c9d05ab11d7c6c9ca24f8c43bd70,fa5c31ea5a141cb29a683b6420f2693a,delivered,2017-09-20 17:12:34,2017-09-21 14:44:35,2017-09-22 17:54:05,2017-09-28 19:47:42,2017-10-18,True,True,False,False,False,False,True,8.107731481481482,27.282939814814814,0.0,0.0,2017-09-01,True,e63b7e65ecb65d0d1624a564fa2c8cff,GO,Central-West,1.0,7.0,15.79,1.0,1.0,22.79,1.0,1.0,credit_card,2.0,False,22.79
33a3edb84b9df4cb49546859b990ac6d,35ec6c1ca9e5844c5ca94214cce16dca,delivered,2018-02-21 17:15:49,2018-02-22 16:10:41,2018-02-23 22:42:43,2018-03-22 00:03:53,2018-03-16,True,True,False,False,False,False,True,28.28337962962963,22.28068287037037,1.0,6.002696759259259,2018-02-01,True,b854c56e1163bced9c3ebf1e4a6576f3,MG,Southeast,1.0,49.9,17.6,1.0,1.0,67.5,1.0,1.0,debit_card,1.0,True,67.5
9885fff91f7c807525f8320e5292a3db,83257fb6f3a1edd3a75464178aa3f382,delivered,2018-01-10 14:18:40,2018-01-11 02:48:39,2018-01-12 14:15:26,2018-01-24 23:16:49,2018-01-31,True,True,False,False,False,False,True,14.373715277777778,20.403703703703705,0.0,0.0,2018-01-01,True,82ab8d779ce526b08d6b92769be44c49,SP,Southeast,1.0,126.99,29.68,1.0,1.0,156.67,1.0,1.0,boleto,5.0,False,156.67
e7a65190baa4e6fd192246157c0b81fb,7d986867cfcd083f25ad4f692bd2df06,delivered,2017-04-26 16:14:11,2017-04-27 17:22:58,2017-04-28 12:43:07,2017-05-12 14:04:02,2017-05-29,True,True,False,False,False,False,True,15.909618055555555,32.323483796296294,0.0,0.0,2017-04-01,True,ed9fce60567d03fff71f9c06084c998e,PA,North,1.0,28.99,24.84,1.0,1.0,53.83,1.0,5.0,credit_card,5.0,False,53.83
62a12e4d2a742b2491d7c00d2d79bf52,b60550c21000f91484c7d2aa2b8c522e,delivered,2017-11-27 19:24:52,2017-11-27 19:39:02,2017-11-28 22:58:14,2017-12-08 15:41:46,2017-12-27,True,True,False,False,False,False,True,10.845069444444444,29.191064814814816,0.0,0.0,2017-11-01,True,311dff8c3112b3ea255ec4871cabaf03,RS,South,1.0,281.99,17.73,1.0,1.0,299.72,1.0,10.0,credit_card,5.0,False,299.72
90349f264a3d6a2525a34598d09dda6b,d19f254a07da73a055409256e9bfe40a,delivered,2018-05-11 16:35:19,2018-05-12 03:32:26,2018-05-14 15:16:00,2018-05-15 18:38:39,2018-05-21,True,True,False,False,False,False,True,4.085648148148148,9.308807870370371,0.0,0.0,2018-05-01,True,831a032a3327e2b8325faf9d37953870,SP,Southeast,6.0,270.0,44.339999999999996,1.0,1.0,314.34,1.0,1.0,boleto,5.0,True,314.34
95cf9f239f724799131f7ca949209bd9,7251aa758779438faea714941f1051c4,delivered,2018-05-25 08:54:21,2018-05-25 09:16:24,2018-05-28 15:43:00,2018-05-30 15:06:44,2018-06-12,True,True,False,False,False,False,True,5.258599537037037,17.628923611111112,0.0,0.0,2018-05-01,True,65ee274b862c5c053367be8a70dbc029,SP,Southeast,1.0,89.49,8.39,1.0,1.0,97.88,1.0,1.0,credit_card,5.0,False,97.88
04a59fe46fc5aa341da5378c195ed53c,2d8748fb35d51c2fd273ee67fff78b7a,delivered,2017-11-26 09:32:06,2017-11-28 09:35:11,2017-11-28 19:18:52,2017-12-11 19:03:18,2017-12-19,True,True,False,False,False,False,True,15.396666666666667,22.602708333333332,0.0,0.0,2017-11-01,True,a3d335d8dd759126b58367c6053bb20a,PR,South,1.0,60.0,15.18,1.0,1.0,75.18,1.0,1.0,credit_card,5.0,False,75.18
86b37610c0e86e94afe3d5ba4b73fa14,86ff82570097f39b2193254f540e4a69,delivered,2017-11-17 21:14:42,2017-11-22 02:49:29,2017-11-22 17:37:09,2017-12-05 20:23:33,2017-12-20,True,True,False,False,False,False,True,17.964479166666667,32.11479166666667,0.0,0.0,2017-11-01,True,2f97fb04ba09cfa05b9e3b3af4e8e247,MT,Central-West,2.0,109.98,51.32,1.0,2.0,161.3,1.0,1.0,boleto,5.0,False,161.3
5c2d1d55c31db1cbe069dc9b6454b897,15bea20cd005ed59d34db54c6b32ec98,delivered,2018-07-23 18:27:07,2018-07-24 10:32:48,2018-07-25 14:10:00,2018-08-01 19:31:47,2018-08-10,True,True,False,False,False,False,True,9.044907407407408,17.23116898148148,0.0,0.0,2018-07-01,True,02c639f8dd288caf7cc6dc66513c23b3,MG,Southeast,1.0,93.99,23.46,1.0,1.0,117.45,1.0,4.0,credit_card,5.0,False,117.44999999999999
1d067305b599c1e0dceb3864056ea527,0489975a325480c9e385e9f135bb13c3,delivered,2018-02-14 13:05:17,2018-02-14 13:15:38,2018-02-20 20:12:57,2018-03-09 21:52:36,2018-03-09,True,True,False,False,False,False,True,23.36619212962963,22.454664351851854,1.0,0.9115277777777778,2018-02-01,True,b577af9a54b023b4bcc51f69bb937f1c,SP,Southeast,1.0,148.9,21.53,1.0,1.0,170.43,1.0,5.0,credit_card,5.0,True,170.43
abc5ec9ecaec740b498a37f19c29a8c0,85aa7dc7ea24c96b5ac7864f13922495,delivered,2017-04-30 22:43:56,2017-04-30 22:55:09,2017-05-02 13:58:16,2017-05-12 12:04:38,2017-06-05,True,True,False,False,False,False,True,11.556041666666667,35.052824074074074,0.0,0.0,2017-04-01,True,22be41ad7d58c7774c6e036348a042d0,RS,South,1.0,119.9,21.16,1.0,1.0,141.06,1.0,1.0,credit_card,3.0,False,141.06
6942b8da583c2f9957e990d028607019,52006a9383bf149a4fb24226b173106f,shipped,2018-01-10 11:33:07,2018-01-11 02:32:30,2018-01-11 19:39:23,,2018-02-07,True,True,False,False,False,False,False,,27.518668981481483,,,2018-01-01,True,528b011eb7fab3d59c336cc7248eed3a,MG,Southeast,1.0,53.99,15.13,1.0,1.0,69.12,1.0,1.0,boleto,,,69.12
c3cb4c7c4b963ab08b07a5dca5baf05d,38ccd077e65d89b8a720be73bfaa9c6f,delivered,2017-05-15 16:29:03,2017-05-16 03:35:16,2017-05-17 09:24:51,2017-05-23 12:51:55,2017-06-08,True,True,False,False,False,False,True,7.849212962962963,23.313159722222224,0.0,0.0,2017-05-01,True,4521ca49d47fa50f2b98f0c71cbf5ae7,RS,South,1.0,119.0,15.58,1.0,1.0,134.58,1.0,1.0,boleto,5.0,False,134.58
af66c46c49bdb3bf2f862efb1eb67d81,9e3a06f863456c3934b9d26037c119cd,delivered,2017-07-22 19:16:47,2017-07-22 19:25:18,2017-07-25 19:14:13,2017-07-31 18:17:45,2017-08-11,True,True,False,False,False,False,True,8.95900462962963,19.19667824074074,0.0,0.0,2017-07-01,True,d2c89ba54e6cf93abd4ea9bb9e9fbf73,SP,Southeast,1.0,48.0,11.85,1.0,1.0,59.85,1.0,1.0,credit_card,5.0,False,59.85
14e6e050a57912543937e93051cc7b2c,d006bd8339ac9891923132af6408f557,delivered,2018-06-24 19:01:52,2018-06-24 19:20:23,2018-06-25 15:57:00,2018-06-28 13:03:08,2018-07-27,True,True,False,False,False,False,True,3.7508796296296296,32.20703703703704,0.0,0.0,2018-06-01,True,50f99f56ab935ac45c6f1cd4c0bfbe2a,SP,Southeast,1.0,49.1,19.53,1.0,1.0,68.63,1.0,1.0,credit_card,4.0,False,68.63
cefa8ee1540139ac77fa0c1b4ff1f04b,3b9388d1014c8090f77595c5e9f2ce94,delivered,2018-07-02 12:54:20,2018-07-02 13:10:15,2018-07-03 15:04:00,2018-07-06 11:52:07,2018-07-25,True,True,False,False,False,False,True,3.9567939814814816,22.462268518518517,0.0,0.0,2018-07-01,True,9e0c06f4607e8d1c8b1bb5419446c5b9,PR,South,1.0,66.39,19.66,1.0,1.0,86.05,1.0,1.0,credit_card,5.0,True,86.05
265f4e28ef8cf69f8445e2951bbe7343,c572fd6cdd98e87ea2bc433b6da21078,delivered,2017-03-06 00:14:28,2017-03-06 00:33:11,2017-03-06 09:54:32,2017-03-20 09:28:56,2017-04-11,True,True,False,False,False,False,True,14.385046296296297,35.989953703703705,0.0,0.0,2017-03-01,True,3e45b1d69bfaf0b7963cbb9dd00196f7,RO,North,1.0,39.9,24.84,1.0,1.0,64.74,1.0,1.0,credit_card,4.0,False,64.74
34276839abbc2d596eb36540d36c624c,6968ea6ff6368619de4d031a15d5c9a6,delivered,2017-10-04 23:02:21,2017-10-04 23:14:17,2017-10-05 18:37:19,2017-10-20 16:18:59,2017-11-09,True,True,False,False,False,False,True,15.71988425925926,35.040034722222224,0.0,0.0,2017-10-01,True,8051546e4730145100f73eb919000a81,RS,South,1.0,159.99,57.79,1.0,1.0,217.78,1.0,5.0,credit_card,5.0,False,217.78
556bbf53c2c22fbb9ef31a414dd444a6,5883f965ac70043c2e908c3657c5d548,delivered,2017-12-21 17:43:41,2017-12-21 17:56:24,2017-12-26 16:59:04,2018-01-04 21:56:01,2018-01-22,True,True,False,False,False,False,True,14.17523148148148,31.26133101851852,0.0,0.0,2017-12-01,True,d0db8f74fe8af2b92d1e7159472874f0,DF,Central-West,1.0,49.9,17.6,1.0,1.0,67.5,1.0,6.0,credit_card,4.0,False,67.5
36530871a5e80138db53bcfd8a104d90,4dafe3c841d2d6cc8a8b6d25b35704b9,shipped,2017-05-09 11:48:37,2017-05-11 11:45:14,2017-05-11 13:21:47,,2017-06-08,True,True,False,False,False,False,False,,29.507905092592594,,,2017-05-01,True,10669e874b7ddaab97d6d539578576d7,PE,Northeast,1.0,36.9,26.89,1.0,1.0,63.79,1.0,6.0,credit_card,1.0,False,63.79
b2bd1f09c1b8a4a36940f6f6e49d5dec,8ed14e450a6268ec13f325e7c2eafeed,delivered,2018-02-02 16:15:41,2018-02-02 16:36:26,2018-02-06 01:28:26,2018-02-20 18:09:29,2018-03-07,True,True,False,False,False,False,True,18.079027777777778,32.32244212962963,0.0,0.0,2018-02-01,True,f1e0cfbcfd9aebd6d003f6667551a9ae,SC,South,1.0,199.0,16.14,1.0,1.0,215.14,3.0,1.0,voucher,5.0,True,215.14
e69e2290db6b2d3b7593a40112e1a82a,3a017955f82b5bf61bb51aec865a01ca,delivered,2018-06-01 11:26:06,2018-06-02 03:15:28,2018-06-04 13:08:00,2018-06-05 17:44:39,2018-07-04,True,True,False,False,False,False,True,4.262881944444445,32.52354166666667,0.0,0.0,2018-06-01,True,ab93bfed86e2417198d66cf58945442e,SP,Southeast,2.0,75.99000000000001,50.68,2.0,2.0,126.67,1.0,1.0,boleto,5.0,True,126.67000000000002
c8627adf430caff83161acbeb344d8f5,078d86e7bf40b188f0e5ed6d866c21c4,delivered,2018-08-09 16:23:03,2018-08-09 17:30:25,2018-08-10 12:32:00,2018-08-14 19:12:05,2018-08-21,True,True,False,False,False,False,True,5.117384259259259,11.317326388888889,0.0,0.0,2018-08-01,True,0319cd43072df023584a1fa0a94d45ce,SP,Southeast,1.0,229.9,55.69,1.0,1.0,285.59,1.0,1.0,credit_card,5.0,False,285.59000000000003
1370fae9b19ee5e01a2d609eb18b7c8a,22eb8142d6313bab19fa6c657170ae6b,delivered,2017-11-15 13:47:34,2017-11-15 13:55:31,2017-11-17 15:12:12,2017-12-06 01:12:12,2017-12-14,True,True,False,False,False,False,True,20.475439814814816,28.425300925925924,0.0,0.0,2017-11-01,True,66d7c05de70168738de8f6f8b5adce82,BA,Northeast,1.0,117.3,28.2,1.0,1.0,145.5,1.0,8.0,credit_card,4.0,True,145.5
a7cd6af6e0519313887b3c3a120f20ca,a559b10d4f093640a0ed4693ce16ed02,delivered,2018-04-26 11:59:05,2018-04-26 12:11:18,2018-04-27 11:49:00,2018-05-03 02:52:58,2018-05-07,True,True,False,False,False,False,True,6.620752314814815,10.500636574074074,0.0,0.0,2018-04-01,True,9ed19e34d278749a58db6f4659f679b1,SP,Southeast,1.0,35.9,7.39,1.0,1.0,43.29,1.0,4.0,credit_card,5.0,False,43.29
663830a477534735bbdec9de01113fa2,c1ddb7521d14db9071dccad0a94305c2,delivered,2018-07-15 12:37:12,2018-07-16 12:30:53,2018-07-16 14:33:00,2018-07-23 23:56:47,2018-08-13,True,True,False,False,False,False,True,8.47193287037037,28.474166666666665,0.0,0.0,2018-07-01,True,fe22f09401a6af700ab66fac2edbea15,SP,Southeast,1.0,24.9,13.51,1.0,1.0,38.41,1.0,1.0,credit_card,5.0,True,38.41
b2f3763408103bc7173bb36ed02dbeea,d0e6cb83a3fc27f56be011b2941f54c6,delivered,2018-05-30 22:33:08,2018-05-30 22:55:45,2018-06-11 14:44:00,2018-06-18 23:07:33,2018-07-16,True,True,False,False,False,False,True,19.023900462962963,46.060324074074074,0.0,0.0,2018-05-01,True,e1858db871ca0cea6d07b5413f450048,MG,Southeast,1.0,359.9,42.59,1.0,1.0,402.49,1.0,1.0,credit_card,5.0,False,402.49
0dad6beca7ed0e352668498c29089900,2528510465c7572dedee4431a7d52e08,delivered,2017-12-02 14:08:33,2017-12-02 14:17:20,2017-12-08 21:21:12,2017-12-13 09:44:38,2017-12-27,True,True,False,False,False,False,True,10.816724537037038,24.410729166666666,0.0,0.0,2017-12-01,True,52a7fb2dfa60628b04619fa279d3e27c,SP,Southeast,1.0,98.7,12.19,1.0,1.0,110.89,1.0,6.0,credit_card,5.0,False,110.89
93ec3e2c9a4beee38c28973d307093e1,330ca6b207006779da875ef48faef608,delivered,2018-03-29 14:27:41,2018-03-29 14:35:21,2018-04-04 23:16:22,2018-04-06 22:52:39,2018-04-11,True,True,False,False,False,False,True,8.350671296296296,12.39744212962963,0.0,0.0,2018-03-01,True,c3fcf3b664801fe10c4d9f62ac72b21a,SP,Southeast,1.0,179.9,24.55,1.0,1.0,204.45,1.0,3.0,credit_card,1.0,True,204.45000000000002
5561adcb0fd46da4cad3048fa4e7fc00,819b0aa9b717f6d78c0f72211bafebe3,delivered,2018-06-25 15:36:18,2018-06-25 15:58:17,2018-06-26 14:58:00,2018-06-27 17:18:42,2018-07-11,True,True,False,False,False,False,True,2.071111111111111,15.349791666666667,0.0,0.0,2018-06-01,True,87d406e4698a66118241f1f4a407ee03,SP,Southeast,1.0,99.9,9.45,1.0,1.0,109.35,1.0,1.0,credit_card,5.0,True,109.35000000000001
6245ae0abd9de1ae647b5da78c0ea69b,d68585c54450af4bfc04cc6cccbcd607,delivered,2017-09-11 07:54:38,2017-09-11 08:10:08,2017-09-13 18:22:19,2017-09-16 16:12:24,2017-09-27,True,True,False,False,False,False,True,5.345671296296296,15.670393518518518,0.0,0.0,2017-09-01,True,fbe53ee8a67e9fbf5cdb52d888701527,SP,Southeast,1.0,62.8,11.94,1.0,1.0,74.74,1.0,1.0,credit_card,3.0,True,74.74
ce9feeba53c652dd6569cca62e2bb287,f7398fc942c8fa80e5419ae52e49f7fb,delivered,2018-04-15 19:42:06,2018-04-15 19:55:20,2018-04-19 14:32:30,2018-04-20 23:12:11,2018-04-26,True,True,False,False,False,False,True,5.1458912037037035,10.179097222222222,0.0,0.0,2018-04-01,True,d01cf8c6c7c836c5dd9320585928f42b,SP,Southeast,1.0,45.0,11.86,1.0,1.0,56.86,1.0,1.0,credit_card,2.0,False,56.86
565923f847aad52e7638eb189cce3b51,a2cb2bc236e62cf807925d6cecc245c6,delivered,2018-01-13 08:19:23,2018-01-13 08:29:22,2018-01-15 22:55:00,2018-01-23 18:22:46,2018-02-15,True,True,False,False,False,False,True,10.419016203703704,32.65320601851852,0.0,0.0,2018-01-01,True,41a1e8124bbc0d73734103301fdd4115,MG,Southeast,1.0,80.0,17.81,1.0,1.0,97.81,1.0,1.0,credit_card,5.0,True,97.81
36ebb4199031e72a1fa964549b88c377,eecf2b94cdbe9ef6245fabb5e091c987,delivered,2018-04-04 08:39:50,2018-04-04 08:50:15,2018-04-07 00:49:39,2018-04-16 23:35:26,2018-05-02,True,True,False,False,False,False,True,12.621944444444445,27.63900462962963,0.0,0.0,2018-04-01,True,94819c1119bcbb29d414ac33b904e82d,SP,Southeast,1.0,109.9,23.35,1.0,1.0,133.25,1.0,1.0,voucher,5.0,True,133.25
232b75e8b6faa6ca2063184414e634a7,0a11cb0fb65032da800b780afcc1a1b7,delivered,2017-09-26 12:32:39,2017-09-27 03:35:03,2017-10-04 08:03:59,2017-10-09 18:32:42,2017-10-20,True,True,False,False,False,False,True,13.250034722222223,23.47732638888889,0.0,0.0,2017-09-01,True,b91094129b0c7e78a2d312269365968e,PR,South,1.0,159.0,21.95,1.0,1.0,180.95,1.0,1.0,boleto,5.0,False,180.95
ee990334acb0ff9333b01afa465f3006,a8331c35b57d8fe09e8df1c06509de29,delivered,2018-02-28 17:00:28,2018-03-02 02:10:55,2018-03-02 22:18:35,2018-03-22 10:18:36,2018-04-02,True,True,False,False,False,False,True,21.720925925925926,32.29134259259259,0.0,0.0,2018-02-01,True,5e965d35ef2083367ff713df75fa6f16,MT,Central-West,1.0,410.0,35.32,1.0,1.0,445.32,1.0,1.0,boleto,4.0,False,445.32
780fe22baa36991bdbb1559f5b549596,e1862648f338ecaf4242e8e2b59126ca,delivered,2017-04-22 19:26:47,2017-04-22 19:41:06,2017-04-24 11:04:27,2017-04-28 14:37:16,2017-05-15,True,True,False,False,False,False,True,5.798946759259259,22.189733796296295,0.0,0.0,2017-04-01,True,2e3c3bce0bc8cca5d8e987d047e64d8b,MG,Southeast,1.0,37.99,14.52,1.0,1.0,52.51,1.0,5.0,credit_card,5.0,True,52.510000000000005
58ac1947c1a9067b9f416cba6d844a3f,ee8e1d37f563ecc11cc4dcb4dfd794c2,delivered,2017-09-13 09:18:50,2017-09-13 13:45:43,2017-09-14 21:20:03,2017-09-21 21:16:17,2017-09-25,True,True,False,False,False,False,True,8.498229166666667,11.611921296296297,0.0,0.0,2017-09-01,True,5cbf29b2dcf212a6a5d864b887238c72,SP,Southeast,1.0,110.0,14.16,1.0,1.0,124.16,1.0,5.0,credit_card,5.0,False,124.16
ba4ddff2b9082f079de9a84d7a5605fd,fbfba770bf13f470f63d1854a765a2d3,delivered,2018-01-18 09:30:54,2018-01-18 09:38:30,2018-01-18 23:43:46,2018-01-20 17:56:44,2018-02-02,True,True,False,False,False,False,True,2.3512731481481484,14.603541666666667,0.0,0.0,2018-01-01,True,213ce7ea2a0345a65b4045cf55be42d8,SP,Southeast,1.0,52.39,13.08,1.0,1.0,65.47,1.0,1.0,credit_card,5.0,True,65.47
75351e48296ef42211a0b80c427aae57,cf9e2b07f78cce347089900f49fb4746,delivered,2017-03-14 16:25:43,2017-03-14 16:25:43,2017-03-30 13:22:17,2017-04-03 13:37:42,2017-04-10,True,True,False,False,False,False,True,19.88332175925926,26.315474537037037,0.0,0.0,2017-03-01,True,cab5ecc01e69aac95f48b619eb40a882,SP,Southeast,1.0,87.37,10.79,1.0,1.0,98.16,1.0,1.0,boleto,4.0,False,98.16
64a2b20e6611bf80d933549f4c45ad84,de62761e79f4ae4169cab45ed5f36026,delivered,2017-12-20 12:30:40,2017-12-21 02:11:52,2017-12-22 20:41:54,2018-01-09 15:44:20,2018-01-19,True,True,False,False,False,False,True,20.13449074074074,29.478703703703705,0.0,0.0,2017-12-01,True,6f19cd82c9d4d5b80bd8fbd24e600576,MT,Central-West,1.0,24.99,15.79,1.0,1.0,40.78,1.0,1.0,boleto,5.0,False,40.78
775130c792f4c6460c63162e994a1114,d4cd9729eeca5306a2c039fe6e55601e,delivered,2017-12-04 17:24:57,2017-12-04 18:30:29,2017-12-05 16:09:06,2017-12-11 18:52:10,2018-01-04,True,True,False,False,False,False,True,7.0605671296296295,30.274340277777778,0.0,0.0,2017-12-01,True,8689753ac05594f16b97e8bd556b50b0,PR,South,1.0,257.6,15.67,1.0,1.0,273.27,1.0,2.0,credit_card,5.0,True,273.27000000000004
b0928556a10706af462ca2ab2c91903b,0b9e85491c194a97516c87f30a93abfa,delivered,2018-08-03 22:23:06,2018-08-03 22:35:17,2018-08-06 13:40:00,2018-08-14 18:16:42,2018-08-23,True,True,False,False,False,False,True,10.828888888888889,19.067291666666666,0.0,0.0,2018-08-01,True,cf50302e77f7141c5923c3bc84ceffaf,MG,Southeast,1.0,83.0,23.73,1.0,1.0,106.73,1.0,1.0,credit_card,5.0,True,106.73
5487a8ac1699754d975f853ce8bb9321,a51b373c427132a77b112ca10f502c4f,delivered,2018-03-29 14:29:44,2018-04-03 05:48:50,2018-04-04 01:13:40,2018-04-08 16:22:04,2018-04-20,True,True,False,False,False,False,True,10.07800925925926,21.396018518518517,0.0,0.0,2018-03-01,True,995fe9426f030109b1614044edaf46d9,SP,Southeast,1.0,159.99,27.2,1.0,1.0,187.19,1.0,1.0,boleto,3.0,True,187.19
00571ded73b3c061925584feab0db425,3c628393675b42c6b5ef89461f68ecef,delivered,2017-05-18 20:59:24,2017-05-18 21:10:16,2017-05-22 15:50:30,2017-05-30 09:12:44,2017-06-12,True,True,False,False,False,False,True,11.50925925925926,24.125416666666666,0.0,0.0,2017-05-01,True,106106992030e0d83e6f1bc9d4054070,MG,Southeast,2.0,359.8,30.02,1.0,1.0,389.82,1.0,4.0,credit_card,5.0,True,389.82
74ebfa44a323c96a7760bd693d690a3d,13fd7ce9f08449dec2533119379a2527,delivered,2017-06-16 00:22:49,2017-06-16 00:35:26,2017-06-16 15:37:52,2017-06-26 13:49:52,2017-07-18,True,True,False,False,False,False,True,10.56045138888889,31.98415509259259,0.0,0.0,2017-06-01,True,6110fc2216f14d1efaa683050a262e90,ES,Southeast,1.0,359.5,33.96,1.0,1.0,393.46,1.0,10.0,credit_card,5.0,False,393.46
37104fd8b73d0691fda9491fe8906808,328d7a69cb9cbaf088eed3ed778804bb,delivered,2017-07-05 09:16:49,2017-07-07 02:50:37,2017-07-07 21:03:12,2017-07-17 17:23:48,2017-08-07,True,True,False,False,False,False,True,12.338182870370371,32.61332175925926,0.0,0.0,2017-07-01,True,92f65b75e3c4a45c14f410b4aac4db69,RS,South,2.0,90.0,32.22,1.0,1.0,122.22,1.0,1.0,boleto,4.0,False,122.22
b6b3633f97c686d8e188ac6fa29ff20d,8d3d362741da05c706eb55001bdfa1b9,delivered,2018-07-27 12:45:51,2018-07-27 13:04:20,2018-08-02 13:33:00,2018-08-06 17:20:53,2018-08-17,True,True,False,False,False,False,True,10.19099537037037,20.46815972222222,0.0,0.0,2018-07-01,True,71570c9b76f11df814726260cf634fb8,SP,Southeast,1.0,679.0,19.85,1.0,1.0,698.85,1.0,7.0,credit_card,2.0,False,698.85
37e32b54f25d2472acbc642f7e539a36,0f5b40f9925b49675464fb74869c6547,delivered,2017-07-08 14:12:08,2017-07-08 14:25:09,2017-07-11 14:36:51,2017-07-17 20:39:33,2017-08-03,True,True,False,False,False,False,True,9.269039351851852,25.40824074074074,0.0,0.0,2017-07-01,True,071bb277b0146da77fac31e70657815e,RJ,Southeast,1.0,84.99,14.34,1.0,1.0,99.33,1.0,4.0,credit_card,5.0,False,99.33
43d88b0e949865904334dd5b3ca63f50,aa601b3c45980c0918042d5ca7a25054,delivered,2018-03-15 16:59:11,2018-03-15 17:15:42,2018-03-19 15:03:06,2018-03-20 16:13:27,2018-04-02,True,True,False,False,False,False,True,4.9682407407407405,17.292233796296298,0.0,0.0,2018-03-01,True,1006daf2f4f3b40848bdb64d356b4b39,SP,Southeast,1.0,49.99,8.29,1.0,1.0,58.28,1.0,2.0,credit_card,4.0,True,58.28
5e99f3c445038a0709b2aea8e34ed593,243ee97e01766bf68c3e30f0fe572490,delivered,2017-06-25 19:30:09,2017-06-25 19:45:10,2017-06-26 18:41:35,2017-07-04 10:51:55,2017-07-14,True,True,False,False,False,False,True,8.640115740740741,18.187395833333333,0.0,0.0,2017-06-01,True,2c613e1daa937ba2dda45140c410f48f,SP,Southeast,1.0,59.9,17.13,1.0,1.0,77.03,1.0,1.0,credit_card,4.0,True,77.03
f61b61c2cbb4192ccaf9c2c76a4cc971,525125633cfc0f64d4a991240953f2b5,delivered,2018-02-28 21:27:43,2018-02-28 21:48:27,2018-03-07 01:38:40,2018-03-09 13:46:21,2018-03-13,True,True,False,False,False,False,True,8.679606481481482,12.105752314814815,0.0,0.0,2018-02-01,True,04e1ad29192c7d23646272968393bf36,RS,South,1.0,39.99,9.74,1.0,1.0,49.73,1.0,1.0,credit_card,3.0,True,49.730000000000004
6d7de866a140b19d09e825b2a4e944c7,9e5ce657315b2bdb94033a494041ac25,delivered,2018-04-16 21:07:16,2018-04-16 22:10:15,2018-04-17 20:54:27,2018-04-24 20:38:55,2018-05-15,True,True,False,False,False,False,True,7.9803125,28.119953703703704,0.0,0.0,2018-04-01,True,51cbfa44126505de7a55fb99ba49648b,SC,South,2.0,139.8,0.0,1.0,1.0,139.8,1.0,1.0,credit_card,2.0,False,139.8
3f849648ffbabb0562c7668f212e3e88,a338f42b6e47cb49d5c5128a348b76ba,delivered,2018-05-15 19:55:51,2018-05-16 08:36:57,2018-05-18 15:26:00,2018-06-07 13:58:42,2018-06-06,True,True,False,False,False,False,True,22.75197916666667,21.16954861111111,1.0,1.5824305555555556,2018-05-01,True,d7b472813b9255677466c5cd3cbc7b31,MG,Southeast,1.0,69.9,16.46,1.0,1.0,86.36,1.0,1.0,credit_card,4.0,False,86.36000000000001
7c18eddfcd24680d80a502346221614e,b7ee9b824b4a83b389379ac70585bf3b,delivered,2018-07-13 15:45:51,2018-07-13 16:04:02,2018-07-16 09:53:00,2018-07-24 20:16:30,2018-08-09,True,True,False,False,False,False,True,11.187951388888889,26.34315972222222,0.0,0.0,2018-07-01,True,ac307db9d15fc5bb19b61298bd6bd1ed,GO,Central-West,2.0,336.49,87.18,2.0,2.0,423.67,1.0,10.0,credit_card,3.0,False,423.67
6fa204b6cf6dcfe6c9adca7dc53aa32a,56dfafb543cfa4c2edcc08b9b2c5f0c6,delivered,2017-08-01 18:52:12,2017-08-03 03:04:48,2017-08-03 16:17:38,2017-08-05 12:14:47,2017-08-21,True,True,False,False,False,False,True,3.724016203703704,19.21375,0.0,0.0,2017-08-01,True,e4bd579c28cb9ce017feb990171bc957,SP,Southeast,1.0,95.0,13.01,1.0,1.0,108.01,1.0,1.0,boleto,5.0,False,108.01
58d4c4747ee059eeeb865b349b41f53a,1755fad7863475346bc6c3773fe055d3,delivered,2018-07-21 12:49:32,2018-07-26 23:31:53,2018-07-24 12:57:00,2018-07-25 23:58:19,2018-07-31,True,True,False,False,False,False,True,4.46443287037037,9.465601851851853,0.0,0.0,2018-07-01,True,a5314ac290a8b141491e987ae37aa7cc,SP,Southeast,1.0,27.9,7.46,1.0,1.0,35.36,1.0,1.0,boleto,5.0,False,35.36
a840a7a89e3d9137358eb7b9408681fe,5e320e6a4f03e2e74bc22e1158237fbe,delivered,2017-03-09 22:17:49,2017-03-09 22:17:49,2017-03-10 16:23:51,2017-03-16 08:24:47,2017-03-28,True,True,False,False,False,False,True,6.42150462962963,18.070960648148148,0.0,0.0,2017-03-01,True,8a2530b1bf32235ed2636468ea0b1582,RS,South,1.0,289.9,15.8,1.0,1.0,305.7,1.0,5.0,credit_card,5.0,False,305.7
40001f4b6e1a35f0b99fc4f44078ab27,1690401c1e48c9526a79e72ba8c069a2,delivered,2017-12-09 17:27:58,2017-12-09 17:37:27,2017-12-12 17:17:24,2018-01-04 21:23:53,2018-02-01,True,True,False,False,False,False,True,26.16383101851852,53.27224537037037,0.0,0.0,2017-12-01,True,b33ab8755cd35552942225232a9a8849,AP,North,1.0,189.9,26.36,1.0,1.0,216.26,1.0,3.0,credit_card,3.0,True,216.26
287c56aa824d8d1ea40246ad12013f62,5232c22d7ed2b631db6b2cab74b2c5f2,delivered,2018-08-01 10:48:19,2018-08-02 10:45:12,2018-08-03 10:30:00,2018-08-07 13:59:38,2018-08-10,True,True,False,False,False,False,True,6.132858796296296,8.549780092592593,0.0,0.0,2018-08-01,True,ff10e644ac8984d7e9fcafd5adf1b8cd,SP,Southeast,1.0,69.9,13.15,1.0,1.0,83.05,1.0,1.0,credit_card,5.0,False,83.05000000000001
694630e7a7713c116a9b7f0ba3377382,5a771152dd93d31af819d708942afec6,delivered,2018-04-09 13:56:45,2018-04-11 05:50:45,2018-04-11 22:46:53,2018-04-16 20:58:47,2018-05-03,True,True,False,False,False,False,True,7.293078703703704,23.41892361111111,0.0,0.0,2018-04-01,True,8b4e378f85633a53f78340e5692b8ba7,SC,South,1.0,99.9,21.78,1.0,1.0,121.68,1.0,1.0,boleto,5.0,True,121.68
f26f92a3da58e9c771820a7b4d9a6800,597950088114c1a9e2b27459051f40ff,delivered,2018-02-10 19:27:28,2018-02-10 19:35:32,2018-02-14 23:09:27,2018-02-19 15:07:08,2018-02-26,True,True,False,False,False,False,True,8.819212962962963,15.18925925925926,0.0,0.0,2018-02-01,True,dbc0a39ff0c850cd0358a1fe289095b9,SP,Southeast,1.0,49.9,7.78,1.0,1.0,57.68,1.0,1.0,credit_card,5.0,False,57.68
d1f54c6a2a7015c5687439d6d4e971ba,be0db8a12224c280772baf2ccb468e5e,delivered,2017-04-27 11:08:59,2017-04-27 11:22:56,2017-04-27 11:51:58,2017-05-15 12:00:17,2017-06-16,True,True,False,False,False,False,True,18.035625,49.53542824074074,0.0,0.0,2017-04-01,True,6898b2273c4c2e9f697bb597c7df0837,PE,Northeast,1.0,68.0,24.97,1.0,1.0,92.97,1.0,1.0,credit_card,4.0,False,92.97
37d6c8f1b209eab8d1b6522a1a3e4d88,fe4b93d8b5d38fc72f20a95f93511cae,delivered,2017-12-06 15:26:09,2017-12-08 02:54:25,2017-12-11 23:10:16,2017-12-13 18:03:38,2017-12-27,True,True,False,False,False,False,True,7.109363425925926,20.356840277777778,0.0,0.0,2017-12-01,True,a54ff9cb5691f3de0ad67974bbb905fd,SP,Southeast,1.0,25.9,9.34,1.0,1.0,35.24,1.0,1.0,boleto,5.0,False,35.239999999999995
f9f76d0f8ab416a42a2a3dad0d710162,e4a32f8f3648818820a821cd577ccdba,delivered,2017-11-30 22:37:50,2017-12-01 10:31:12,2017-12-01 20:13:00,2017-12-08 20:56:54,2017-12-26,True,True,False,False,False,False,True,7.929907407407407,25.057060185185186,0.0,0.0,2017-11-01,True,c89cf1a054b60f1d893617b0b1a140d7,MG,Southeast,1.0,269.9,16.64,1.0,1.0,286.54,1.0,3.0,credit_card,3.0,False,286.53999999999996
a03ad7057fae696dd18f8967826c209f,7df71d1652cfba8b2a70cf665c960f74,delivered,2017-06-05 13:24:46,2017-06-07 19:42:11,2017-06-08 16:18:32,2017-06-16 14:04:09,2017-06-28,True,True,False,False,False,False,True,11.027349537037036,22.441134259259258,0.0,0.0,2017-06-01,True,cb644c8c88c4705149fc0c7dd12d596d,PR,South,1.0,52.88,25.21,1.0,1.0,78.09,2.0,1.0,voucher,5.0,False,78.09
c93e4c73cba512f76817291e0de8bec4,9f5a2f912f123d541a318029712fe90b,delivered,2017-09-12 16:32:09,2017-09-12 16:45:08,2017-09-13 22:39:49,2017-09-22 16:43:37,2017-10-04,True,True,False,False,False,False,True,10.007962962962964,21.311006944444443,0.0,0.0,2017-09-01,True,e25e370b86824ff1a40d01c259cadd98,RS,South,1.0,279.99,21.2,1.0,1.0,301.19,1.0,7.0,credit_card,5.0,True,301.19
412fccb2b44a99b36714bca3fef8ad7b,c6865c523687cb3f235aa599afef1710,delivered,2018-07-22 22:30:05,2018-07-23 12:31:53,2018-07-23 12:24:00,2018-07-24 19:26:42,2018-07-31,True,True,False,False,False,False,True,1.872650462962963,8.06244212962963,0.0,0.0,2018-07-01,True,95aec963a6193f24401417870b648031,SP,Southeast,1.0,102.0,38.88,1.0,1.0,140.88,1.0,1.0,credit_card,5.0,False,140.88
67b47f35ec923e39f1203f3cfa80f5e3,0dd5a932b1e29daa12845dbf696cbb54,delivered,2018-06-03 18:24:33,2018-06-03 18:49:57,2018-06-04 15:11:00,2018-06-08 18:58:53,2018-07-11,True,True,False,False,False,False,True,5.023842592592593,37.232951388888885,0.0,0.0,2018-06-01,True,76c9a12722537319e44c31e70b7815c3,SP,Southeast,1.0,28.9,12.79,1.0,1.0,41.69,1.0,4.0,credit_card,4.0,False,41.69
b616f638cd86d92c7cbd06cf7484ee34,8458f7ae02bda5950ce48c01a720559a,delivered,2018-05-23 16:37:35,2018-05-23 16:56:50,2018-05-24 16:13:00,2018-06-06 14:06:48,2018-06-08,True,True,False,False,False,False,True,13.895289351851853,15.307233796296297,0.0,0.0,2018-05-01,True,23daf66dd86071f57d332fa5562afbe9,SP,Southeast,1.0,12.88,7.87,1.0,1.0,20.75,1.0,1.0,credit_card,4.0,False,20.75
258f2e5dd769d9314b349f5650005dcc,148ecba880f508ca2d5b6744b6a7b6c5,delivered,2018-02-03 10:51:17,2018-02-03 11:10:37,2018-02-06 18:49:02,2018-02-23 20:59:12,2018-03-13,True,True,False,False,False,False,True,20.42216435185185,37.547719907407405,0.0,0.0,2018-02-01,True,344fecfc1b158f40bd95550e62547fda,MG,Southeast,1.0,129.97,35.43,1.0,1.0,165.4,1.0,3.0,credit_card,5.0,True,165.4
f90202d14e468090464aeb4b1f0372ab,d4c5a2a1316f738e72e179d6bb3b6d8f,delivered,2018-05-17 08:33:19,2018-05-17 08:59:32,2018-05-23 12:24:00,2018-06-01 23:27:31,2018-06-04,True,True,False,False,False,False,True,15.620972222222223,17.64353009259259,0.0,0.0,2018-05-01,True,b0608ebf65dbde33b45973a50e9f8965,SP,Southeast,1.0,96.0,6.56,1.0,1.0,102.56,1.0,1.0,credit_card,5.0,False,102.56
615ae1b88a25a4ac47fbf55c9c847b6e,25daddfce277eafad87c4d28d71d8229,delivered,2018-08-10 13:42:06,2018-08-10 13:55:18,2018-08-13 10:37:00,2018-08-20 23:38:44,2018-08-30,True,True,False,False,False,False,True,10.414328703703704,19.42909722222222,0.0,0.0,2018-08-01,True,677e8fb8d35d03be1fd8fd461c60a1cf,PR,South,1.0,64.99,19.65,1.0,1.0,84.64,1.0,8.0,credit_card,1.0,True,84.63999999999999
52f166ce5fa053bbb27d317e4fd231b7,1b848bc58de81ae1b800cf3a4571bedf,delivered,2018-04-18 20:13:31,2018-04-18 20:32:54,2018-04-20 22:38:37,2018-04-26 20:11:48,2018-05-11,True,True,False,False,False,False,True,7.998807870370371,22.157280092592593,0.0,0.0,2018-04-01,True,2db7f214cad74f77bf16ddd07ec20b35,SP,Southeast,1.0,428.0,18.51,1.0,1.0,446.51,1.0,4.0,credit_card,5.0,False,446.51
22d17396ac4c177e0ea83929cd4f845d,a8b396cd7edcd4340e02a07685084cd6,delivered,2017-09-27 14:43:47,2017-09-27 14:56:18,2017-09-30 15:55:11,2017-10-13 21:13:13,2017-10-27,True,True,False,False,False,False,True,16.270439814814814,29.386261574074073,0.0,0.0,2017-09-01,True,ded340acb51cad2b368c3e986d006ba8,RS,South,1.0,159.99,57.79,1.0,1.0,217.78,1.0,10.0,credit_card,5.0,False,217.78
9ceb8ab5165cefecdddb546cb5a6362b,eb1c0e1ca3e17eccaefb7f0d4dc659b1,delivered,2018-02-05 17:27:54,2018-02-06 17:32:25,2018-02-07 23:34:48,2018-02-18 14:28:47,2018-03-06,True,True,False,False,False,False,True,12.875613425925925,28.272291666666668,0.0,0.0,2018-02-01,True,48625b68a29dcfc3aba4b5147e0625aa,RJ,Southeast,1.0,120.0,18.09,1.0,1.0,138.09,1.0,1.0,voucher,4.0,False,138.09
95a74a28d622001aafb5dd088ea0d88c,b3519c0352b07bc3017acebea4ce6724,delivered,2017-11-16 14:32:06,2017-11-17 14:25:26,2017-11-20 12:49:03,2017-11-29 00:44:50,2017-12-06,True,True,False,False,False,False,True,12.42550925925926,19.394375,0.0,0.0,2017-11-01,True,1e85d1d3ecbe271f8410d13ce6bc189f,SP,Southeast,1.0,37.99,12.69,1.0,1.0,50.68,1.0,5.0,credit_card,5.0,False,50.68
d493148aa5f8d08914d29ec0524e1196,d7b9004ff34610bb3451b130ee2bf38e,delivered,2018-01-31 13:21:44,2018-02-01 13:35:14,2018-02-05 17:12:14,2018-02-14 18:04:45,2018-02-26,True,True,False,False,False,False,True,14.196539351851852,25.44324074074074,0.0,0.0,2018-01-01,True,fb20bf5c01fbc8bb8ab3ec1e4104c9d5,SP,Southeast,1.0,155.99,14.11,1.0,1.0,170.1,1.0,6.0,credit_card,5.0,False,170.10000000000002
a0d5b8474423ddf55228373b81a46272,3f7d26944f7f68bd2ac23b5e8b500ab0,delivered,2018-01-11 16:51:17,2018-01-12 02:38:34,2018-01-15 17:24:13,2018-01-22 21:18:33,2018-02-07,True,True,False,False,False,False,True,11.185601851851851,26.29771990740741,0.0,0.0,2018-01-01,True,c8d183727fc9b4dcac256fbe246d6270,MS,Central-West,1.0,69.9,19.98,1.0,1.0,89.88,1.0,1.0,boleto,5.0,True,89.88000000000001
cbec453ddd874ca620b8afc6393e3218,0fc25a3451d81cfe409466e229afdbb0,delivered,2017-06-04 10:05:59,2017-06-04 10:22:32,2017-06-05 09:12:22,2017-06-12 17:45:34,2017-06-26,True,True,False,False,False,False,True,8.319155092592593,21.57917824074074,0.0,0.0,2017-06-01,True,43088e9ae1468ae7f8f6bd222b6a7329,SP,Southeast,1.0,89.9,13.65,1.0,1.0,103.55,1.0,3.0,credit_card,4.0,True,103.55000000000001
61988b318aaf57d18336c629bc42cf1b,02731f7e9105dec7fc7fa715ccd821b3,delivered,2018-03-29 16:17:53,2018-03-29 16:35:38,2018-04-04 00:08:23,2018-04-13 20:03:50,2018-04-19,True,True,False,False,False,False,True,15.156909722222222,20.32091435185185,0.0,0.0,2018-03-01,True,6517822823bf509a5dd294d5cd69a829,ES,Southeast,1.0,135.0,25.14,1.0,1.0,160.14,1.0,3.0,credit_card,5.0,False,160.14
b88d7ae9bd78eac18e8b6ceb04695fb8,6dbe3c4683c66130a8e242bf4bb218d9,delivered,2017-07-17 21:55:56,2017-07-17 22:10:20,2017-07-20 20:19:38,2017-07-27 18:41:46,2017-08-08,True,True,False,False,False,False,True,9.865162037037036,21.08615740740741,0.0,0.0,2017-07-01,True,2a151ec82fd8a1ca7c3e212651ab5b24,RJ,Southeast,1.0,31.9,14.1,1.0,1.0,46.0,1.0,2.0,credit_card,5.0,False,46.0
908e767e28908dc5ec61fe0ef8ef03f9,64d181ef52b1829800c598942459061b,delivered,2018-05-09 14:32:09,2018-05-10 11:36:29,2018-05-11 10:44:00,2018-05-17 22:05:03,2018-05-28,True,True,False,False,False,False,True,8.31451388888889,18.39434027777778,0.0,0.0,2018-05-01,True,d903cb2df3fc0df3e432bc359d8a6bf2,MG,Southeast,1.0,49.99,13.47,1.0,1.0,63.46,1.0,6.0,credit_card,3.0,False,63.46
c82a457d646f77c8f151e12a3e517ed2,c178d6d544925594fafab0ba493cd645,delivered,2018-08-08 21:11:25,2018-08-08 21:25:20,2018-08-10 17:10:00,2018-08-15 15:02:09,2018-08-15,True,True,False,False,False,False,True,6.743564814814815,6.117071759259259,1.0,0.6264930555555556,2018-08-01,True,d76441ab4a22e389561144ffafdaa19c,SP,Southeast,1.0,136.78,8.22,1.0,1.0,145.0,1.0,3.0,credit_card,5.0,False,145.0
edc531c3153d23614049077e7e1e6405,68b315ac209c92f15ec1f364f5d45e67,delivered,2018-04-17 11:25:39,2018-04-19 02:51:01,2018-04-25 08:54:00,2018-05-03 21:54:44,2018-05-09,True,True,False,False,False,False,True,16.436863425925925,21.523854166666666,0.0,0.0,2018-04-01,True,afee8d312f30964ff72528a719219034,MG,Southeast,1.0,117.7,18.7,1.0,1.0,136.4,1.0,1.0,boleto,5.0,False,136.4
e22b71f6e4a481445ec4527cb4c405f7,1faf89c8f142db3fca6cf314c51a37b6,delivered,2017-04-22 13:48:18,2017-04-22 14:01:13,2017-04-24 19:08:53,2017-05-02 15:45:27,2017-05-11,True,True,False,False,False,False,True,10.081354166666667,18.424791666666668,0.0,0.0,2017-04-01,True,1268b060098ed3f22c2e7c34cc72a1a8,MG,Southeast,1.0,22.5,11.74,1.0,1.0,34.24,1.0,3.0,credit_card,4.0,False,34.24
6efcd938092fe73904610b4bd39b2e7f,8ebe25aca53cef9a055de5c20eca76e7,delivered,2017-12-11 21:43:24,2017-12-11 21:55:32,2017-12-13 15:12:16,2017-12-18 16:53:32,2018-01-04,True,True,False,False,False,False,True,6.798703703703704,23.09486111111111,0.0,0.0,2017-12-01,True,a55964e9744ba2f8e5911ff221b5de47,SP,Southeast,1.0,129.9,16.54,1.0,1.0,146.44,1.0,2.0,credit_card,5.0,False,146.44
1e8c81805b92ff169971231458670460,33b0d5c2438d9cd6426c6568dfbb908d,delivered,2018-05-04 10:29:14,2018-05-04 10:51:52,2018-05-07 14:14:00,2018-05-16 20:37:03,2018-05-23,True,True,False,False,False,False,True,12.422094907407407,18.56303240740741,0.0,0.0,2018-05-01,True,5824772f55a94d6c06cbd5df136f5ba4,SC,South,2.0,220.64,37.3,1.0,1.0,257.94,1.0,8.0,credit_card,1.0,True,257.94
4d630f57194f5aba1a3d12ce23e71cd9,6d491c9fe2f04f6e2af6ec033cd8907c,shipped,2017-11-17 19:53:21,2017-11-18 19:50:31,2017-11-22 17:28:34,,2017-12-13,True,True,False,False,False,False,False,,25.17128472222222,,,2017-11-01,True,7eb6b25c03556dfd2a2ee982f42074c2,RS,South,1.0,199.9,40.33,1.0,1.0,240.23,1.0,2.0,credit_card,3.0,False,240.23000000000002
1da00355018ed3e0fdd548cf3ddada99,2c5c2fb51bbbcdcc297f3b37449627bb,delivered,2017-12-17 19:40:26,2017-12-17 20:50:00,2017-12-18 16:36:55,2017-12-27 13:47:01,2018-01-24,True,True,False,False,False,False,True,9.754571759259258,37.18025462962963,0.0,0.0,2017-12-01,True,a97d43b24d76819903192611aca17914,MG,Southeast,1.0,64.9,15.2,1.0,1.0,80.1,1.0,2.0,credit_card,5.0,True,80.10000000000001
21c71f62d2554e1ad6c8ba9dc7af2c62,aa3d8c9eec8e52e90b117efe5e97a560,delivered,2017-12-21 04:59:55,2017-12-22 04:51:23,2017-12-23 13:12:55,2018-01-03 22:54:29,2018-01-19,True,True,False,False,False,False,True,13.746226851851851,28.791724537037037,0.0,0.0,2017-12-01,True,65daa8af71675f5b6e90b235f029438c,SP,Southeast,1.0,59.99,14.17,1.0,1.0,74.16,1.0,3.0,credit_card,5.0,False,74.16
93a21c10557cc1b1ecfe2c3a808c648a,45c9fcdb0cd88a5630cb4405c4d2e4a7,delivered,2018-02-27 10:05:56,2018-02-27 10:15:33,2018-03-01 20:39:44,2018-03-05 20:53:02,2018-03-22,True,True,False,False,False,False,True,6.449375,22.579212962962963,0.0,0.0,2018-02-01,True,c6ff1299ecfd927f41df559f9b61e94a,SP,Southeast,1.0,320.0,18.0,1.0,1.0,338.0,1.0,2.0,credit_card,5.0,False,338.0
38c4ae942b818085578157aabd4abf9e,c0cc17e4ee16598f33ce7ccc36e3b4d0,delivered,2018-03-18 20:59:28,2018-03-18 21:10:32,2018-03-21 21:05:29,2018-03-29 13:49:10,2018-04-24,True,True,False,False,False,False,True,10.701180555555556,36.12537037037037,0.0,0.0,2018-03-01,True,b329ed361b94aa14781944b23063b5b0,RJ,Southeast,1.0,129.0,54.65,1.0,1.0,183.65,1.0,2.0,credit_card,4.0,False,183.65
f175d67589e059cbbda956f10f0702e6,a4555d257db29ef5f838cec4101c5208,delivered,2017-01-05 13:34:35,2017-01-07 03:45:40,2017-01-11 16:25:57,2017-01-17 15:52:28,2017-02-13,True,True,False,False,False,False,True,12.095752314814815,38.434317129629626,0.0,0.0,2017-01-01,True,f7be9bec658c62ab6240b44cd26c0b84,PR,South,1.0,9.9,8.72,1.0,1.0,18.62,1.0,1.0,boleto,5.0,True,18.62
c263211bd219538f7c031591e87ef0d7,ed8c52327eecff596e141636d5b556d2,delivered,2017-11-24 16:56:46,2017-11-28 03:48:24,2017-12-08 23:28:26,2017-12-18 20:24:54,2017-12-19,True,True,False,False,False,False,True,24.144537037037036,24.293912037037035,0.0,0.0,2017-11-01,True,b6ebed144895adea96b6193124ea3db4,PR,South,2.0,719.4,34.54,1.0,1.0,753.94,1.0,1.0,boleto,5.0,False,753.9399999999999
7835af1856de332f2f3c9204b740a3a2,d1b370c90ad7dacb840010a6e89c7e89,delivered,2017-12-24 17:34:12,2017-12-24 17:48:13,2017-12-26 19:49:01,2018-01-03 21:12:08,2018-01-19,True,True,False,False,False,False,True,10.151342592592593,25.267916666666668,0.0,0.0,2017-12-01,True,29fbb2801362f8857a80e4c1a0c74aa5,MG,Southeast,1.0,49.99,14.1,1.0,1.0,64.09,1.0,2.0,credit_card,3.0,False,64.09
507240e305d631056d7ced5d5ab0eb9a,5cff2efe34e8e604619520cc86201235,delivered,2018-03-29 15:08:14,2018-03-29 15:29:55,2018-04-02 23:24:37,2018-04-05 19:34:29,2018-04-11,True,True,False,False,False,False,True,7.184895833333333,12.369282407407407,0.0,0.0,2018-03-01,True,db3e4742e06a8a95bb1ff58ba972f8b5,SP,Southeast,1.0,48.32,11.15,1.0,1.0,59.47,1.0,1.0,credit_card,4.0,False,59.47
17c2ee64306efa76f1389315a974eeba,79c102ed4db4e20845856cd68660f8f6,delivered,2017-11-29 17:43:34,2017-11-29 19:16:55,2017-12-02 14:24:58,2017-12-12 22:32:47,2017-12-26,True,True,False,False,False,False,True,13.200844907407408,26.261412037037037,0.0,0.0,2017-11-01,True,ac4aeb840ae2987076143c45d465e8a5,PR,South,1.0,74.9,16.28,1.0,1.0,91.18,1.0,5.0,credit_card,4.0,False,91.18
5ec8f4e8fe5ee3fd5460b244d0804f9e,3fd2baf81d32adb95c43e1d490a8979e,delivered,2018-04-03 13:47:14,2018-04-05 02:27:56,2018-04-05 23:22:09,2018-04-13 23:45:22,2018-05-03,True,True,False,False,False,False,True,10.41537037037037,29.425532407407406,0.0,0.0,2018-04-01,True,07d04d1635ec5d81de0045c612783e01,SC,South,1.0,65.0,18.33,1.0,1.0,83.33,1.0,1.0,boleto,5.0,True,83.33
7156f3e0b94405abcbad1a8c94557338,5134baea6a4f11251fc92a2f358dfb4c,delivered,2017-04-20 16:18:26,2017-04-20 16:30:11,2017-04-24 09:53:33,2017-05-03 11:43:59,2017-05-10,True,True,False,False,False,False,True,12.809409722222222,19.32053240740741,0.0,0.0,2017-04-01,True,626495d0fb14f39da07290bb8d984ebf,SP,Southeast,1.0,17.5,10.96,1.0,1.0,28.46,1.0,2.0,credit_card,4.0,False,28.46
def622b4b003c4749c889dd9a0b43eca,e28087daa16ea2d4ef377fd789af20b4,delivered,2018-01-25 23:13:41,2018-01-27 02:45:33,2018-01-29 20:37:16,2018-02-08 18:38:55,2018-02-21,True,True,False,False,False,False,True,13.809189814814815,26.03216435185185,0.0,0.0,2018-01-01,True,25799bf6b79e82c19bd6d590c02cf821,SP,Southeast,1.0,38.2,15.1,1.0,1.0,53.3,1.0,1.0,boleto,5.0,False,53.300000000000004
434d3eec8dd031c322077fb2452e53a0,7a7893d13f178fdf58daeff7347e2d94,delivered,2018-05-08 14:38:14,2018-05-08 14:55:47,2018-05-08 16:46:00,2018-05-09 15:15:10,2018-05-16,True,True,False,False,False,False,True,1.025648148148148,7.3901157407407405,0.0,0.0,2018-05-01,True,a9a7ad094e7f664ee17a02d45257ddfd,SP,Southeast,1.0,68.0,8.29,1.0,1.0,76.29,1.0,1.0,credit_card,5.0,True,76.28999999999999
3ef7c7b43ae449415675a6c34720b78e,cae507afa38570ca8b08ae0cbcadd5d5,delivered,2018-06-16 19:05:54,2018-06-18 12:37:24,2018-06-21 14:12:00,2018-06-26 17:08:45,2018-07-12,True,True,False,False,False,False,True,9.918645833333333,25.20423611111111,0.0,0.0,2018-06-01,True,490aaedd703d157551ba484dbf0ec17c,SP,Southeast,1.0,383.5,19.82,1.0,1.0,403.32,1.0,1.0,boleto,4.0,True,403.32
7e3e92dc3eaf5389f32da97228f7dd0e,62d50e9a714ac024c196d9548594e2aa,delivered,2017-07-02 20:47:24,2017-07-02 21:03:55,2017-07-03 11:42:08,2017-07-11 20:22:31,2017-07-25,True,True,False,False,False,False,True,8.982719907407407,22.13375,0.0,0.0,2017-07-01,True,ba77e9b6506636dcbd03e463d4786f24,RS,South,1.0,79.9,15.31,1.0,1.0,95.21,1.0,4.0,credit_card,5.0,False,95.21000000000001
4d95703047b8a80cf5796b7478900ec7,da18c242eff18510c1df2f0337a9be95,delivered,2018-01-23 23:59:03,2018-01-24 00:16:30,2018-01-24 16:47:22,2018-01-30 14:36:52,2018-02-19,True,True,False,False,False,False,True,6.609594907407407,26.000659722222224,0.0,0.0,2018-01-01,True,5fd0cae43a6002e194fe471367ee22d2,SP,Southeast,2.0,79.8,23.7,1.0,1.0,103.5,1.0,3.0,credit_card,5.0,True,103.5
955e2b622db1a1f4031ef035ce9a861f,8d0c2ae2c7b532f0e90bdd06bc9a04b7,delivered,2018-01-16 22:34:16,2018-01-17 03:34:29,2018-01-17 17:26:14,2018-01-22 23:23:25,2018-02-06,True,True,False,False,False,False,True,6.034131944444445,20.059537037037035,0.0,0.0,2018-01-01,True,56509f7bc43892a0da09ee14f50a6f84,SP,Southeast,1.0,199.0,12.89,1.0,1.0,211.89,1.0,1.0,boleto,5.0,False,211.89
cf8f7b73e35cb19ff895c2f45c1ded72,2d9cd6d6d59bfd360ba595e45d097409,delivered,2018-02-22 15:04:08,2018-02-23 07:08:17,2018-02-26 21:04:32,2018-02-28 21:09:14,2018-03-08,True,True,False,False,False,False,True,6.253541666666667,13.37212962962963,0.0,0.0,2018-02-01,True,6f6700b18880238014937d470e8f5f6f,PR,South,1.0,99.0,12.4,1.0,1.0,111.4,1.0,3.0,credit_card,2.0,False,111.4
fd9b8ed51e5ffedf7a56bea36cc5b6f9,0385c03f2b10a0a50ee72d8e3649a4b3,delivered,2018-03-30 23:11:40,2018-03-30 23:26:57,2018-04-04 20:04:05,2018-04-19 18:03:46,2018-04-27,True,True,False,False,False,False,True,19.786180555555557,27.033564814814813,0.0,0.0,2018-03-01,True,b8c64934a84e5ac575aaf1c5d50f340e,SP,Southeast,1.0,119.9,23.42,1.0,1.0,143.32,2.0,3.0,voucher,5.0,False,143.32
bb4f0c21ae6014e40ef007ff6fbcbeb9,94f7f1cb719dd707fd437e918d282537,delivered,2017-02-12 18:48:56,2017-02-12 19:02:52,2017-02-16 14:42:05,2017-03-01 14:09:10,2017-03-16,True,True,False,False,False,False,True,16.805717592592593,31.216018518518517,0.0,0.0,2017-02-01,True,977136c10acb01bd9cecb7d18ff7d1a0,SP,Southeast,1.0,34.99,10.96,1.0,1.0,45.95,2.0,1.0,voucher,5.0,False,45.95
f31535f21d145b2345e2bf7f09d62322,ed532487db04478dfba09d112649fc13,delivered,2018-02-01 07:47:34,2018-02-01 08:10:31,2018-02-02 00:24:34,2018-04-23 15:49:34,2018-03-05,True,True,False,False,False,False,True,81.33472222222223,31.675300925925924,1.0,49.659421296296294,2018-02-01,True,51ac8560948d44d4ffa33f2680569a20,RJ,Southeast,1.0,199.0,24.26,1.0,1.0,223.26,2.0,5.0,credit_card,1.0,False,223.26
d86359a45e3f6c6d8b35f7b13e41abf5,a1acf95041edd043087a040e89449636,delivered,2018-06-06 14:21:47,2018-06-06 14:35:26,2018-06-08 13:20:00,2018-06-15 14:28:27,2018-07-12,True,True,False,False,False,False,True,9.00462962962963,35.40153935185185,0.0,0.0,2018-06-01,True,191525912e1a31a97bf8b481ce852f75,SP,Southeast,1.0,105.0,19.7,1.0,1.0,124.7,1.0,1.0,credit_card,5.0,True,124.7
248ff7b41bfa395f5ee828720889e664,754862f813b4662e840ff16a52db05f0,delivered,2017-11-17 13:12:47,2017-11-17 13:35:40,2017-11-21 18:18:35,2017-11-27 20:41:48,2017-12-12,True,True,False,False,False,False,True,10.31181712962963,24.449456018518518,0.0,0.0,2017-11-01,True,6dfa1ddc7f7e7d7930de326f34c16f53,BA,Northeast,1.0,24.9,16.79,1.0,1.0,41.69,1.0,1.0,credit_card,3.0,False,41.69
2d5cdc856665603f1580e3586bde89a5,caecab08cac2be52d89f87462765b4f4,delivered,2018-01-30 17:36:43,2018-01-30 17:57:55,2018-02-01 18:13:16,2018-02-05 19:38:56,2018-02-21,True,True,False,False,False,False,True,6.084872685185185,21.26616898148148,0.0,0.0,2018-01-01,True,ecc6d0f3eb9435df737e1f0d9a1c6d3f,SP,Southeast,1.0,199.9,17.03,1.0,1.0,216.93,1.0,8.0,credit_card,5.0,True,216.93
b06112f703115e6d92f3baf4e2458a5a,1224a9f43655b57c469ab096e6ba5dc2,delivered,2018-03-07 12:08:37,2018-03-07 12:29:55,2018-03-08 19:58:35,2018-03-13 18:56:39,2018-03-21,True,True,False,False,False,False,True,6.283356481481482,13.494016203703703,0.0,0.0,2018-03-01,True,fc99cf02242e9883997db66f863ab742,RJ,Southeast,2.0,219.8,21.94,1.0,1.0,241.74,1.0,6.0,credit_card,5.0,True,241.74
45ac1d4b219993bf334080eac1585166,a7d1dc2de29fc011bf5f947f8a8636c7,delivered,2018-01-10 09:04:09,2018-01-10 10:31:35,2018-01-10 22:48:10,2018-01-17 15:44:12,2018-02-08,True,True,False,False,False,False,True,7.2778125,28.622118055555557,0.0,0.0,2018-01-01,True,99d697dd68fad729283560abe0adae43,RJ,Southeast,1.0,119.0,17.37,1.0,1.0,136.37,1.0,2.0,credit_card,5.0,True,136.37
51fc12a7908ea200b269a6ecfb3e7740,abbfa19a38ba17ff02883ba523a9d42f,delivered,2017-02-08 18:00:36,2017-02-10 02:55:28,2017-02-15 12:37:51,2017-02-20 18:14:01,2017-03-17,True,True,False,False,False,False,True,12.009317129629629,36.249583333333334,0.0,0.0,2017-02-01,True,16bc2649f4feeba423feecb3279bd28f,SP,Southeast,1.0,20.0,10.96,1.0,1.0,30.96,1.0,1.0,boleto,4.0,False,30.96
c228d309379c3ae545cc6ca2d5aae1b2,eca5e1383292be5fc6c5b1aa3e1215b5,delivered,2018-06-30 21:57:55,2018-06-30 22:10:13,2018-07-02 13:39:00,2018-07-04 21:48:36,2018-07-24,True,True,False,False,False,False,True,3.9935300925925925,23.08478009259259,0.0,0.0,2018-06-01,True,b36e3758a257a9e554bfae4d648b2950,SP,Southeast,1.0,35.0,13.83,1.0,1.0,48.83,1.0,1.0,credit_card,5.0,True,48.83
f419e615bbdeb34741d4bdd661ff8599,271f76c70ce217ee656713b99097eaef,delivered,2018-08-08 10:49:59,2018-08-08 11:05:15,2018-08-10 13:40:00,2018-08-16 19:18:51,2018-08-17,True,True,False,False,False,False,True,8.353379629629629,8.548622685185185,0.0,0.0,2018-08-01,True,6985e81d9007fa0eac3c04a9752efd6c,RS,South,1.0,56.9,18.2,1.0,1.0,75.1,1.0,1.0,credit_card,5.0,True,75.1
c10ff28c81d0b9bd2a265bb0836c8b0c,05535d34af5324aaf6988e1d890a0d6e,delivered,2017-10-05 05:23:47,2017-10-05 06:21:20,2017-10-06 17:16:05,2017-10-09 18:32:38,2017-10-30,True,True,False,False,False,False,True,4.5478125,24.775150462962962,0.0,0.0,2017-10-01,True,6927dac0fa9c5c972d388e6a77ce7d93,SP,Southeast,1.0,60.0,16.67,1.0,1.0,76.67,1.0,7.0,credit_card,4.0,False,76.67
638f79643fd5681c6e6c6ef1f1ab700d,69d8d9775287ba592a957eba2211d351,delivered,2018-04-10 14:58:16,2018-04-10 15:11:08,2018-04-17 13:16:29,2018-04-27 23:17:26,2018-05-11,True,True,False,False,False,False,True,17.34664351851852,30.376203703703705,0.0,0.0,2018-04-01,True,4e1e21d422058c75922a29548f43479d,RJ,Southeast,1.0,178.99,19.13,1.0,1.0,198.12,1.0,2.0,credit_card,5.0,False,198.12
a094215e786240fcfefb83d18036a1cd,86acfb656743da0c113d176832c9d535,delivered,2018-02-08 18:56:45,2018-02-08 19:32:18,2018-02-09 21:41:54,2018-02-19 13:28:50,2018-02-22,True,True,False,False,False,False,True,10.772280092592593,13.210590277777778,0.0,0.0,2018-02-01,True,f5cb81f98962f7504bef1e75579b6dff,SP,Southeast,1.0,122.99,9.06,1.0,1.0,132.05,1.0,1.0,credit_card,5.0,False,132.04999999999998
86e574a0701d15590bf31783bc7de5dc,cacade100f1ef4bb325438538d726a76,delivered,2018-07-12 20:24:07,2018-07-12 20:35:10,2018-07-17 10:32:00,2018-07-23 18:09:27,2018-07-27,True,True,False,False,False,False,True,10.906481481481482,14.149918981481482,0.0,0.0,2018-07-01,True,0d75e26f60500a90bbf13fa2b9af61cb,PR,South,1.0,94.0,18.46,1.0,1.0,112.46,1.0,1.0,credit_card,4.0,True,112.46000000000001
fb9b2930f4a30f96c7cc98eaaa85e5f0,02ed2cff54eb047cdbe79dd0535945d4,delivered,2017-11-24 14:15:53,2017-11-24 16:19:01,2017-11-30 18:18:50,2017-12-17 10:47:53,2017-12-14,True,True,False,False,False,False,True,22.855555555555554,19.405636574074073,1.0,3.4499189814814817,2017-11-01,True,757921c3d0047781031e9bcbaf2c393c,SP,Southeast,1.0,70.91,13.52,1.0,1.0,84.43,1.0,5.0,credit_card,1.0,True,84.42999999999999
8e24261a7e58791d10cb1bf9da94df5c,64a254d30eed42cd0e6c36dddb88adf0,unavailable,2017-11-16 15:09:28,2017-11-16 15:26:57,,,2017-12-05,False,False,False,False,False,False,False,,18.368425925925926,,,2017-11-01,True,41fc647b8c6bd979b1b6364b60471b50,SC,South,0.0,0.0,0.0,0.0,0.0,84.0,1.0,5.0,credit_card,1.0,True,0.0
02aec12849744e266394182861265286,076dcea2eb6c8dbe9354f7c0d8670a00,delivered,2017-08-31 17:46:40,2017-08-31 18:05:09,2017-09-04 19:22:51,2017-09-12 20:59:50,2017-09-27,True,True,False,False,False,False,True,12.134143518518519,26.25925925925926,0.0,0.0,2017-08-01,True,5a014dabe8de0cc29621e8c8d5ebfd8e,BA,Northeast,1.0,174.9,35.74,1.0,1.0,210.64,1.0,4.0,credit_card,5.0,True,210.64000000000001
f11b36b3bc7bacf06deef862ed611f02,ae8db0691449a44352e7d535ddf78c5e,delivered,2018-05-15 09:10:20,2018-05-16 03:14:50,2018-05-16 15:47:00,2018-05-22 20:37:31,2018-05-30,True,True,False,False,False,False,True,7.477210648148148,14.617824074074074,0.0,0.0,2018-05-01,True,ad28944afc91824e30366a595654aaa4,SP,Southeast,1.0,109.9,14.86,1.0,1.0,124.76,1.0,1.0,boleto,4.0,False,124.76
2c3a5e5f5bc3ae78ed5748461e62d47d,5f2bc926ec92aa65c33b70ed59e74175,delivered,2018-01-22 19:22:26,2018-01-22 19:36:30,2018-01-24 00:34:56,2018-02-06 15:49:01,2018-02-06,True,True,False,False,False,False,True,14.851793981481482,14.19275462962963,1.0,0.6590393518518518,2018-01-01,True,26519785c800da52d3796667a222ecb0,SP,Southeast,1.0,59.99,9.74,1.0,1.0,69.73,1.0,1.0,credit_card,5.0,False,69.73
4eeecb9e657525024b9b538730c5f974,b7a7e149c4a6120ec3938bd2752683c2,delivered,2018-06-16 00:01:56,2018-06-16 00:23:09,2018-06-18 12:23:00,2018-06-28 16:41:38,2018-07-13,True,True,False,False,False,False,True,12.694236111111111,26.998657407407407,0.0,0.0,2018-06-01,True,1fd4f857b3f68f5622ebde22e2b328a6,MG,Southeast,1.0,12.99,18.23,1.0,1.0,31.22,1.0,3.0,credit_card,5.0,False,31.22
6f954a919130aa1e8def4ed1b9fca432,d929280e89af72c9509d90a5912adaa4,delivered,2018-07-28 18:21:00,2018-07-31 03:50:25,2018-07-31 11:13:00,2018-08-01 23:57:28,2018-08-02,True,True,False,False,False,False,True,4.233657407407407,4.235416666666667,0.0,0.0,2018-07-01,True,c05813a7cd3de5d467c50fb22e52eb2c,SP,Southeast,1.0,13.3,8.88,1.0,1.0,22.18,1.0,1.0,boleto,5.0,False,22.18
56bd45163229b35ca0ab490c1e3d3233,f8975f0842ae1e4670a410a02b1b5053,delivered,2017-11-28 21:07:26,2017-11-28 21:17:25,2017-12-04 21:37:41,2017-12-12 20:22:51,2017-12-18,True,True,False,False,False,False,True,13.969039351851851,19.11983796296296,0.0,0.0,2017-11-01,True,83d1d424c386ddd0ee98407d038bcdb2,SP,Southeast,1.0,64.9,11.95,1.0,1.0,76.85,1.0,1.0,credit_card,5.0,False,76.85000000000001
6bb1e842418aac0c9c820afd3bb63a2d,032f25110f17bb0d65268257b10738bc,delivered,2018-02-11 14:13:54,2018-02-11 14:25:28,2018-02-21 18:49:53,2018-03-05 22:04:37,2018-03-23,True,True,False,False,False,False,True,22.326886574074074,39.40701388888889,0.0,0.0,2018-02-01,True,b931fdce2c9ab0c8475ac1bc83af0f04,GO,Central-West,1.0,15.9,16.79,1.0,1.0,32.69,1.0,3.0,credit_card,4.0,True,32.69
28fa410eec232354726af94904c6fa9b,229755021cdd010bc07d4f5b35c78ef6,delivered,2018-03-17 15:21:11,2018-03-20 03:48:59,2018-04-05 00:32:57,2018-04-06 01:23:24,2018-04-16,True,True,False,False,False,False,True,19.418206018518518,29.36028935185185,0.0,0.0,2018-03-01,True,28a9545ffe21521e8fa3870135873d50,SP,Southeast,1.0,79.97,20.6,1.0,1.0,100.57,1.0,1.0,boleto,5.0,False,100.57
f93af565de05d2427790ad8d0368a80e,abd4fba77f31f5efdc766a09851e4da3,delivered,2018-06-03 11:52:11,2018-06-03 12:10:28,2018-06-04 15:05:00,2018-06-05 18:19:32,2018-06-28,True,True,False,False,False,False,True,2.2689930555555557,24.50542824074074,0.0,0.0,2018-06-01,True,0be176523405976a37488ad6a2b81031,SP,Southeast,1.0,79.99,8.32,1.0,1.0,88.31,1.0,2.0,credit_card,5.0,False,88.31
3f3913e8c7fd221ac82a34ffa20b93ee,a9c6cd6cf9583fa5820d55c21238f78e,delivered,2018-05-07 21:49:08,2018-05-07 22:11:35,2018-05-11 13:49:00,2018-05-17 16:56:33,2018-05-24,True,True,False,False,False,False,True,9.79681712962963,16.09087962962963,0.0,0.0,2018-05-01,True,6c5c77a50c55187a74295b4aee84b778,DF,Central-West,1.0,44.9,10.66,1.0,1.0,55.56,1.0,1.0,credit_card,5.0,False,55.56
ed91235fc08276eed0470b26a6dbd4a3,977275bd3cd425aa9926a3388658f485,delivered,2018-03-09 14:58:05,2018-03-10 14:50:28,2018-03-13 19:18:29,2018-03-29 23:31:48,2018-04-05,True,True,False,False,False,False,True,20.356747685185184,26.376331018518517,0.0,0.0,2018-03-01,True,e20247a9f1cdb71d4415f2a0903212f9,PE,Northeast,1.0,325.0,38.96,1.0,1.0,363.96,1.0,5.0,credit_card,5.0,False,363.96
7107c5823a581db0314f8f0fa95f61e7,2368e38c19fd581f0953057716cad811,delivered,2018-02-27 15:53:44,2018-02-27 16:15:38,2018-03-01 20:07:45,2018-03-22 22:12:59,2018-04-03,True,True,False,False,False,False,True,23.263368055555556,34.33768518518519,0.0,0.0,2018-02-01,True,f81bd58e79b9717dc8a5edb0c4f0b502,SP,Southeast,1.0,72.9,12.01,1.0,1.0,84.91,1.0,1.0,credit_card,5.0,False,84.91000000000001
3a830ecb5338f0ff69822d388b64822e,f8c3d249c98f91b25409df45d4a095e3,delivered,2018-01-24 11:40:28,2018-01-24 15:08:06,2018-02-07 18:44:52,2018-02-15 15:08:38,2018-02-20,True,True,False,False,False,False,True,22.144560185185185,26.513564814814814,0.0,0.0,2018-01-01,True,682dff0e9050d37ddd64e2ffc53bcbbe,MS,Central-West,1.0,109.0,98.02,1.0,1.0,207.02,1.0,3.0,credit_card,4.0,False,207.01999999999998
955ea2e3177592d909296220d7fcdebd,58ffe52cbd8077e75af00321bd152ce2,delivered,2018-06-09 11:02:51,2018-06-09 11:15:21,2018-06-11 14:05:00,2018-06-19 11:22:36,2018-07-04,True,True,False,False,False,False,True,10.013715277777777,24.5396875,0.0,0.0,2018-06-01,True,86d665d743ac6fc7a69c5f97c1264ea9,RS,South,1.0,394.65,24.47,1.0,1.0,419.12,1.0,8.0,credit_card,5.0,False,419.12
6d231a099f98f5a590ad78db56ae82f1,6ee311afc0adb5663ad53868d46ba39d,delivered,2017-11-11 22:16:49,2017-11-11 22:30:25,2017-11-13 21:32:01,2017-11-16 21:48:37,2017-11-27,True,True,False,False,False,False,True,4.980416666666667,15.071655092592593,0.0,0.0,2017-11-01,True,089b7f0bd3654dae116bbef61b197fea,SP,Southeast,1.0,34.49,7.78,1.0,1.0,42.27,1.0,1.0,credit_card,4.0,False,42.27
4bb6e6f5af26e1f5951d934386615406,f962bd6ee98fa707c3e2eb532bab37b0,delivered,2018-06-28 11:08:58,2018-06-28 11:31:07,2018-06-28 11:57:00,2018-07-09 16:02:28,2018-07-31,True,True,False,False,False,False,True,11.203819444444445,32.535439814814815,0.0,0.0,2018-06-01,True,0e52335ca066271c324be8289cae3251,RJ,Southeast,1.0,66.99,27.75,1.0,1.0,94.74,1.0,4.0,credit_card,5.0,False,94.74
c4d2f075fc3bf3a06d1e68e113c35cbd,aa6edca5d83d4c8e9a2262b9847febd6,delivered,2018-08-01 14:58:41,2018-08-01 15:31:17,2018-08-02 16:46:00,2018-08-15 00:18:53,2018-08-27,True,True,False,False,False,False,True,13.389027777777779,25.37591435185185,0.0,0.0,2018-08-01,True,33e608856217dd0b34bf69e313470406,BA,Northeast,1.0,54.9,24.73,1.0,1.0,79.63,1.0,1.0,credit_card,2.0,True,79.63
52e5445828db681d83dccb33a15ecac4,d42ee2c04270ba237933c8bdd5e1c761,delivered,2017-11-24 17:37:41,2017-11-24 20:56:27,2017-11-27 15:12:48,2017-12-19 14:19:22,2017-12-27,True,True,False,False,False,False,True,24.86228009259259,32.26549768518519,0.0,0.0,2017-11-01,True,c53d90ab068a7fde8fb74003248e1ebc,BA,Northeast,1.0,170.0,24.06,1.0,1.0,194.06,1.0,8.0,credit_card,3.0,True,194.06
879195f2460f97ab2f3bf119f2e8638b,09cdb569d94234872c468f2711ca0f91,delivered,2018-02-03 14:56:55,2018-02-03 15:11:02,2018-02-05 15:54:50,2018-02-23 22:59:22,2018-03-01,True,True,False,False,False,False,True,20.335034722222222,25.377141203703705,0.0,0.0,2018-02-01,True,ae3759d2ee307574752179acccd595b6,SP,Southeast,1.0,27.9,11.85,1.0,1.0,39.75,1.0,1.0,credit_card,5.0,False,39.75
22ff7c206b68858435452298296c2fcb,5ad934ace4646e3dad70148a823eb138,delivered,2017-04-27 10:24:22,2017-04-27 10:35:12,2017-04-28 14:07:00,2017-05-11 17:22:55,2017-05-25,True,True,False,False,False,False,True,14.290659722222221,27.566412037037036,0.0,0.0,2017-04-01,True,795ec127906a9e161109399a70f5826d,MG,Southeast,1.0,39.9,10.96,1.0,1.0,50.86,1.0,5.0,credit_card,5.0,False,50.86
ebc8d4b1397747291b758772e9d87984,4d225460f83ea2b1ac705ad1d5eef02f,delivered,2018-04-10 16:22:27,2018-04-10 16:35:12,2018-04-11 16:58:25,2018-04-23 13:47:49,2018-05-04,True,True,False,False,False,False,True,12.892615740740741,23.317743055555557,0.0,0.0,2018-04-01,True,1a2d84203a039be469e1e754f4b8b0b2,ES,Southeast,1.0,89.99,18.21,1.0,1.0,108.2,1.0,2.0,credit_card,5.0,False,108.19999999999999
9f882c1f904b7dd156572ada58d7a7ae,843ff05b30ce4f75b6170b39c78a8ee5,delivered,2017-11-13 10:07:36,2017-11-13 10:16:29,2017-12-01 23:19:42,2017-12-11 17:38:06,2017-12-22,True,True,False,False,False,False,True,28.31284722222222,38.57805555555556,0.0,0.0,2017-11-01,True,8718d37e3e19a80c134708dbe5815732,RS,South,1.0,84.9,17.84,1.0,1.0,102.74,1.0,1.0,credit_card,5.0,True,102.74000000000001
5691d72069359cd293ac9a14f1bd5e9b,a8f76d9cb0f8db57cbbfe8d67b257893,delivered,2018-07-23 10:21:28,2018-07-25 02:55:14,2018-07-25 13:19:00,2018-08-02 00:42:53,2018-08-14,True,True,False,False,False,False,True,9.59820601851852,21.568425925925926,0.0,0.0,2018-07-01,True,3353f4c5877c92dabf4068661b4564fd,TO,North,1.0,34.9,37.15,1.0,1.0,72.05,1.0,1.0,boleto,5.0,False,72.05
884cb4ce4a06390d35206de06f785d13,d19813c8754cc82d0add67df8bd8a38c,delivered,2018-04-03 20:44:15,2018-04-04 03:29:36,2018-04-04 19:12:15,2018-04-05 20:09:27,2018-04-13,True,True,False,False,False,False,True,1.9758333333333333,9.1359375,0.0,0.0,2018-04-01,True,0a289ff546b41e561b900c97b7bf6c78,SP,Southeast,1.0,16.99,7.39,1.0,1.0,24.38,1.0,1.0,boleto,4.0,False,24.38
8e9e2a5d159d5718b34b926a34a0498f,3e8da88b70b67f67a05f66a138bd7f14,delivered,2018-01-12 19:27:08,2018-01-12 19:37:22,2018-01-15 23:19:13,2018-01-17 22:08:50,2018-01-31,True,True,False,False,False,False,True,5.112291666666667,18.18949074074074,0.0,0.0,2018-01-01,True,900cd19b12a13a27ae64bf2d4f1271ec,SP,Southeast,1.0,49.0,7.78,1.0,1.0,56.78,1.0,1.0,credit_card,5.0,False,56.78
c0aa0e99afe6f6dac845326a854690fd,316540a76ab1fe860a9cddf7f2f6717a,delivered,2017-07-24 17:19:00,2017-07-24 17:30:29,2017-07-26 00:58:24,2017-08-08 15:07:39,2017-08-11,True,True,False,False,False,False,True,14.908784722222222,17.278472222222224,0.0,0.0,2017-07-01,True,8234ef6394990aa58bc7078911f82f1b,SP,Southeast,1.0,119.0,12.33,1.0,1.0,131.33,1.0,1.0,credit_card,3.0,True,131.33
1d251ab94983c4adb11e4b168abb1439,230ab395e91b2421bd00ea45b60b23cb,delivered,2018-03-07 23:46:19,2018-03-08 00:49:38,2018-03-08 20:12:34,2018-03-16 13:58:58,2018-03-28,True,True,False,False,False,False,True,8.592118055555556,20.009502314814814,0.0,0.0,2018-03-01,True,cbc1758cf3d80ee00814749bdb650bd3,PR,South,1.0,219.0,19.41,1.0,1.0,238.41,3.0,6.0,credit_card,5.0,False,238.41
d9cfa4b0f995deb2fa9758d5534e1d13,24d47eeeee1e60eb5caf099281d0b3b8,delivered,2018-06-05 11:36:11,2018-06-05 19:15:24,2018-06-06 14:59:00,2018-06-11 21:38:34,2018-07-16,True,True,False,False,False,False,True,6.41832175925926,40.516539351851854,0.0,0.0,2018-06-01,True,e88522b2099d00ffd478720abcaeba48,RJ,Southeast,1.0,129.9,18.79,1.0,1.0,148.69,1.0,1.0,boleto,3.0,False,148.69
8a49984afb76dae66f3810e1b7093ec4,3cc640f13134a74f3bc34b9b0094d412,delivered,2018-02-15 23:27:21,2018-02-17 03:35:43,2018-02-19 23:53:13,2018-03-14 16:52:13,2018-03-20,True,True,False,False,False,False,True,26.725601851851852,32.02267361111111,0.0,0.0,2018-02-01,True,30e4588900a8ceade11dbe60525d107e,PE,Northeast,1.0,89.18,27.16,1.0,1.0,116.34,1.0,1.0,boleto,5.0,False,116.34
c26b94aa87e95d1c1eb1b592f43eb223,7aed8da5ae4e0e34226c47f3bf041956,delivered,2017-06-29 00:10:49,2017-06-29 00:23:33,2017-06-29 15:41:19,2017-07-10 17:36:56,2017-07-19,True,True,False,False,False,False,True,11.726469907407408,19.992488425925927,0.0,0.0,2017-06-01,True,7e69734dad7cfcbe95aa59f38095057d,SP,Southeast,2.0,179.8,24.26,1.0,2.0,204.06,1.0,2.0,credit_card,5.0,True,204.06
06ae7271902bbb087fc093137fee6e81,1a1b5f9e903aa3c203caf5cb63fca2b1,delivered,2018-01-19 21:07:32,2018-01-20 09:09:35,2018-01-29 20:17:05,2018-02-20 19:27:20,2018-02-22,True,True,False,False,False,False,True,31.930416666666666,33.11976851851852,0.0,0.0,2018-01-01,True,701a19d561fa7884b12c229759819698,RJ,Southeast,1.0,79.0,17.8,1.0,1.0,96.8,1.0,1.0,boleto,5.0,False,96.8
8373f5d7df6d9249999fd38f8513e6d7,690515766f9073c82cc07cfa11c4fc11,delivered,2018-03-29 12:00:11,2018-03-29 12:48:47,2018-04-02 16:46:48,2018-04-09 19:26:42,2018-04-17,True,True,False,False,False,False,True,11.310081018518519,18.499872685185185,0.0,0.0,2018-03-01,True,5925dfa8cd87ab4d852383f7039c8bc2,SP,Southeast,1.0,115.0,15.69,1.0,1.0,130.69,1.0,1.0,debit_card,4.0,False,130.69
3b4ad687e7e5190db827e1ae5a8989dd,1a87b8517b7d31373b50396eb15cb445,shipped,2018-06-28 12:52:15,2018-06-28 13:11:09,2018-07-04 15:20:00,,2018-08-03,True,True,False,False,False,False,False,,35.46371527777778,,,2018-06-01,True,1c13e7a690e418f5a133c8a219b5a124,RJ,Southeast,1.0,844.0,21.01,1.0,1.0,865.01,1.0,10.0,credit_card,1.0,True,865.01
