seller_id,seller_state,orders,revenue_brl,avg_order_value_brl,avg_review_score,reviewed_orders,delivered_orders,avg_delivery_days,late_delivery_rate_pct
4869f7a5dfa277a7dca6462dcf3b52b2,SP,1131,229237.63,202.69,4.136,1123,1124,15.06,11.57
53243585a1d6dc2643021fd1853d8905,BA,358,222776.05,622.28,4.132,356,348,13.43,4.31
4a3ca9315b744ce9f8e9374361493884,SP,1804,200326.12,111.05,3.829,1783,1772,14.49,11.00
fa1c13f2614d7b5c4749cbc52fecda94,SP,584,192842.13,330.21,4.343,580,578,13.35,10.21
7c67e1448b00f6e969d365cea6b010ab,SP,982,187923.89,191.37,3.489,976,973,22.34,10.07
7e93a43ef30c4f03f38b393420bc753a,SP,332,172583.88,519.83,4.248,331,319,11.31,5.64
da8622b14eb17ae2831f4ac5b9dab84a,SP,1314,160236.57,121.95,4.176,1308,1311,11.19,7.63
7a67c85e85bb2ce8582c35f2203ad736,SP,1159,141715.54,122.27,4.246,1150,1145,11.20,5.94
1025f0e2d44d7041d6cf58b6550e0bfa,SP,915,138968.55,151.88,3.990,907,910,12.39,10.11
955fee9216a65b617aa5c0531780ce60,SP,1286,135159.70,105.10,4.160,1276,1261,10.77,7.77
46dc3b2cc0980fb8ec44634e21d2718e,RJ,518,127161.22,245.48,4.207,512,503,11.93,6.56
6560211a19b47992c3666cc44a7e94c0,SP,1847,122776.83,66.47,3.945,1831,1819,9.63,6.43
620c87c171fb2a6dd6e8bb4dec959fc6,RJ,732,113659.40,155.27,4.273,725,722,12.90,9.97
7d13fca15225358621be4086e1eb0964,SP,565,113628.97,201.11,4.025,561,558,15.73,12.19
5dceca129747e92ff8ef7a997dc4f8ca,SP,324,112085.63,345.94,3.994,320,322,11.57,6.21
1f50f920176fa81dab994f9023523100,SP,1403,106889.31,76.19,4.135,1398,1399,15.81,10.58
cc419e0650a3c5ba77189a1882b7556a,SP,1697,103634.51,61.07,4.085,1689,1651,11.59,6.12
a1043bafd471dff536d0c462352beb48,MG,715,101483.16,141.93,4.231,713,702,13.65,5.70
3d871de0142ce09b7081e2b9d1733cb1,SP,1076,94508.20,87.83,4.162,1065,1064,13.51,5.92
edb1ef5e36e0c8cd84eb3c9b003e486d,RJ,166,79284.55,477.62,4.422,166,165,11.90,7.88
ccc4bbb5f32a6ab2b7066a4130f114e3,PR,187,74004.62,395.75,4.285,186,184,15.87,7.61
f7ba60f8c3f99e7ee4042fdef03b70c4,SP,219,68395.00,312.31,4.205,219,218,13.41,15.60
fe2032dab1a61af8794248c8196565c9,SP,294,65959.61,224.35,4.376,290,293,10.77,8.87
8581055ce74af1daba164fdbd55a40de,SP,385,64549.42,167.66,4.268,384,379,13.10,10.03
cca3071e3e9bb7d12640c9fbe2301306,SP,711,63984.99,89.99,3.847,700,699,14.16,5.87
04308b1ee57b6625f47df1d56f00eedf,SC,94,60130.60,639.69,3.883,94,92,18.88,11.96
522620dcb18a6b31cd7bdf73665113a9,PR,174,57168.49,328.55,3.888,170,172,15.40,10.47
17e34d8224d27a541263c4c64b11a56b,SP,253,55470.32,219.25,4.211,251,247,14.27,8.50
de722cd6dad950a92b7d4f82673f8833,PE,339,55426.10,163.50,4.294,337,337,12.68,4.45
7ddcbb64b5bc1ef36ca8c151f6ec77df,SP,332,55375.59,166.79,3.973,329,325,12.71,8.62
37be5a7c751166fbc5f8ccba4119e043,SP,272,55350.55,203.49,4.328,268,269,10.65,2.60
218d46b86c1881d022bce9c68a7d4b15,SP,387,54699.30,141.34,4.153,385,382,13.90,9.42
25c5c91f63607446a97b143d2d535d31,MG,158,54679.22,346.07,3.834,157,156,14.47,7.05
ceaec5548eefc6e23e6607c5435102e7,SP,201,52487.18,261.13,4.162,198,198,13.02,6.06
f5a590cf36251cf1162ea35bef76fe84,SP,114,51717.78,453.66,4.281,114,113,11.74,10.62
966cb4760537b1404caedd472cc610a5,SP,75,51286.05,683.81,3.865,74,67,10.04,2.99
e882b2a25a10b9c057cc49695f222c19,RJ,57,51057.54,895.75,4.579,57,57,9.55,0.00
b2ba3715d723d245138f291a6fe42594,SP,333,50968.28,153.06,4.127,330,324,14.07,8.95
2bf6a2c1e71bbd29a4ad64e6d3c3629f,RJ,30,50628.90,1687.63,4.167,30,30,13.65,10.00
f8db351d8c4c4c22c6835c19a46f01b0,SP,666,50498.70,75.82,4.239,662,659,9.87,5.16
17f51e7198701186712e53a39c564617,SP,56,48019.00,857.48,4.339,56,56,23.24,8.93
8160255418d5aaa7dbdc9f4c64ebda44,SP,385,47017.69,122.12,3.934,381,380,16.25,16.58
77530e9772f57a62c906e1c21538ab82,PR,319,46470.50,145.68,4.107,318,312,15.01,11.54
4e922959ae960d389249c378d1c939f5,SP,420,46030.37,109.60,3.954,415,412,14.52,10.68
c826c40d7b19f62a09e2d7c5e7295ee2,SP,354,45643.74,128.94,4.080,352,346,13.30,9.54
850f4f8af5ea87287ac68de36e29107f,SP,187,45355.36,242.54,4.293,184,186,10.13,6.45
b33e7c55446eabf8fe1a42d037ac7d6d,SP,152,44985.17,295.96,4.164,152,149,16.28,12.75
ba90964cff9b9e0e6f32b23b82465f7b,SP,38,44212.50,1163.49,4.421,38,38,10.02,5.26
eeb6de78f79159600292e314a77cbd18,SC,83,43739.84,526.99,4.446,83,82,12.16,3.66
4d6d651bd7684af3fffabd5f08d12e5a,SP,368,43517.50,118.25,4.202,367,363,13.02,4.68
e9779976487b77c6d4ac45f75ec7afe9,SP,656,43127.95,65.74,4.221,652,645,9.86,7.29
c3cfdc648177fdbbbb35635a37472c53,PR,278,43048.18,154.85,4.469,277,278,9.73,2.52
b839e41795b7f3ad94cc2014a52f6796,SP,33,42829.00,1297.85,4.091,33,33,6.67,3.03
2eb70248d66e0e3ef83659f71b244378,SP,202,42628.61,211.03,2.697,198,187,18.01,13.90
d91fb3b7d041e83b64a00a3edfb37e4f,SP,535,40889.74,76.43,4.089,531,524,11.28,6.30
17a053fcb14bd219540cbde0df490be0,SP,125,40703.14,325.63,4.228,123,124,12.28,8.06
391fc6631aebcf3004804e51b40bcf1e,SP,526,39951.95,75.95,4.033,523,521,14.42,10.36
834f3294fba9f932f56edc879193f925,SP,66,39907.50,604.66,4.545,66,66,14.30,6.06
712e6ed8aa4aa1fa65dab41fed5737e4,SC,79,39815.00,503.99,3.385,78,77,24.69,22.08
634964b17796e64304cadf1ad3050fb7,RJ,267,39357.10,147.40,4.045,266,265,14.67,10.19
7142540dd4c91e2237acb7e911c4eba2,SP,319,37373.56,117.16,4.028,317,316,14.74,8.23
ea8482cd71df3c1969d7b9473ff13abc,SP,1145,37147.53,32.44,3.999,1139,1132,13.32,10.42
7178f9f4dd81dcef02f62acdf8151e01,SC,203,37070.40,182.61,4.045,202,202,15.75,4.95
c70c1b0d8ca86052f45a432a38b73958,SP,261,36537.37,139.99,4.359,259,260,8.08,8.46
c3867b4666c7d76867627c2f7fb22e21,SP,240,36485.50,152.02,3.950,238,228,15.40,11.84
59417c56835dd8e2e72f91f809cd4092,SP,18,36459.00,2025.50,4.278,18,18,12.57,0.00
06a2c3af7b3aee5d69171b0e14f0ee87,MA,392,36408.95,92.88,3.990,388,389,17.73,23.14
e9bc59e7b60fc3063eb2290deda4cced,PR,215,34262.06,159.36,4.005,215,209,14.27,11.00
7299e27ed73d2ad986de7f7c77d919fa,MG,337,34225.43,101.56,4.430,337,335,11.30,4.78
9c0e69c7bf2619675bbadf47b43f655a,SP,156,33631.78,215.59,4.123,155,151,14.62,10.60
dbc22125167c298ef99da25668e1011f,MG,402,33558.18,83.48,4.292,401,394,11.48,2.54
76d5af76d0271110f9af36c92573f765,SP,131,33461.60,255.43,4.115,130,128,11.92,9.38
1835b56ce799e6a4dc4eddc053f04066,SP,423,33344.21,78.83,3.638,420,417,13.23,11.75
5c243662ce92d84573bfaff24c3e3700,SP,98,32862.02,335.33,4.144,97,98,10.91,3.06
2528513dd95219a6013d4d05176e391a,SP,160,32660.20,204.13,3.968,157,160,10.65,5.00
70eea00b476a314817cefde4aad4f89a,SP,108,31994.65,296.25,4.377,106,106,13.40,7.55
7681ef142fd2c19048da7430856b5588,SP,59,31941.81,541.39,4.172,58,58,10.56,13.79
855668e0971d4dfd7bef1b6a4133b41b,SP,310,31918.21,102.96,3.790,305,300,16.26,14.00
e59aa562b9f8076dd550fcddf0e73491,PR,70,31574.30,451.06,4.214,70,69,14.03,10.14
0241d4d5d36f10f80c644447315af0bd,PR,238,31397.70,131.92,4.354,237,238,11.00,5.88
88460e8ebdecbfecb5f9601833981930,PR,247,31396.65,127.11,3.423,246,246,17.80,19.51
87142160b41353c4e5fca2360caf6f92,RS,305,31095.98,101.95,4.405,304,305,10.93,5.57
70a12e78e608ac31179aea7f8422044b,SP,315,30858.53,97.96,3.799,313,312,14.71,10.90
53e4c6e0f4312d4d2107a8c9cddf45cd,SP,471,29969.01,63.63,4.098,469,463,12.02,5.40
d23019c84ffae2d5ef2270367b8605fc,PR,39,29205.10,748.85,4.410,39,39,11.28,2.56
900ba814c251a692506d7834c1218441,SP,88,29099.69,330.68,4.188,85,86,12.48,13.95
1554a68530182680ad5c8b042c3ab563,MG,247,29052.53,117.62,4.314,245,246,14.21,6.91
0b90b6df587eb83608a64ea8b390cf07,PR,164,28592.32,174.34,4.018,163,163,14.46,3.68
59b22a78efb79a4797979612b885db36,MG,125,27184.50,217.48,3.984,124,125,12.67,12.80
7e1fb0a3ebfb01ffb3a7dae98bf3238d,SP,157,27049.53,172.29,4.174,155,155,15.56,12.90
d1c281d3ae149232351cd8c8cc885f0d,SP,215,26942.60,125.31,3.798,213,214,12.69,8.88
b32be1695eb7ec5f10f72d9610a12527,RS,45,26874.00,597.20,4.068,44,44,12.28,4.55
12b9676b00f60f3b700e83af21824c0e,RS,134,26575.00,198.32,4.556,133,133,15.05,1.50
a3a38f4affed601eb87a97788c949667,SC,254,26533.32,104.46,4.386,251,251,12.55,4.78
9f505651f4a6abe901a56cdc21508025,SP,397,26361.82,66.40,4.340,394,393,8.07,5.09
de23c3b98a88888289c6f5cc1209054a,SP,163,26220.67,160.86,4.276,163,161,10.95,9.94
16090f2ca825584b5a147ab24aa30c86,SP,402,25716.44,63.97,4.060,400,398,9.18,10.80
b94cc9f10ddc85e4ba73a6f7974e7101,RJ,39,25346.10,649.90,4.297,37,39,10.58,7.69
c003204e1ab016dfa150abc119207b24,SP,197,25108.09,127.45,4.449,196,195,9.63,6.67
001cca7ae9ae17fb1caed9dfb1094831,ES,200,25080.03,125.40,3.985,197,195,13.41,6.67
1900267e848ceeba8fa32d80c1a5f5a8,SP,411,24982.53,60.78,3.837,404,406,13.15,10.34
a416b6a846a11724393025641d4edd5e,SP,157,24930.24,158.79,4.217,157,157,12.49,12.74
1c68394e931a64f90ea236c5ea590300,PR,142,24832.75,174.88,3.901,142,142,16.05,3.52
f62d7bb4a613ec758a03342d46b580b2,MG,32,24665.00,770.78,4.375,32,32,13.87,12.50
dc4a0fc896dc34b0d5bfec8438291c80,SP,231,24180.77,104.68,3.775,231,225,13.89,6.67
b37c4c02bda3161a7546a4e6d222d5b2,SP,4,24075.00,6018.75,2.250,4,4,18.67,25.00
710e3548e02bc1d2831dfc4f1b5b14d4,PR,136,23979.11,176.32,3.363,135,131,14.50,4.58
2b3e4a2a3ea8e01938cabda2a3e5cc79,SP,52,23629.15,454.41,4.365,52,52,8.78,0.00
1a3df491d1c4f1589fc2b934ada68bf2,SC,167,23302.70,139.54,4.192,167,160,14.84,5.63
40db9e9aa57f7bb151bcda6b0f9bdbb7,PE,12,23168.00,1930.67,2.364,11,12,14.78,8.33
612170e34b97004b3ba37eae81836b4c,RS,107,23065.02,215.56,4.430,107,107,10.99,1.87
897060da8b9a21f655304d50fd935913,SP,316,22723.92,71.91,3.639,313,304,14.95,11.84
7b0df942f46435babab05d49b744b2c4,SP,32,22600.63,706.27,4.387,31,32,11.09,9.38
7ad32824caee82087b3e2e5f33b1bf32,SP,151,22505.10,149.04,3.838,148,147,12.12,14.29
744dac408745240a2c2528fb1b6028f3,PR,79,22490.60,284.69,4.570,79,78,11.03,1.28
b1b3948701c5c72445495bd161b83a4c,SP,16,22249.30,1390.58,1.813,16,14,23.40,64.29
06e5eefc71ec47ae763c5c6f8db7064f,RS,92,22188.56,241.18,3.922,90,90,10.93,2.22
f45122a9ab94eb4f3f8953578bc0c560,SP,187,22078.29,118.07,3.957,187,184,12.76,7.61
05ff92fedb5be47920fea08e501238b9,RS,59,21992.78,372.76,4.237,59,57,12.34,5.26
8444e55c1f13cd5c179851e5ca5ebd00,MG,95,21967.96,231.24,3.326,95,92,21.08,6.52
ff69aa92bb6b1bf9b8b7a51c2ed9cf8b,SP,20,21940.80,1097.04,3.650,20,20,11.46,25.00
8f2ce03f928b567e3d56181ae20ae952,SP,153,21712.90,141.91,4.105,152,151,14.38,15.23
59fb871bf6f4522a87ba567b42dafecf,SP,126,21708.57,172.29,4.232,125,123,12.00,6.50
d2374cbcbb3ca4ab1086534108cc3ab7,SP,523,21196.02,40.53,3.766,517,514,14.61,5.84
729f06993dac8e860d4f02d7088ca48a,SP,96,20485.08,213.39,4.168,95,94,11.75,11.70
00ee68308b45bc5e2660cd833c3f81cc,SP,135,20260.00,150.07,4.299,134,135,9.62,8.89
48162d548f5b1b11b9d29d1e01f75a61,SP,67,20223.04,301.84,3.940,67,66,11.61,3.03
bfd27a966d91cfaafdb25d076585f0da,SP,117,19921.00,170.26,4.278,115,114,12.42,5.26
004c9cd9d87a3c30c522c48c4fc07416,SP,158,19712.71,124.76,4.129,155,156,14.81,8.33
d650b663c3b5f6fb392b6326366efa9a,SP,60,19242.90,320.72,4.200,60,57,9.84,7.02
821fb029fc6e495ca4f08a35d51e53a5,SP,27,19057.52,705.83,3.346,26,24,16.79,37.50
2a5b78b41cd05baeac8df54c6606b92c,MG,49,19025.36,388.27,4.327,49,46,9.04,2.17
dc317f341ab0e22f39acbd9dbf9b4a1f,RS,55,18988.40,345.24,4.145,55,55,12.41,5.45
96493fab2fbb13a14d0c0e8772eef5c3,SP,63,18969.00,301.10,4.065,62,63,13.38,6.35
f457c46070d02cadd8a68551231220dd,PR,196,18884.30,96.35,3.862,195,195,14.55,6.15
44073f8b7e41514de3b7815dd0237f4f,DF,144,18729.64,130.07,3.755,143,142,13.15,3.52
0dd184061fb0eaa7ca37932c68ab91c5,SP,161,18446.92,114.58,4.031,160,161,11.83,11.80
cd68562d3f44870c08922d380acae552,SP,124,18370.70,148.15,3.967,123,122,16.26,18.03
527801b552d0077ffd170872eb49683b,SP,90,17942.80,199.36,4.472,89,90,13.12,10.00
a888faf2d1baececa6baf9c3d603ee1f,PR,54,17765.80,329.00,4.037,54,53,18.02,15.09
9de4643a8dbde634fe55621059d92273,SC,72,17560.34,243.89,4.528,72,72,14.64,4.17
8b321bb669392f5163d04c59e235e066,SP,943,17535.69,18.60,4.075,939,930,12.67,10.43
c72de06d72748d1a0dfb2125be43ba63,BA,21,17522.00,834.38,4.476,21,21,9.70,0.00
165fc07beebdcb6190fba8a06db2a449,PR,50,17481.40,349.63,3.800,50,50,12.98,12.00
0c8380b62e38e8a1e6adbeba7eb9688c,MG,182,17348.79,95.32,4.039,180,180,12.98,5.56
1e8b33f18b4f7598d87f5cbee2282cc2,SP,123,17309.06,140.72,4.372,121,122,7.84,4.92
94144541854e298c2d976cb893b81343,RS,68,17286.28,254.21,4.254,67,68,12.94,4.41
54a1852d1b8f10312c55e906355666ee,SP,200,17226.44,86.13,4.327,199,198,11.50,9.60
abe42c5d03695b4257b5c6cbf4e6784e,RJ,50,17159.00,343.18,3.918,49,49,14.36,16.33
76d64c4aca3a7baf218bf93ef7fa768d,PR,64,16911.80,264.25,4.234,64,64,10.97,3.13
41b39e28db005d9731d9d485a83b4c38,SP,193,16872.75,87.42,4.098,193,187,12.37,6.42
c3acdfac4e3e97ff87529454fbc03642,SP,12,16788.00,1399.00,4.250,12,12,11.16,8.33
86ccac0b835037332a596a33b6949ee1,SC,179,16593.24,92.70,4.213,178,178,12.06,3.37
8ae520247981aa06bc94abddf5f46d34,SC,65,16320.99,251.09,4.446,65,65,10.98,1.54
7aa4334be125fcdd2ba64b3180029f14,SP,217,16234.81,74.81,4.102,215,214,16.00,13.55
ef0ace09169ac090589d85746e3e036f,RJ,129,16223.30,125.76,4.372,129,128,12.82,8.59
4a3ccda38b2129705f3fb522db62ca31,SP,65,16206.99,249.34,3.892,65,64,13.32,9.38
1f1bb1f0859883505541bdd6606193e5,SP,27,16040.84,594.11,4.333,27,27,13.98,11.11
fa40cc5b934574b62717c68f3d678b6d,SP,306,16005.97,52.31,4.484,304,304,11.31,6.25
4b9750c8ad28220fe6702d4ecb7c898f,SP,218,15915.30,73.01,4.362,218,217,9.46,7.83
229c3efbfb0ea2058de4ccdfbc3d784a,MG,121,15744.00,130.12,3.625,120,118,10.76,1.69
f9244d45189d3a3605499abddeade7d5,SP,21,15731.43,749.12,4.286,21,20,15.18,0.00
0adac9fbd9a2b63cccaac4f8756c1ca8,SP,107,15702.50,146.75,4.103,107,106,13.07,6.60
d921b68bf747894be13a97ae52b0f386,MG,77,15645.80,203.19,4.558,77,77,9.98,1.30
6061155addc1e54b4cfb51c1c2a32ad8,SP,28,15633.40,558.34,4.643,28,28,5.97,3.57
2a84855fd20af891be03bc5924d2b453,MG,161,15524.40,96.42,4.294,160,155,8.58,3.23
c33847515fa6305ce6feb1e818569f13,SC,114,15519.85,136.14,3.851,114,114,9.29,4.39
85d9eb9ddc5d00ca9336a2219c97bb13,MG,508,15383.34,30.28,4.186,505,499,14.64,3.61
213b25e6f54661939f11710a6fddb871,SP,155,15379.50,99.22,3.786,154,152,15.24,8.55
e5a38146df062edaf55c38afa99e42dc,SP,121,15360.07,126.94,3.958,120,120,12.19,9.17
c847e075301870dd144a116762eaff9a,MG,41,15248.80,371.92,4.200,40,41,16.93,9.76
79ebd9a61bac3eaf882805ed4ecfa12a,PR,136,15092.79,110.98,4.044,136,133,15.38,6.02
e2a1ac9bf33e5549a2a4f834e70df2f8,SP,5,14999.45,2999.89,4.800,5,5,12.34,0.00
75d34ebb1bd0bd7dde40dd507b8169c3,BA,61,14928.29,244.73,3.787,61,57,16.05,15.79
01fdefa7697d26ad920e9e0346d4bd1b,PR,129,14921.43,115.67,4.352,128,128,10.73,6.25
1b4c3a6f53068f0b6944d2d005c9fc89,SC,113,14760.30,130.62,4.214,112,111,14.55,6.31
a5cba26a62b8b4d0145b68b841e62e7f,PR,54,14737.84,272.92,4.519,54,53,13.18,1.89
4c2b230173bb36f9b240f2b8ac11786e,SP,261,14592.27,55.91,3.973,257,258,12.87,10.08
080199a181c46c657dc5aa235411be3b,SP,79,14504.20,183.60,4.615,78,79,8.09,2.53
8e6d7754bc7e0f22c96d255ebda59eba,SP,85,14497.27,170.56,3.576,85,84,15.29,16.67
cf8ab1616079e2793aa29d524df01bb1,SP,9,14391.00,1599.00,2.000,9,6,26.41,16.67
5cf13accae3222c70a9cac40818ae839,MG,149,14383.20,96.53,4.453,148,148,10.70,3.38
a6bd7d1ccdac48c6b33b28596b7eb122,PB,16,14368.61,898.04,3.333,15,15,15.62,13.33
66922902710d126a0e7d26b0e3805106,MG,151,14362.30,95.11,4.473,150,150,11.32,7.33
aba1721a889e04decc910aa13b768ef4,SP,83,14103.30,169.92,4.446,83,83,9.33,10.84
f08a5b9dd6767129688d001acafc21e5,RS,11,14069.63,1279.06,4.273,11,11,18.87,18.18
3b15288545f8928d3e65a8f949a28291,SP,104,14061.79,135.21,4.010,103,101,14.46,6.93
c6bda72e4dbf5c5866b13cb1810c6d03,SP,59,14059.38,238.29,4.390,59,59,10.21,3.39
2e90cb1677d35cfe24eef47d441b7c87,SP,127,13894.71,109.41,4.118,127,127,12.45,13.39
d94a40fd42351c259927028d163af842,MG,101,13823.80,136.87,4.182,99,100,13.94,4.00
05f51e13da97139648b8125c31e5f51b,MG,60,13769.01,229.48,4.067,60,57,12.51,15.79
b8bc237ba3788b23da09c0f1f3a3288c,SC,45,13685.71,304.13,4.318,44,45,11.74,2.22
6039e27294dc75811c0d8a39069f52c0,SP,64,13670.70,213.60,3.688,64,63,17.99,22.22
a673821011d0cec28146ea42f5ab767f,SP,127,13625.70,107.29,4.033,122,125,12.96,11.20
1f9ab4708f3056ede07124aad39a2554,SP,78,13602.73,174.39,4.078,77,76,14.52,5.26
6d66611d7c44cc30ce351abc49a68421,SP,166,13593.40,81.89,3.951,164,164,12.03,6.10
240b9776d844d37535668549a396af32,RJ,36,13592.08,377.56,4.278,36,35,11.36,5.71
610f72e407cdd7caaa2f8167b0163fd8,SP,16,13585.16,849.07,3.625,16,16,12.70,12.50
ce248b21cb2adc36282ede306b7660e5,SC,64,13560.19,211.88,4.234,64,64,15.72,10.94
289cdb325fb7e7f891c38608bf9e0962,SP,110,13544.95,123.14,4.573,110,109,6.73,1.83
0b35c634521043bf4b47e21547b99ab5,PR,51,13533.65,265.37,3.360,50,50,19.27,16.00
440dd6ab244315c632130ecfb63827b1,SP,93,13526.90,145.45,3.849,93,91,16.62,13.19
a3e9a2c700480d9bb01fba070ba80a0e,SP,130,13440.80,103.39,3.992,128,129,13.22,10.08
34d1ca11b242c0fee2c834ae8d788566,MG,40,13422.24,335.56,4.333,39,40,13.18,0.00
87b740daf17b5d1be335a64164ec6842,SP,12,13399.88,1116.66,3.500,12,11,18.17,9.09
1ca7077d890b907f89be8c954a02686a,SP,115,13341.57,116.01,2.333,114,108,15.54,22.22
8cc6a0e5738e61a87b03c78b2ba9db4b,MG,24,13312.40,554.68,4.333,24,23,16.77,8.70
d05ae8f7a5bd1d2a690a44cd079e4e27,RJ,77,13244.00,172.00,3.895,76,77,11.33,9.09
5d378b73ab7dd6f0418d743e5dcb0bd1,SP,7,13243.00,1891.86,3.857,7,6,30.49,16.67
ad97a199236354e53fcd91a5a913e9a2,SC,17,13205.90,776.82,4.529,17,16,15.63,12.50
c31eff8334d6b3047ed34bebd4d62c36,SP,122,13191.50,108.13,3.851,121,120,12.67,14.17
e8b3a3a38279a82f0e5d006d5e5b7d2c,PR,87,13154.70,151.20,3.793,87,80,17.31,5.00
6edacfd9f9074789dad6d62ba7950b9c,SP,207,13137.20,63.46,4.353,207,205,9.09,5.85
669ae81880e08f269a64487cfb287169,SC,161,13133.87,81.58,4.263,160,161,12.19,4.35
9e6229250fedbe05838fef417b74e7fb,SP,74,13132.20,177.46,3.892,74,73,11.83,4.11
431af27f296bc6519d890aa5a05fdb11,SP,117,13109.50,112.05,3.776,116,116,17.23,15.52
d50d79cb34e38265a8649c383dcffd48,SP,70,13012.42,185.89,4.246,69,70,13.16,7.14
530ec6109d11eaaf87999465c6afee01,PR,97,12983.81,133.85,4.237,97,94,10.85,1.06
6e386f64c84e482f0b9abf960797ee1b,SP,30,12938.30,431.28,4.607,28,29,10.48,10.34
e24fc9fcd865784fb25705606fe3dfe7,SP,52,12936.00,248.77,4.173,52,51,12.58,7.84
039e6ad9dae79614493083e241147386,SP,5,12925.00,2585.00,4.000,5,5,14.59,20.00
c60b801f2d52c7f7f91de00870882a75,SP,41,12913.50,314.96,3.317,41,39,16.10,20.51
99eaacc9e6046db1c82b163c5f84869f,SP,65,12880.27,198.16,3.923,65,63,14.98,11.11
ac3508719a1d8f5b7614b798f70af136,RS,103,12775.84,124.04,4.604,101,101,9.46,2.97
ed4acab38528488b65a9a9c603ff024a,SP,32,12759.45,398.73,3.719,32,31,9.89,3.23
cfb1a033743668a192316f3c6d1d2671,SP,146,12753.74,87.35,3.993,145,143,12.21,11.89
7202e2ba20579a9bd1acb29e61fe71f6,SP,53,12750.50,240.58,3.865,52,51,13.34,5.88
c66dccfb3f109511246da627dd5a2498,SP,45,12708.55,282.41,4.489,45,44,11.35,4.55
00fc707aaaad2d31347cf883cd2dfe10,PR,103,12684.90,123.15,4.078,102,103,15.11,4.85
2e1c9f22be269ef4643f826c9e650a52,SP,166,12640.19,76.15,4.184,163,161,9.82,6.83
b372ee768ed69e46ca8cdbd267aa7a38,SP,63,12630.00,200.48,4.429,63,63,12.49,0.00
a7f13822ceb966b076af67121f87b063,SP,75,12477.64,166.37,3.338,74,73,22.71,6.85
2b1a40c1daabc6ca280c4b815c101841,MG,22,12342.60,561.03,3.818,22,22,13.43,4.55
056b4ada5bbc2c50cc7842547dda6b51,RJ,65,12333.39,189.74,4.172,64,64,12.78,10.94
d6b1ce66b035a475f00c017792ff9769,SP,92,12277.40,133.45,4.278,90,92,10.21,6.52
48436dade18ac8b2bce089ec2a041202,SP,138,12271.71,88.93,4.014,138,134,14.35,7.46
2138ccb85b11a4ec1e37afbd1c8eda1f,SP,393,12264.16,31.21,3.957,392,388,11.35,5.41
c510bc1718f0f2961eaa42a23330681a,SP,13,12251.00,942.38,4.000,13,12,6.96,0.00
fbc14c0cf93505ef89f64665ffa4a7b5,SP,18,12227.82,679.32,4.176,17,18,12.07,5.56
c8b0e2b0a7095e5d8219575d5e7e1181,SP,84,12170.21,144.88,4.084,83,84,10.16,7.14
66e0557ecc2b4dbea057e93f215f68d8,SP,30,12141.00,404.70,4.033,30,30,31.73,26.67
70c27847eca8195c983ed7e798c56743,RJ,77,12077.52,156.85,4.234,77,77,11.21,9.09
ff063b022a9a0aab91bad2c9088760b7,SP,94,12076.50,128.47,4.312,93,94,9.39,3.19
701938c450705b8ae65fc923b70f35c7,SP,75,11983.28,159.78,4.014,74,74,12.98,6.76
e26901d5ab434ce92fd9b5c256820a4e,SP,201,11911.00,59.26,4.139,201,197,9.29,2.54
128639473a139ac0f3e5f5ade55873a5,PR,533,11908.85,22.34,4.186,527,527,14.34,6.26
d71d863e5ef30d94e440c11be17dcd8f,SP,29,11900.90,410.38,2.962,26,23,19.16,13.04
8b8cfc8305aa441e4239358c9f6f2485,PR,15,11892.00,792.80,4.200,15,15,12.54,13.33
7901646fdd36a55f564ffaf2dbccaaf7,RJ,22,11857.08,538.96,4.500,22,22,9.82,13.64
09f952a5f58d2285b0372551ae8f9b01,SP,50,11821.50,236.43,3.840,50,50,13.29,6.00
adbc26658d6c7b4b6219f9d934598091,PR,88,11806.40,134.16,4.125,88,88,17.26,15.91
72c5da29406b4234927b81855e7b64f6,SP,31,11798.69,380.60,4.129,31,31,10.80,3.23
ce7d1888639e6fb06b2749cbfdac1ff7,MG,78,11793.89,151.20,4.167,78,78,14.55,8.97
bba3293d6f5d5af2f415e004e8b93ae3,SP,17,11702.10,688.36,4.294,17,17,12.07,5.88
25e6ffe976bd75618accfe16cefcbd0d,SP,107,11591.61,108.33,4.439,107,106,10.15,5.66
0be8ff43f22e456b4e0371b2245e4d01,SP,158,11535.80,73.01,4.006,158,156,10.40,6.41
c4d51195486dc781531876a7d00453d8,SP,17,11468.98,674.65,3.941,17,17,23.73,29.41
80e6699fe29150b372a0c8a1ebf7dcc8,PR,98,11441.56,116.75,4.278,97,96,11.56,4.17
d1b65fc7debc3361ea86b5f14c68d2e2,SP,39,11413.17,292.65,4.641,39,39,9.19,5.13
b4f8921fcc4ff77b66bea6dda43dcd51,RS,18,11395.05,633.06,4.556,18,18,7.79,5.56
cab85505710c7cb9b720bceb52b01cee,SP,206,11389.10,55.29,4.283,205,201,10.14,2.49
1d8dbc4f32378d715c717c1c1fc57bae,PR,92,11315.89,123.00,4.022,90,91,15.57,9.89
813348c996469b40f2e028d5429d3495,SP,179,11205.83,62.60,4.057,175,172,10.17,5.23
6cd68b3ed6d59aaa9fece558ad360c0a,MG,149,11188.57,75.09,4.456,149,149,10.53,2.01
5a8e7d5003a1f221f9e1d6e411de7c23,SP,138,11112.00,80.52,4.168,137,137,10.21,5.84
ccb83a794700270fde70898fe9ff368b,SC,12,11062.00,921.83,4.333,12,12,16.59,16.67
95e03ca3d4146e4011985981aeb959b9,RJ,175,11009.96,62.91,4.006,173,172,12.53,3.49
7ea5bfa6c340f58f8e71fc1f0412b0d6,MG,98,11002.89,112.27,4.124,97,96,13.05,7.29
8d956fec2e4337affcb520f56fd8cbfd,SP,210,10988.20,52.32,4.214,210,210,9.27,10.48
54965bbe3e4f07ae045b90b0b8541f52,PR,78,10961.30,140.53,3.000,74,73,26.17,30.14
82e0a475a88cc9595229d8029273f045,SP,41,10748.02,262.15,3.707,41,41,16.00,9.76
0ea22c1cfbdc755f86b9b54b39c16043,MG,237,10711.70,45.20,4.402,234,234,11.03,1.71
ce27a3cc3c8cc1ea79d11e561e9bebb6,SP,135,10682.65,79.13,3.900,130,122,10.20,2.46
dd2bdf855a9172734fbc3744021ae9b9,MG,106,10676.90,100.73,3.853,102,105,15.35,5.71
6973a06f484aacf400ece213dbf3d946,SP,92,10666.59,115.94,3.648,91,89,14.90,16.85
23d7c96d4a1160db1c726b248601b25a,SP,50,10658.24,213.16,3.917,48,50,13.13,12.00
c9c7905cffc4ef9ff9f113554423e671,SP,127,10657.18,83.91,4.142,127,127,11.09,10.24
f3b80352b986ab4d1057a4b724be19d0,DF,87,10505.10,120.75,4.172,87,86,10.46,0.00
f262cbc1c910c83959f849465454ddd3,SP,191,10459.84,54.76,4.153,190,189,9.11,9.52
c864036feaab8c1659f65ea4faebe1da,PR,58,10454.20,180.24,4.569,58,58,12.28,3.45
b499c00f28f4b7069ff6550af8c1348a,SP,152,10327.13,67.94,4.118,152,147,11.27,12.93
ea566164622c6b439516ab18062c42cd,SP,50,10309.42,206.19,3.780,50,50,14.03,22.00
33a6f4b1e7cdc205511e76ba1b6e0186,SP,105,10295.01,98.05,4.410,105,105,8.50,1.90
9d5a9018aee56acb367ba9c3f05d1d6a,GO,67,10292.31,153.62,4.418,67,66,15.02,1.52
bd23da7354813347129d751591d1a6e2,SP,88,10264.40,116.64,4.046,87,86,9.87,4.65
06532f10282704ef4c69168b914b77be,PR,8,10220.50,1277.56,4.250,8,7,16.62,0.00
1c5e4e49b9079480255b49d50aac1aa9,SP,12,10173.11,847.76,4.333,12,12,8.80,0.00
7b1222c3624aa89b9558b50a2594188c,SP,22,10103.52,459.25,4.455,22,22,17.67,13.64
5058e8c1e82653974541e83690655b4a,SP,63,10022.82,159.09,3.242,62,62,26.68,12.90
054694fa03fe82cec4b7551487331d74,SP,21,9983.10,475.39,3.476,21,20,30.79,30.00
9d4db00d65d7760644ac0c14edb5fd86,SP,98,9979.70,101.83,4.515,97,97,8.06,4.12
5882820ef11c4c068eea0677a7a879b4,RS,14,9925.50,708.96,4.154,13,14,14.97,7.14
0df3984f9dfb3d49ac6366acbd3bbb85,MG,86,9891.49,115.02,4.384,86,86,9.55,1.16
5343d0649eca2a983820bfe93fc4d17e,SP,70,9819.02,140.27,3.870,69,70,11.27,10.00
ef506c96320abeedfb894c34db06f478,SP,323,9755.44,30.20,3.928,320,316,13.46,8.54
17ca9b9e9b9ef8fdb529001b49ebb50f,MG,116,9754.83,84.09,4.043,116,115,8.24,2.61
01cf7e3d21494c41fb86034f2e714fa1,PR,61,9729.36,159.50,4.150,60,59,11.79,5.08
4830e40640734fc1c52cd21127c341d4,SP,208,9718.49,46.72,4.179,207,204,9.98,6.86
ca3bd7cd9f149df75950150d010fe4a2,SP,70,9705.67,138.65,4.000,70,68,13.58,4.41
17306570e772e7718c92a562d33f5f1d,SP,29,9669.80,333.44,3.621,29,27,14.36,7.41
e96498ed8daaa3e9c23f7a62da76591c,SP,34,9619.09,282.91,3.941,34,34,15.20,14.71
31344c16881c08a8a72c6d2eb29918c1,MG,43,9615.70,223.62,4.349,43,42,15.70,4.76
e7df4cd29ab5abab70fb0783ddb53987,SP,23,9608.70,417.77,4.304,23,23,10.16,17.39
b2ac621f0d0322434d04a12b078b9369,PR,30,9575.50,319.18,4.400,30,30,14.67,10.00
1c129092bf23f28a5930387c980c0dfc,SP,201,9553.62,47.53,4.235,200,200,11.75,5.50
3db66a856d18a9cba7c9241fc5221c50,MG,94,9478.30,100.83,4.202,94,94,16.00,11.70
81a1104df0f08b59c68aa5b03cfe398e,PR,73,9420.88,129.05,4.268,71,72,12.83,5.56
066a6914e1ebf3ea95a216c73a986b91,PR,68,9410.38,138.39,4.090,67,66,13.31,3.03
cb8bcce248bb1fb274ba762d8b971456,MG,68,9402.20,138.27,4.250,68,66,12.63,1.52
a00824eb9093d40e589b940ec45c4eb0,SP,3,9399.97,3133.32,4.667,3,3,8.01,0.00
3c487ae8f8d7542beff5788e2e0aea83,DF,30,9385.70,312.86,4.200,30,30,13.74,3.33
aaed1309374718fdd995ee4c58c9dfcd,SC,105,9376.95,89.30,4.067,105,104,12.24,2.88
05feb94f19d094d4b0f9281f0b1d4c99,SP,6,9353.00,1558.83,4.500,6,6,15.37,0.00
270297ead4c65a6cd2593960d2af6b21,SP,17,9344.40,549.67,3.824,17,17,14.34,0.00
7b07b3c7487f0ea825fc6df75abd658b,SP,92,9332.09,101.44,4.380,92,91,9.59,4.40
8b28d096634035667e8263d57ba3368c,SP,142,9287.80,65.41,3.979,140,139,14.07,11.51
048c2757535328e0d7dac690ad3c0aae,SP,51,9264.78,181.66,4.180,50,50,18.51,14.00
aafe36600ce604f205b86b5084d3d767,SC,129,9251.40,71.72,4.403,129,129,12.50,4.65
7040e82f899a04d1b434b795a43b4617,SP,209,9248.60,44.25,3.638,207,208,10.51,9.62
624f4ece8da4aafb77699233d480f8ef,SP,53,9205.00,173.68,4.250,52,52,13.63,7.69
dd7ddc04e1b6c2c614352b383efe2d36,SP,122,9178.51,75.23,3.851,121,121,15.02,15.70
4e7c18b98d84e05cbae3ff0ff03846c2,SP,82,9177.90,111.93,4.160,81,81,12.09,4.94
6c12e40690c335dbc2f68a4134d30dc1,PR,16,9139.20,571.20,4.071,14,16,13.34,0.00
8e8a7ce9f2f970dc00e2acf6f6e199f6,RJ,65,9101.00,140.02,4.000,64,63,12.25,9.52
0db783cfcd3b73998abc6e10e59a102f,SP,132,9077.40,68.77,4.206,131,132,11.62,3.79
06df0c10d34e459d9672bc77388742eb,PR,26,9070.00,348.85,4.346,26,26,10.08,11.54
5b8154610ebb21fb90eb587365e673df,SP,37,9048.05,244.54,4.162,37,37,13.05,10.81
9b013e03b2ab786505a1d3b5c0756754,SP,174,9027.40,51.88,4.156,173,170,8.56,5.88
f80edd2c5aaa505cc4b0a3b219abf4b8,SP,118,8978.30,76.09,4.103,117,116,12.07,5.17
fffd5413c0700ac820c7069d66d98c89,SP,59,8962.50,151.91,3.897,58,57,13.79,14.04
403aa86912527d730337ffcb0fb096ab,MG,11,8959.89,814.54,4.000,10,11,11.00,0.00
f27e33c6d29b5138fa9967bcd445b6d5,SP,93,8888.30,95.57,4.097,93,93,12.07,10.75
32b8764b4ef628b53608fc34011fcc13,SC,36,8884.00,246.78,4.194,36,36,11.23,8.33
5f2684dab12e59f83bef73ae57724e45,SP,67,8870.97,132.40,3.791,67,67,10.65,5.97
d03698c2efd04a549382afa6623e27fb,BA,18,8865.47,492.53,4.500,18,18,14.71,5.56
a49928bcdf77c55c6d6e05e09a9b4ca5,SP,98,8816.70,89.97,3.010,98,96,16.93,26.04
af4a0e4cfe1d9c26b6712b1be25a72e5,MG,21,8757.98,417.05,3.429,21,21,13.36,9.52
562fc2f2c2863ab7e79a9e4388a58a14,SP,258,8754.22,33.93,4.227,256,255,11.31,3.53
1da3aeb70d7989d1e6d9b0e887f97c23,SP,264,8733.53,33.08,4.172,262,261,8.60,5.75
6d803cb79cc31c41c4c789a75933b3c7,SP,58,8711.40,150.20,4.241,58,58,13.30,6.90
b1a81260566c1bac3114a6d124413f27,RS,51,8684.69,170.29,4.275,51,51,8.57,1.96
18a349e75d307f4b4cc646a691ed4216,SP,119,8631.03,72.53,3.483,118,109,11.15,6.42
9596c870880d900012f2e8e6e30d06d7,MG,22,8606.25,391.19,4.136,22,21,13.83,4.76
db2956745b3a8e9f3785c99f34b5d25e,SP,47,8599.00,182.96,3.766,47,45,14.28,11.11
6c7d50c24b3ccd2fd83b44d8bb34e073,SP,113,8572.65,75.86,4.420,112,112,12.27,1.79
259f7b5e6e482c230e5bfaa670b6bb8f,SP,138,8526.04,61.78,4.299,137,136,8.74,2.21
93dc87703c046b603023e75222018b45,MG,35,8517.35,243.35,3.970,33,33,20.05,9.09
cbd996ad3c1b7dc71fd0e5f5df9087e2,SP,165,8411.04,50.98,4.149,161,160,12.85,8.75
b18dc380845b24038cfc48006478f099,SP,44,8353.30,189.85,4.140,43,43,12.82,16.28
36a968b544695394e4e9d7572688598f,SP,153,8341.97,54.52,3.667,153,148,10.73,4.73
6c177e38df6d3f34182b1f1d427231bf,PR,55,8341.89,151.67,4.036,55,53,14.41,3.77
2089a6d640999f9b9141ac719b2af596,SP,43,8341.82,194.00,3.791,43,41,19.53,14.63
7d456afc660226829370f3173d14520c,SP,56,8338.25,148.90,4.357,56,55,8.50,5.45
26d8a1c7c75d513045798992ead43aa2,PR,36,8244.12,229.00,4.306,36,34,12.72,8.82
b92e3c8f9738272ff7c59e111e108d7c,MG,62,8231.09,132.76,4.161,62,62,16.73,3.23
fcb5ace8bcc92f75707dc0f01a27d269,SP,61,8205.38,134.51,3.900,60,59,10.60,3.39
784ba75dd9d20200c4caed3d7a77141a,SP,20,8202.23,410.11,3.950,20,19,13.69,10.53
397c4d0c005b6f41f90098ac724e28cb,SP,5,8177.00,1635.40,4.400,5,5,16.08,40.00
4371b634e0efc0e22b09b52907d9d469,SP,101,8168.00,80.87,4.480,100,101,11.12,7.92
67883baaae6134ee81b271a542613728,SP,19,8167.90,429.89,4.105,19,19,5.84,15.79
86bb7c4b535e49a541baf3266b1c95b1,SP,16,8162.40,510.15,3.200,15,16,20.14,18.75
fdb9095204a334cd8872252ffec6f2db,SP,46,8156.00,177.30,4.174,46,46,8.72,6.52
52d76513f0c4d97f3b99570e2c94ee31,RS,19,8153.10,429.11,4.056,18,19,10.41,5.26
33a17d60c64393351ebf1ef860f4e0f2,RS,43,8152.48,189.59,4.628,43,43,10.61,2.33
4bfc7a4a1cf8d4d2121c27422d9e50b5,SP,26,8124.40,312.48,4.538,26,26,8.02,3.85
8fb791022c1fc8909664f48ab7dc636d,SP,5,8119.95,1623.99,4.200,5,5,5.73,0.00
3078096983cf766a32a06257648502d1,SP,57,8095.44,142.03,4.316,57,56,12.07,5.36
972d0f9cf61b499a4812cf0bfa3ad3c4,SC,83,8089.29,97.46,3.025,79,81,18.19,11.11
750303a20e9c56b2a6bc45cdce0b897d,GO,54,8085.00,149.72,4.241,54,53,14.10,3.77
6bd69102ab48df500790a8cecfc285c2,SP,5,8070.00,1614.00,3.000,5,5,16.25,20.00
5656537e588803a555b8eb41f07a944b,DF,174,8065.93,46.36,3.874,174,171,11.29,7.60
b1fc4f64df5a0e8b6913ab38803c57a9,RJ,107,7994.74,74.72,3.857,105,107,15.92,12.15
903037660cf848a717166eb7a06d616e,SP,45,7991.51,177.59,3.889,45,44,11.84,13.64
7a241947449cc45dbfda4f9d0798d9d0,MG,61,7957.64,130.45,3.917,60,56,13.22,7.14
ebd2d60905fb58271facef5596b620d3,SP,84,7941.72,94.54,4.155,84,82,12.99,3.66
bbf9ad41dca6603e614efcdad7aab8c4,CE,14,7846.00,560.43,4.500,14,14,13.93,0.00
989becdce12ebc39863c2bceab6f3ca1,PR,18,7840.88,435.60,4.556,18,15,13.74,13.33
725c32fa80c2faacc4fc88450d27314e,SP,89,7838.88,88.08,4.517,87,89,9.41,1.12
8476243f92442881ddd5b578975cf115,RS,12,7838.00,653.17,4.083,12,12,17.34,8.33
a2e874074c877c5a05abae80ad6e488f,SP,43,7827.29,182.03,4.023,43,40,19.24,5.00
73a63f72308aa20a46f4b1632018f196,PR,28,7811.80,278.99,4.222,27,27,11.63,0.00
d51e0a403fe2e689ece6c73359d96e12,SP,19,7790.00,410.00,4.105,19,18,14.03,11.11
2dee2ce60de9709b1a24083217181a1f,MT,54,7784.50,144.16,4.426,54,54,14.14,1.85
7008613ea464bad5cb9b83456e1e6a8f,SC,127,7777.00,61.24,4.262,126,123,14.48,4.88
7bac63f6603d382cc8d0832eb6c100a8,SP,19,7751.95,408.00,4.000,19,19,15.76,15.79
5b925e1d006e9476d738aa200751b73b,SP,63,7748.50,122.99,4.603,63,63,10.89,6.35
6fd52c528dcb38be2eea044946b811f8,SP,67,7743.02,115.57,3.394,66,67,21.56,13.43
257e61d3251fb5efb9daadddbc2cf7ca,PR,12,7729.00,644.08,4.750,12,12,8.10,0.00
b410bdd36d5db7a65dcd42b7ead933b8,GO,44,7726.90,175.61,4.659,44,42,9.20,2.38
e5a3438891c0bfdb9394643f95273d8e,SP,223,7711.05,34.58,3.923,221,216,15.66,18.52
3bb548e3cb7f70f28e3f11ee9dce0e59,PR,46,7690.02,167.17,4.196,46,46,10.91,0.00
0432ead42b6c8a0bdf68154add917fdf,SP,83,7669.30,92.40,4.494,83,82,8.90,3.66
058fd0aa2bfdb2274e05e1ae971dabb6,SP,61,7667.90,125.70,4.377,61,60,10.14,6.67
08633c14ef2db992c11f840f04fad4cd,SP,74,7644.30,103.30,4.365,74,74,9.96,6.76
4e17c65a516f69d023a2ae78b84f28d6,SP,61,7639.26,125.23,4.230,61,61,13.33,6.56
52f976b17ea7f2f087f56dcc419328f6,PR,6,7630.00,1271.67,3.667,6,6,10.38,0.00
640e21a7d01df7614a3b4923e990d40c,SP,116,7598.88,65.51,4.302,116,115,10.32,6.96
54065e9aef7e9e9c2dc23b7594db021a,RJ,13,7578.00,582.92,4.077,13,12,12.42,0.00
42bde9fef835393bb8a8849cb6b7f245,DF,34,7574.00,222.76,4.353,34,34,10.37,2.94
8a432f4e5b471f8da497d7dc517666e2,SP,95,7555.00,79.53,4.191,94,95,7.85,5.26
062ce95fa2ad4dfaedfc79260130565f,RS,55,7521.00,136.75,4.036,55,54,13.50,3.70
4aba391bc3b88717ce08eb11e44937b2,BA,28,7486.87,267.39,4.000,28,27,16.92,14.81
0bae85eb84b9fb3bd773911e89288d54,SP,137,7482.21,54.61,4.270,137,136,10.28,0.74
c26a2be5b53b7db6b276280da212a779,RJ,13,7482.00,575.54,3.385,13,13,14.08,0.00
bd0389da23d89b726abf911cccc54596,DF,87,7472.16,85.89,4.172,87,87,13.64,8.05
a420f60ff1aa9acc80d0e42959f2b313,SP,67,7443.30,111.09,3.954,65,67,11.56,8.96
8648b1e89e9b349e32d3741b30ec737e,SP,95,7442.55,78.34,4.084,95,93,9.05,10.75
512d298ac2a96d1931b6bd30aa21f61d,RJ,11,7401.94,672.90,4.273,11,11,10.71,0.00
e0a366315b1b726b6c7832d664c0f530,SP,43,7400.09,172.10,4.302,43,43,7.97,4.65
f25e239052084705e17a982bc600ab2a,SP,8,7380.00,922.50,4.250,8,8,12.40,0.00
6a51fc556dab5f766ced6fbc860bc613,SP,25,7377.77,295.11,3.880,25,24,14.15,8.33
381c83fdca332ea6afd896da20bf6e4a,PR,46,7355.80,159.91,4.391,46,46,12.69,4.35
961dff0a659b4561334372337dd897d9,RJ,3,7297.00,2432.33,4.667,3,3,20.52,66.67
b347677812ea483b0f528eaf8cbc09b7,PR,21,7288.99,347.09,4.524,21,21,13.22,0.00
febab0275244b9a49a623f0bd613ca2f,SP,109,7272.42,66.72,4.376,109,106,8.65,4.72
aced59e9b31ef866a94f9e7f29d8d418,SP,61,7268.50,119.16,4.426,61,61,9.74,8.20
e333046ce6517bd8bb510291d44f0130,SP,68,7268.00,106.88,4.338,68,68,10.16,5.88
0873d9f8f36123f8d910f4760e788cfb,SP,6,7265.59,1210.93,3.167,6,6,13.13,50.00
cee48807215b30a12ca2ca10ffb5f250,SP,39,7212.23,184.93,3.769,39,39,23.63,15.38
d624126b9206f595fb3fbb6ba03b28a8,PR,23,7198.80,312.99,4.318,22,23,11.36,4.35
ade45994b717ccee333492330fbf037b,PR,10,7196.00,719.60,4.500,10,10,8.41,0.00
dbb9b48c841a0e39e21f98e1a6b2ec3e,SP,108,7186.85,66.54,4.269,108,108,9.82,3.70
d13e50eaa47b4cbe9eb81465865d8cfc,SP,67,7155.05,106.79,4.821,67,66,5.04,21.21
cc63f0dd2acba93ffed4fe9f8e0321fa,SP,55,7096.71,129.03,4.091,55,55,9.00,0.00
7722b1df1b0e383e000397b2c11e3e19,SP,134,7094.09,52.94,4.226,133,133,8.35,3.01
87e24fc7052259b1f7f607d61c10d8be,SP,7,7073.59,1010.51,3.857,7,7,15.34,14.29
014c0679dd340a0e338872e7ec85666a,MG,14,7058.00,504.14,3.857,14,14,19.76,14.29
f1fd5ab1181f827ffad998c1a5de7d74,PR,15,7045.99,469.73,4.667,15,15,9.46,0.00
dd55f1bb788714a40e7954c3be6df745,SP,35,7041.76,201.19,3.743,35,35,18.30,17.14
679769a98cfcc6da877c8486ff1c13f3,MG,21,7029.00,334.71,4.571,21,21,9.54,0.00
6fa9202c10491e472dffd59a3e82b2a3,SP,3,7014.24,2338.08,4.333,3,3,8.46,0.00
b8630e1121437d41cb08e3c749c2c2e2,RJ,12,6988.00,582.33,4.333,12,12,11.14,16.67
d98eec89afa3380e14463da2aabaea72,RS,168,6968.53,41.48,4.341,167,168,8.56,2.38
1da366cade6d8276e7d8beea7af5d4bf,MG,43,6917.59,160.87,3.929,42,42,17.47,11.90
30829ded4523ab9224b93bc49a62c95f,RS,18,6911.71,383.98,3.778,18,18,12.09,5.56
d9bd94811c3338dceb4181f3dbc0c73e,SP,54,6911.02,127.98,4.796,54,54,8.04,11.11
e3b4998c7a498169dc7bce44e6bb6277,SP,3,6897.90,2299.30,2.667,3,1,18.74,0.00
b3b17aab11f273023a5f22ca52e1eb70,PR,7,6850.00,978.57,4.857,7,7,16.55,14.29
58f1a6197ed863543e0136bdedb3fce2,MG,44,6833.00,155.30,4.182,44,42,10.30,2.38
5b67882648febfb6e1225e6ad7164f6b,PR,27,6813.48,252.35,4.000,27,27,12.56,3.70
ececbfcff9804a2d6b40f589df8eef2b,SP,98,6792.40,69.31,4.112,98,97,13.18,10.31
33dd941c27854f7625b968cc6195a552,ES,5,6787.50,1357.50,4.400,5,5,11.70,0.00
40d54b51e962dbe09cabbcfd33298dee,SP,30,6785.56,226.19,4.000,30,30,7.33,0.00
63b464dbf392c7b80d12d932fa7cafed,SP,37,6781.00,183.27,3.784,37,36,13.08,5.56
a63bfbaa882c8f4542891b4e2246cc7f,RJ,7,6772.00,967.43,4.429,7,6,11.69,16.67
ff1fb4c404b2efe68b03350a8dc24122,SP,46,6771.00,147.20,4.000,46,46,10.31,15.22
ad781527c93d00d89a11eecd9dcad7c1,SP,43,6759.58,157.20,3.116,43,38,25.50,31.58
aac29b1b99776be73c3049939652091d,MG,98,6755.91,68.94,4.094,96,94,14.93,9.57
54219883e72aad869adfb2a54b7bfa0f,SP,5,6750.00,1350.00,3.200,5,5,17.01,0.00
3340ef1913fb70d28420f6ceb685c339,PR,32,6731.15,210.35,4.375,32,32,16.71,9.38
455c5640e8c5bd1b2ee85c0158f85727,SC,8,6729.50,841.19,4.500,8,8,14.97,0.00
80ceebb4ee9b31afb6c6a916a574a1e2,PR,1,6729.00,6729.00,,0,1,20.87,100.00
abe021b01ba992245271b9aa422032df,PR,2,6720.00,3360.00,3.500,2,2,17.93,0.00
31ae0774c17fabd06ff707cc5bde005f,SP,11,6719.85,610.90,4.000,11,11,11.78,9.09
83e197e95a1bbabc8c75e883ed016c47,RJ,47,6693.69,142.42,4.809,47,46,10.44,2.17
fa1a9dec3a9940c072684a46728bf1fc,SC,55,6674.00,121.35,4.111,54,55,14.29,0.00
1127b7f2594683f2510f1c2c834a486b,SP,110,6669.70,60.63,4.191,110,110,9.35,2.73
33c51922b6e3c16b24a8f28e5833c99d,PR,18,6657.87,369.88,4.235,17,18,14.54,5.56
b4ffb71f0cb1b1c3d63fad021ecf93e1,SP,144,6656.09,46.22,4.222,144,143,10.11,2.10
516e7738bd8f735ac19a010ee5450d8d,RJ,76,6643.09,87.41,4.566,76,74,8.83,5.41
5670f4db5b62c43d542e1b2d56b0cf7c,SP,22,6630.09,301.37,4.409,22,22,8.53,4.55
5d0363b33554b373851fc1622e4d5f3c,SP,94,6610.79,70.33,4.043,94,93,12.49,8.60
e5e33c0d8e7e002f398f5dc4cbbb338f,SP,27,6596.80,244.33,4.444,27,26,12.07,11.54
609e1a9a6c2539919b8205cf7c4e6ff0,SC,87,6595.23,75.81,3.812,85,87,10.21,2.30
92eb0f42c21942b6552362b9b114707d,SP,341,6548.63,19.20,3.991,338,334,13.71,8.08
751bdc4d83a466c7206cd42e8f426b03,SP,52,6540.95,125.79,3.880,50,51,10.86,1.96
11305281b50fff20ae8bb473f8e11876,MG,35,6528.70,186.53,4.314,35,35,13.58,11.43
282f23a9769b2690c5dda22e316f9941,MG,99,6505.08,65.71,4.333,99,98,11.22,5.10
ee27a8f15b1dded4d213a468ba4eb391,GO,1,6499.00,6499.00,5.000,1,1,11.96,0.00
8e6cc767478edae941d9bd9eb778d77a,MG,104,6469.59,62.21,3.980,102,100,16.62,8.00
4c03b9dd4c11ee2cb35c96c49efc9420,SP,48,6458.60,134.55,4.106,47,48,10.53,2.08
34056b8b55c1775a22af2331670a799c,SP,78,6455.40,82.76,4.000,78,77,12.93,11.69
6f892e20a171e98efe17fdb971ff319b,SP,44,6438.70,146.33,3.930,43,41,17.36,9.76
7dc8c42cc750eeafea6c85712ffee9bf,SP,41,6409.68,156.33,4.195,41,41,9.15,4.88
376a891762bbdecbc02b4b6adec3fdda,GO,57,6406.23,112.39,4.667,57,57,12.22,3.51
dbdd0ec73a4817971d962698f2fea022,CE,16,6384.00,399.00,4.375,16,16,12.65,6.25
4b5f66b7adcf57f1ecc0d3c07dd6b177,PR,23,6381.78,277.47,4.091,22,23,14.24,4.35
02f623a8eb246f3c5f7c2f96462654e6,SP,44,6378.00,144.95,4.558,43,44,8.48,9.09
ff4ea69c2a729e83e63c7579e4ef8170,SP,8,6368.00,796.00,5.000,7,8,11.46,0.00
57e632711dec9ec14ca7546769483e7e,SC,62,6350.06,102.42,4.419,62,62,10.92,0.00
670c26e0f1bf8d0576271d5cfaec6d2b,PR,78,6341.60,81.30,4.269,78,77,14.28,5.19
bacb1f0ed56ad24198f5810d2b3fe9a5,SP,39,6296.95,161.46,4.237,38,38,9.78,2.63
8a32e327fe2c1b3511609d81aaf9f042,SP,130,6291.08,48.39,3.876,129,126,8.87,3.17
dee656f0f566ed1aa85bd137c943f08f,SP,93,6271.98,67.44,4.370,92,92,12.60,5.43
bd4889b5e9133b35b66e42a8665cea5c,SP,36,6271.90,174.22,4.400,35,36,10.28,0.00
6b243f80ed07b10f0e8aa0f21a205f3c,PR,79,6260.10,79.24,4.266,79,79,11.16,3.80
ea67327e24487bdfac5fbfa37ea124df,SP,32,6250.18,195.32,3.531,32,32,8.72,3.13
2528744c5ef5d955adc318720a94d2e7,SP,5,6245.00,1249.00,2.400,5,5,10.07,0.00
eb3071b9f0b0ddaa2df5ea130f09f26b,SP,9,6230.00,692.22,4.556,9,9,9.65,11.11
f4c4daa86e30c7e5a553a8d518ac03a5,PR,19,6153.16,323.85,3.842,19,18,16.64,5.56
9baf5cb77970f539089d09a38bcec5c3,SP,32,6129.67,191.55,4.313,32,31,15.17,0.00
dfc5fb7259bb2b599ca565e6e9448f0f,SP,33,6124.63,185.59,4.121,33,33,13.26,3.03
ba143b05f0110f0dc71ad71b4466ce92,SP,85,6110.58,71.89,4.417,84,83,10.24,15.66
2c9e548be18521d1c43cde1c582c6de8,SP,126,6109.44,48.49,4.113,124,124,13.68,16.13
f12ff17ad8bbf01ec5c33b17e506649b,SP,28,6101.00,217.89,3.857,28,28,13.79,10.71
d6b664fa0667064c6d76394e7848d790,SP,6,6080.00,1013.33,4.833,6,6,17.55,16.67
6a8b085f816a1f75f92dbac6eb545f8f,SP,127,6018.97,47.39,4.110,127,125,14.69,9.60
bba74270a87732727b5a3b4fd9ac1c39,MG,36,6001.59,166.71,3.972,36,35,9.72,0.00
37515688008a7a40ac93e3b2e4ab203f,SP,228,5986.60,26.26,4.093,226,227,15.23,10.13
688756f717c462a206ad854c5027a64a,SP,83,5966.54,71.89,3.866,82,81,10.76,8.64
f84a00e60c73a49e7e851c9bdca3a5bb,RJ,90,5949.94,66.11,3.833,90,88,11.80,11.36
91f848e9f4be368f4318775aac733370,SP,63,5932.60,94.17,4.279,61,60,9.94,3.33
b14db04aa7881970e83ffa9426897925,SP,83,5898.60,71.07,3.713,80,78,16.02,11.54
0691148aee60ca47977c187804f935ae,PR,47,5868.51,124.86,4.170,47,47,11.94,2.13
b19f3ca2ea475913750f25a5c37c8d8f,MG,23,5814.75,252.82,2.870,23,19,18.39,31.58
2fdde51ad3e12f297da656d4fbd5d0b5,SC,9,5803.00,644.78,4.778,9,9,15.27,0.00
f46490624488d3ff7ce78613913a7711,SP,83,5802.85,69.91,3.663,83,80,10.25,12.50
02d35243ea2e497335cd0f076b45675d,RN,14,5794.00,413.86,2.643,14,14,26.17,35.71
e8b4225284fbb02d16f200513f1f395d,SP,31,5788.52,186.73,4.194,31,30,10.22,10.00
0bf0150d5b9d60d9cd2906003332f085,SP,39,5774.60,148.07,3.789,38,39,14.15,20.51
05d2173d43ea568aa0540eba70d2ca76,MG,62,5759.66,92.90,4.183,60,62,15.02,6.45
3ade81dab5a172b88e1871c28ae05260,SP,30,5751.60,191.72,4.000,29,28,14.18,14.29
b4a476fbd28de64b1e347abf9089366a,SP,33,5724.04,173.46,3.844,32,30,12.59,10.00
080102cd0a76b09e0dcf55fcacc60e05,MG,124,5716.78,46.10,4.476,124,122,9.91,4.10
9616352088dcf83a7c06637f4ebf1c80,PR,92,5703.00,61.99,4.315,92,91,12.44,0.00
94e93ce877be27a515118dbfd2c2be41,SP,30,5674.57,189.15,3.931,29,29,13.61,0.00
52ac6f920b7280e4c6d30dd94de6259b,PR,6,5657.30,942.88,3.667,6,6,12.98,0.00
8c16d1f32a54d92897cc437244442e1b,SC,108,5642.60,52.25,4.355,107,108,11.00,0.93
67bf6941ba2f1fa1d02c375766bc3e53,PR,16,5610.00,350.63,4.125,16,15,14.97,13.33
d63c73efd41eb002280e7ec831424edb,SP,2,5598.00,2799.00,4.000,2,2,6.29,0.00
817245bcc3badd82bbd222e0366951a6,SP,29,5580.50,192.43,4.000,28,28,12.42,3.57
e2aee0892199b1d92530e371abd825bf,PR,37,5562.67,150.34,3.865,37,36,15.51,13.89
f181738b150df1f37cb0bd72e705b193,SP,36,5529.70,153.60,4.472,36,36,9.32,11.11
04aa0a1c5ce6b222003403a3e11c3cc0,SP,11,5518.00,501.64,4.091,11,11,17.52,18.18
45ba18c210d42734ec52c0c1c574e9ee,SP,37,5489.23,148.36,3.946,37,35,7.46,5.71
cc3d14116804f7209f3884f6367f1152,PR,27,5477.80,202.88,4.630,27,27,12.83,3.70
575df70bde3f9f2b30bf8d2e9910d725,SP,27,5410.05,200.37,4.074,27,27,13.39,7.41
3f0e48d209018b466fcd3bb4ccfeb520,PR,9,5399.00,599.89,3.889,9,9,9.59,0.00
c4af86330efa7a2620772227d2d670c9,SP,4,5396.00,1349.00,4.333,3,4,15.15,0.00
23c38debaffe4a25a30fdbd9b586a13f,SP,41,5382.18,131.27,4.317,41,41,11.48,14.63
3be634553519fb6536a03e1358e9fdc7,SP,83,5370.95,64.71,3.940,83,80,10.08,8.75
83deb69e889cf80f82be1dc6d5f2d486,SC,40,5363.01,134.08,4.325,40,40,15.95,5.00
2a261b5b644fa05f4f2700eb93544f2c,SP,51,5355.00,105.00,3.843,51,51,14.07,19.61
e62b2d6ac10570a035a30bafcf01d263,SP,62,5340.39,86.14,3.966,59,62,14.07,12.90
916c9de0b5ad957346eeeb12f332687e,PR,22,5336.50,242.57,4.545,22,22,8.83,0.00
a4b6b9b992b46e9ef863637af96e04bc,SC,6,5293.00,882.17,3.667,6,6,18.31,16.67
b6d44737c043328708f6749c2dbe50bd,SP,61,5284.60,86.63,4.525,61,61,8.21,6.56
c35affa65afd250151285c5917fc1c8a,SP,9,5279.91,586.66,4.000,9,8,17.26,12.50
e06f09ec0a4aca210779cf1cfc63cf19,SP,29,5279.49,182.05,3.966,29,29,14.87,6.90
02ecc2a19303f05e59ce133fd923fff7,SP,21,5264.19,250.68,4.619,21,21,11.09,0.00
e9c6969d40e6a3d2d0f90013165c2b98,SP,10,5239.98,524.00,4.400,10,10,9.09,0.00
5bffbafbb22daf6d3bfc216a46db8708,RJ,21,5239.70,249.51,4.762,21,21,8.65,0.00
4d0041cdbe51b4617d95c70b19decc74,MG,8,5235.20,654.40,4.500,8,8,7.16,0.00
099095b050cfe8eb1ddff5317587e96e,SP,17,5193.83,305.52,3.235,17,16,11.33,18.75
b39d7fe263ef469605dbb32608aee0af,SP,44,5193.10,118.03,3.884,43,43,13.30,4.65
0cbcee27c791afa0cdcb08587a2013a8,MG,38,5189.15,136.56,3.921,38,37,12.79,10.81
f67efa3f0b6761102a7f8c6b7b571f5d,PR,31,5188.68,167.38,4.484,31,31,9.98,0.00
f680f85bee2d253556ac91be391d2c82,SP,45,5183.92,115.20,4.333,45,45,9.75,2.22
5b179e9e8cc7ab6fd113a46ca584da81,SP,34,5173.50,152.16,3.667,33,34,13.01,8.82
822bad9bc42b51213ba522fe87b7ab5d,SC,18,5160.00,286.67,4.111,18,18,26.66,27.78
709e16e2b25c7474d980076c6bfc4806,SP,60,5151.90,85.87,4.517,60,60,10.64,3.33
d566c37fa119d5e66c4e9052e83ee4ea,SP,65,5145.70,79.16,4.688,64,65,5.81,3.08
fad44952713764836814be105382aee5,RJ,32,5129.00,160.28,4.281,32,32,10.79,3.13
4917cee8d902e13428c3ec4b1ca6f315,SC,31,5103.90,164.64,4.161,31,31,18.08,3.23
f84fa566034f5e8e880a07ec624c56af,SP,91,5093.79,55.98,4.211,90,89,11.96,13.48
f7496d659ca9fdaf323c0aae84176632,SP,26,5087.57,195.68,4.577,26,25,12.43,8.00
e0878efa0e0b7e5313ac0b43bc04c081,PR,27,5065.30,187.60,3.519,27,26,18.13,19.23
835f0f7810c76831d6c7d24c7a646d4d,SP,43,5060.10,117.68,3.395,43,42,18.10,30.95
e067ad2c1c0b48758eb1b5228bcf7a68,SP,54,5042.55,93.38,4.148,54,54,14.98,9.26
afe0067131b73e40875c9b6c10bd2e21,MG,45,5040.50,112.01,4.273,44,45,15.47,4.44
3df020b72d3d44b3af9d110fa3940b65,SP,55,5039.90,91.63,4.055,55,55,13.43,12.73
3ab971ce71839580d2ae5b4e40fe8044,SP,36,5002.90,138.97,3.912,34,35,6.88,8.57
1bb2bdb95f4841f1bba2c0d2cd83d3c9,SP,81,5002.71,61.76,4.638,80,79,12.41,7.59
4bf2f4ee540798a61f9636d12cd9cc80,SP,29,4995.56,172.26,4.138,29,29,13.56,3.45
45213867cefbf2cd4c6177e10216a951,SP,14,4955.42,353.96,3.857,14,14,14.92,14.29
9674754b5a0cb32b638cec001178f799,SP,84,4941.73,58.83,4.107,84,84,8.41,3.57
dbd66278cbfe1aa1000f90a217ca4695,SP,85,4928.90,57.99,4.506,85,85,9.21,5.88
e9d99831abad74458942f21e16f33f92,SP,130,4922.48,37.87,3.930,129,130,12.87,10.77
9df5750209b83567ec144eb299d7d634,RS,11,4917.00,447.00,4.000,11,11,14.07,9.09
503c1de08ae81a2d86f17951b204db55,SP,22,4906.99,223.05,4.409,22,22,13.49,9.09
822b63912576852aea9a8436d72317b7,SP,8,4905.69,613.21,3.875,8,6,23.30,0.00
abcd2cb37d46c2c8fb1bf071c859fc5b,MT,45,4880.22,108.45,4.244,45,44,13.89,4.55
f789d2c4f2c2eb38fc4373e7a4b35264,MG,44,4864.24,110.55,4.159,44,44,10.94,4.55
0d85bbda9889ce1f7e63778d24f346eb,MG,51,4845.20,95.00,4.200,50,51,15.83,11.76
1336efc61c316ddf92c899eb817f7cae,SP,74,4837.31,65.37,4.000,74,74,11.73,9.46
4c498c7345e89aebad651544829beca0,SP,48,4819.76,100.41,4.292,48,47,10.83,12.77
ce69a8021d18961dd2a40269b7c2c293,PR,19,4818.00,253.58,4.474,19,19,10.20,10.53
8f580d36c1e9d6fbce95283403c7d447,SP,8,4813.25,601.66,4.375,8,8,12.27,12.50
c12b92bf1c350f3e6bf88d3596219c86,SP,17,4808.78,282.87,3.882,17,17,10.78,5.88
f6122bc84774df1b372bdb3bb88ddb9f,SP,3,4799.87,1599.96,3.667,3,3,15.62,33.33
2a7dc43cecabf23403078e2188437d1d,SP,52,4795.91,92.23,4.096,52,52,13.14,7.69
fcdd820084f17e9982427971e4e9d47f,SP,16,4783.99,299.00,3.938,16,16,12.60,12.50
cfa5ab0e4d3fc212fd0b3410e7081c62,MG,15,4780.81,318.72,3.867,15,15,11.97,0.00
dfa0c4c6229ab200a4a1336b4d7128ff,SC,77,4777.10,62.04,4.000,77,77,9.79,3.90
7e3f87d16fb353f408d467e74fbd8014,SP,92,4754.99,51.68,4.130,92,91,12.57,12.09
acce39e832338debb07b02385cde5967,MG,44,4748.10,107.91,4.477,44,44,7.05,0.00
9add47bf45ce8e8c7db6b9cf670b1e09,PR,42,4739.24,112.84,4.244,41,41,12.25,2.44
0176f73cc1195f367f7b32db1e5b3aa8,SP,38,4733.10,124.56,4.079,38,37,13.25,10.81
30a2f535bb48308f991d0b9ad4a8c4bb,SP,71,4731.30,66.64,4.282,71,71,8.21,2.82
06579cb253ecd5a3a12a9e6eb6bf8f47,SP,62,4727.20,76.25,4.081,62,61,9.94,13.11
b2479f944e1b90cf8a5de1bbfde284d6,SP,102,4716.52,46.24,3.446,101,101,15.40,13.86
0307f7565ff85b299b6e5ef162b1b1a9,SP,6,4711.90,785.32,3.500,6,6,15.20,0.00
ad420dd0c4f92f8af951ac24b86d0cf5,MG,42,4705.29,112.03,4.125,40,42,15.18,7.14
582d4f8675b945722eda7c0cb61ba4c7,SP,59,4702.96,79.71,4.153,59,59,11.10,1.69
537eb890efff034a88679788b647c564,RJ,160,4679.70,29.25,4.219,160,158,9.14,5.70
968268a686aa05d1f529fb07dff08130,SP,12,4677.29,389.77,3.500,12,12,9.40,0.00
8931a84a914b3fe9b1ddaa4d704947ca,SP,29,4668.30,160.98,4.071,28,29,11.88,6.90
1a932caad4f9d804097d7f8e615baed1,SP,20,4661.00,233.05,3.900,20,20,9.54,20.00
ef990a83bbea832f36ebe81376335aa8,SC,43,4642.59,107.97,3.628,43,43,16.92,25.58
a3dd39f583bc80bd8c5901c95878921e,BA,34,4607.81,135.52,4.588,34,34,12.46,2.94
31da954dc0855f2495c6310f70a2f931,SP,29,4583.00,158.03,4.207,29,29,8.17,10.34
45d33f715e24d15a6ccf5c17b3a23e3c,SP,57,4572.36,80.22,4.088,57,56,11.55,7.14
2addf05f476d0637864454e93ba673d5,DF,12,4552.00,379.33,5.000,12,12,10.40,0.00
c68fb906c8f4b4b946d8386bfa6e5467,SP,45,4541.16,100.91,4.523,44,45,10.92,2.22
834f8533b2ecb6598dd004ff3de7203a,SP,43,4538.29,105.54,3.814,43,41,14.66,14.63
1fe5540d7c1c37a595fefbacd5570d9e,RJ,20,4537.60,226.88,4.300,20,20,11.86,5.00
37dd29b36c458d82f74a953c40c43645,SP,7,4536.99,648.14,3.857,7,7,18.46,14.29
13fa2a6c6b9d0f43cb588d7c82117a12,SP,9,4528.00,503.11,4.111,9,9,21.19,33.33
c840d3fdbba0790404fdae73d253b253,PR,9,4522.28,502.48,3.556,9,9,12.16,0.00
180c3376aff0e43dd5788709df48a843,SP,5,4513.00,902.60,4.400,5,5,20.71,20.00
6288c69c4ce638e59925e59193f98b16,SP,22,4506.28,204.83,3.955,22,20,9.61,5.00
b561927807645834b59ef0d16ba55a24,SP,85,4501.99,52.96,4.341,85,85,12.61,14.12
fc906263ca5083d09dce42fe02247800,MG,114,4497.70,39.45,4.351,114,112,9.40,0.00
55d3daac7c404d59e51c2aa2f4dc5a23,SP,21,4480.60,213.36,4.095,21,21,8.71,0.00
e81e1f9c3e762e620f3fb60a51499e16,SC,17,4465.99,262.71,4.000,16,17,25.36,5.88
4d600e08ecbe08258c79e536c5a42fee,PR,8,4465.34,558.17,4.000,8,7,12.94,0.00
bbad7e518d7af88a0897397ffdca1979,SP,69,4462.22,64.67,3.162,68,68,13.46,16.18
8bd0f31cf0a614c658f6763bd02dea69,SP,33,4455.34,135.01,4.281,32,33,10.00,3.03
b90e891671cffd9557f33a97dc523645,PR,34,4449.00,130.85,4.324,34,34,7.64,0.00
2ff97219cb8622eaf3cd89b7d9c09824,SP,88,4429.00,50.33,4.523,88,87,8.97,5.75
d379f449f2a3b271bc01c0782020f705,MG,28,4423.06,157.97,3.893,28,28,13.30,3.57
0ef83d7d83ed97cd2a0049ac8be5f88a,PR,48,4421.01,92.10,4.149,47,48,9.57,2.08
f021c962aaba8ef6eb527a9c2c8394d1,SC,5,4398.50,879.70,4.200,5,5,8.17,0.00
beadbee30901a7f61d031b6b686095ad,SP,64,4373.98,68.34,3.906,64,64,14.10,25.00
15aac934c58d886785ac1b17953ea898,ES,25,4353.90,174.16,4.240,25,25,14.31,12.00
eed78ac17f7f795a19a709745f00cd4e,SP,22,4349.50,197.70,3.773,22,22,10.04,0.00
a3f0b55de503387383c7b1de3ad7f678,PR,24,4348.40,181.18,4.417,24,24,10.70,4.17
c500367424994318b9e779ff1ae9a330,SP,9,4346.40,482.93,3.778,9,9,16.71,11.11
d66c305afaec317ebee552073a674429,MG,40,4320.76,108.02,4.275,40,38,9.69,2.63
65febd49fd28ec955651299159b1f527,SP,35,4319.70,123.42,4.314,35,33,6.68,6.06
c9a06ece156bb057372c68718ec8909b,DF,13,4308.90,331.45,3.154,13,11,11.49,0.00
23613d49c3ac2bd302259e55c06c050c,SP,70,4293.00,61.33,3.826,69,69,13.98,14.49
9803a40e82e45418ab7fb84091af5231,GO,11,4278.75,388.98,3.727,11,11,15.64,0.00
282c7480173bb9c01dd41cc739fec010,SP,5,4274.20,854.84,4.000,4,5,14.41,20.00
cc5a78bbad32776dc4e3af205218368c,MG,33,4269.18,129.37,4.455,33,33,8.18,3.03
1fdc574883ef3b33ad41562d93f3a74a,SP,18,4251.00,236.17,4.444,18,18,11.25,5.56
43f8c9950d11ecd03a0304a49e010da6,SP,41,4249.59,103.65,4.561,41,41,11.50,7.32
9b1585752613ec342d03bbab9997ec48,RJ,3,4248.98,1416.33,3.667,3,3,8.09,0.00
6ec1a01e866584bb679eb9b098345919,SP,31,4248.91,137.06,4.133,30,30,13.77,20.00
3c03b12bab54d8b37d79d914bfdb1aa0,RJ,37,4236.34,114.50,3.833,36,37,13.62,16.22
98dac6635aee4995d501a3972e047414,SP,91,4235.85,46.55,4.144,90,89,9.62,8.99
8b9d6eec4a7eb7d0f9d579ce0b38324d,RJ,49,4232.54,86.38,4.000,49,48,10.40,16.67
8a130737016f838139d31878787a39c9,SP,56,4222.03,75.39,4.446,56,56,10.19,7.14
6b3bd31ad8fcda4b2635ec9f3ff2ecdf,RJ,36,4198.90,116.64,4.000,36,35,13.21,8.57
8bb48dc19fccaa8613b6229bf7f452a2,SP,82,4190.72,51.11,4.415,82,82,11.48,2.44
cac4c8e7b1ca6252d8f20b2fc1a2e4af,SP,75,4168.18,55.58,3.527,74,74,18.22,22.97
5c030029b5916fed0986310385ec9009,SC,7,4164.40,594.91,4.857,7,7,6.23,0.00
bccf933e006e9b94a6184af782963e77,SP,45,4162.74,92.51,4.523,44,45,11.70,2.22
f76a3b1349b6df1ee875d1f3fa4340f0,SP,24,4160.79,173.37,3.458,24,24,17.02,37.50
cd6efc47efaabf134f8bdb654e10b4f1,RJ,31,4158.55,134.15,4.484,31,31,8.59,9.68
6fc26fe110feebd80a433e1f012a84f9,SP,35,4150.87,118.60,3.912,34,35,12.88,11.43
891071be6ba827b591264c90c2ae8a63,SP,91,4147.29,45.57,3.802,91,85,13.71,17.65
681fce914360217db47784ae28905a96,PR,23,4127.33,179.45,4.000,22,23,12.64,13.04
42b729f859728f5079499127a9c2ef37,SP,104,4118.86,39.60,4.466,103,103,7.85,7.77
e883aa812c37a7413226856f4579fe91,SP,26,4097.10,157.58,4.154,26,26,9.90,3.85
2a167ca73899c85001a837d8fb4962f6,SP,2,4097.00,2048.50,4.500,2,2,6.51,0.00
382229d1e840115ffe3dbf5ff460e417,RJ,46,4096.96,89.06,4.217,46,45,9.30,11.11
951e8cef368f09bb3f3d03c00ca4702c,SP,64,4092.29,63.94,4.082,61,62,9.41,8.06
99002261c568a84cce14d43fcffb43ea,MT,36,4088.00,113.56,3.722,36,36,16.84,8.33
2199e7fe213c16213bf5d6a7eadc9a5d,SP,25,4078.29,163.13,4.240,25,24,10.78,4.17
ec8879960bd2221d5c32f8e12f7da711,SP,36,4062.40,112.84,4.314,35,35,16.50,17.14
d5ba419e26d246a0719437cf37d9b46d,SP,34,4061.40,119.45,3.909,33,33,9.78,12.12
d20b021d3efdf267a402c402a48ea64b,SP,89,4060.18,45.62,3.716,88,86,16.99,17.44
f35b3c613c4f7b2275f4185d0a3c59ec,SP,9,4047.25,449.69,4.556,9,9,12.80,22.22
a0415d9b25ede3c4b1e477e9916ffc03,RJ,10,4044.10,404.41,3.900,10,9,8.93,0.00
715bbd5ba4e6b74cb0d2f29eb45058b0,SP,62,4043.30,65.21,4.468,62,62,11.92,8.06
3c7c4a49ec3c6550809089c6a2ca9370,SP,141,4033.64,28.61,3.660,141,139,9.57,7.91
e70053bf73d1b5863932e53a9fa47496,SP,7,4025.00,575.00,4.286,7,7,13.46,0.00
55a5b51f93f2b70ea513f5a047b0262a,MG,39,4002.30,102.62,4.462,39,39,13.74,7.69
cb41bfbcbda0aea354a834ab222f9a59,SP,12,4002.00,333.50,3.333,12,11,37.56,36.36
6b333a05bf188ef3e1f1662a86bd9855,DF,12,3990.91,332.58,4.333,12,12,10.71,8.33
1b938a7ec6ac5061a66a3766e0e75f90,SP,30,3987.60,132.92,4.300,30,29,11.46,3.45
bede56095ba33c42038fb85f707b8a42,SP,2,3973.90,1986.95,4.500,2,2,12.58,0.00
50c9975695009e5e6473912e83a6d1da,MG,50,3964.40,79.29,3.939,49,50,16.48,14.00
bf3c6d2a28b2b5501e6c15448982dcc9,SP,35,3956.50,113.04,4.600,35,35,11.82,2.86
3f995f07c49d0d55a99d5c54957f7d81,SP,43,3955.70,91.99,4.209,43,43,9.59,2.33
81f89e42267213cb94da7ddc301651da,SP,46,3955.00,85.98,3.674,46,46,7.45,0.00
d12c926d74ceff0a90a21184466ce161,SP,78,3944.18,50.57,4.346,78,76,8.72,1.32
11bfa66332777660bd0640ee84d47006,SP,76,3925.87,51.66,3.921,76,76,16.53,15.79
fde0cc9ea29c8ccfc0a2c22256a58c71,PR,35,3922.00,112.06,4.486,35,35,8.71,2.86
232a6014e7b10cba61c6c2b2ea6bb4b0,SP,33,3919.87,118.78,4.156,32,32,13.60,6.25
7f152321c60a266edc53af1925ef96c1,SC,20,3919.80,195.99,3.800,20,20,23.47,30.00
d673a59aac7a70d8b01e6902bf090a11,SP,79,3908.94,49.48,3.911,79,79,14.12,10.13
79ed755314cfe6df0daef2c6cd3022cd,SP,23,3907.50,169.89,4.727,22,23,9.26,0.00
3361277dc30b7cccdb0c286b24219756,PR,29,3905.05,134.66,4.345,29,29,13.25,6.90
f00e21b1e91a79653163b7fd8f293ff1,SP,31,3900.09,125.81,4.100,30,31,12.97,3.23
271c58a1d139c45eaf3316107c6d3a3b,SP,29,3897.52,134.40,4.069,29,27,13.16,7.41
6a0cbc8af2e8abd1bdfb777943d174c6,SP,35,3894.05,111.26,4.059,34,34,15.51,8.82
14d7985702e72162bbf13b6beb74ab2b,SP,37,3887.00,105.05,4.324,37,37,11.06,13.51
02f5837340d7eb4f653d676c7256523a,PR,30,3883.05,129.44,4.833,30,30,9.66,3.33
8090490573c6c0aa343a7231ebcb8c86,SP,26,3871.12,148.89,4.192,26,26,10.09,7.69
b17b679f4f5ce2e03ce6968c62648246,SP,53,3861.95,72.87,3.811,53,50,19.23,18.00
42fa4ee7240e9b8eb4576358ec142ba7,RS,22,3845.70,174.80,4.810,21,22,6.92,0.00
7d76b645482be4a332374e8223836592,SP,176,3843.93,21.84,3.960,174,172,13.63,11.63
8ed8ea9a57c862f2c18c2fe41f601d56,SC,19,3831.90,201.68,4.474,19,19,8.58,0.00
13d058e4eeac2ce8217660b2f8a05812,SP,23,3829.77,166.51,4.217,23,22,11.40,13.64
3f3486b61f45078d4f31ee5e43d8c5bb,SP,40,3829.73,95.74,4.325,40,39,13.88,15.38
6860153b69cc696d5dcfe1cdaaafcf62,SP,74,3827.63,51.72,4.096,73,74,10.25,9.46
f0b47fbbc6dee9aafe415a6e33051b3f,SP,68,3795.91,55.82,4.221,68,67,10.13,10.45
2e13c71026e1a39ba5cc1b86dcb679aa,SP,24,3793.00,158.04,4.375,24,24,10.57,8.33
38874e327ce94d11390b96eb42d61928,SP,6,3779.94,629.99,4.000,6,6,19.96,16.67
5d9dc90a686a8fddacffab6bab5653a3,SP,12,3761.94,313.50,4.167,12,12,8.63,8.33
edf96ef93ed595084bbcbd9224bd2894,SP,25,3757.00,150.28,3.880,25,25,13.89,12.00
2d2c62bef4c8ba0dd74e0e228e808539,SP,16,3749.00,234.31,4.125,16,16,10.31,12.50
1d0997ff06b524ce9289ffd75114ecd3,PE,3,3747.00,1249.00,3.667,3,3,17.01,33.33
3c4e0452bff7a2a788179488d3d77032,PR,32,3746.40,117.08,3.839,31,32,13.83,3.13
eb4df17aed01d918c65f0f8d650900c0,SP,11,3739.87,339.99,3.909,11,11,12.90,27.27
602044f2c16190c2c6e45eb35c2e21cb,SP,50,3739.16,74.78,3.143,49,48,14.81,18.75
0509040ea3fe50071181bbc359eb7738,MG,89,3737.95,42.00,4.483,87,87,11.61,6.90
77e4abfd739aed9c46480f90f81c0eb4,DF,18,3736.99,207.61,4.778,18,18,10.01,0.00
66dc1b1632bd6a3e508510c5b3492107,SP,37,3721.39,100.58,3.568,37,36,10.28,2.78
23a0ffca143a15b9b5bbdb7d552f626a,SP,23,3718.51,161.67,3.913,23,23,11.50,13.04
822166ed1e47908f7cfb49946d03c726,RJ,69,3714.83,53.84,3.985,68,69,12.81,1.45
ec80e49e69745ab6c14f984bf2149423,SP,12,3709.00,309.08,4.000,11,12,12.85,16.67
99a54764c341d5dc80b4a8fac4eba3fb,SP,45,3708.76,82.42,3.614,44,44,7.73,20.45
a44fb5a447105f8469bdf16bf9159f25,RS,19,3706.10,195.06,4.053,19,19,14.24,26.32
f3da5b2ff499efb8d4a6d371d175d7dd,SP,79,3702.29,46.86,3.821,78,77,11.52,14.29
520b493b57809f446cb0a233bb3e25c7,SP,63,3698.90,58.71,4.302,63,63,7.68,3.17
c0563dd588b775f2e37747ef6ad6c92c,SP,28,3697.20,132.04,4.357,28,28,10.86,10.71
4559697a8f7e637227c2eeaed843baff,SP,42,3696.00,88.00,4.048,42,39,12.94,7.69
5f5b43b2bffa8656e4bc6efeb13cc649,SP,27,3677.20,136.19,4.407,27,27,13.95,3.70
b1fecf4da1fa2689bccffa0121953643,MS,19,3669.64,193.14,4.947,19,19,10.20,0.00
2745f798279e0ed033addcc1474776d7,SP,32,3668.53,114.64,3.968,31,32,13.36,9.38
c731d18cea9bf687ffee82a241c25b11,SC,24,3662.00,152.58,4.217,23,24,7.91,0.00
df560393f3a51e74553ab94004ba5c87,PR,28,3661.18,130.76,3.679,28,26,18.47,7.69
33ac3e28642ab8bda860a2f693000e78,SP,34,3661.03,107.68,4.206,34,34,8.72,0.00
8b2492b7ff4468839593fafeed55bad9,RJ,29,3660.08,126.21,4.172,29,29,12.44,6.90
56642bcb79900e777d68e91915cb4267,SP,48,3657.64,76.20,4.063,48,48,12.48,8.33
7f2617c58d5d06806987308b45654351,SP,22,3656.80,166.22,3.818,22,22,12.48,9.09
5d3bb11474a06bdc23fb9e89f1164ee0,SP,31,3654.60,117.89,3.903,31,31,9.80,3.23
f97e2b0650c2068227e1d366140eb62f,SP,16,3654.00,228.38,4.000,15,16,14.79,6.25
6bb0724edf0b62fb91ac404873a97241,SP,17,3653.00,214.88,4.467,15,17,14.39,17.65
406822777a0b9eb5c50e442dd4cd3ec5,SP,45,3648.08,81.07,4.295,44,44,13.38,13.64
38e679b9e0064cd94c6f035707344dae,PR,27,3644.15,134.97,4.115,26,27,11.23,3.70
ed4311e67debd72b8610a5347a743087,SP,25,3636.00,145.44,4.625,24,25,7.81,8.00
1eade46fba20122dc4aefb379f8c636b,SP,58,3635.37,62.68,4.431,58,58,12.37,13.79
8f119a0aee85c0c8fc534629734e94fd,SP,76,3633.78,47.81,4.237,76,75,10.05,5.33
e49c26c3edfa46d227d5121a6b6e4d37,PE,34,3624.35,106.60,4.559,34,34,11.62,0.00
96804ea39d96eb908e7c3afdb671bb9e,MG,38,3610.70,95.02,4.053,38,37,12.92,2.70
21e83881401b92b49fb09a16d3852291,MG,14,3588.05,256.29,4.357,14,12,10.95,0.00
3364a91ec4d56c98e44174de954b94f6,RO,6,3579.94,596.66,3.833,6,6,14.83,0.00
3c010235b7345c92f125d14ee232a76b,PR,15,3578.00,238.53,4.667,15,15,11.04,0.00
3d8fa2f5b647373c8620330c4e077a9f,SP,43,3571.73,83.06,4.167,42,42,9.11,2.38
f2336e113377dd21c744d9c4fc8293a9,SP,4,3563.00,890.75,4.250,4,4,20.25,0.00
218f991754f360af9c2daa5e0b8e990c,SP,14,3554.32,253.88,3.643,14,14,13.86,14.29
585175ec331ea177fa47199e39a6170a,MG,1,3549.00,3549.00,5.000,1,1,7.92,0.00
71039d19d4303bf9054d69e9a9236699,SP,35,3537.20,101.06,3.800,35,35,13.89,22.86
276677b5d08786d5dce7c2149dcce48b,MG,33,3522.00,106.73,3.909,33,31,12.06,9.68
6750d71153f00fc58829af2a8ef1bcf1,RJ,6,3514.00,585.67,4.167,6,6,9.52,0.00
e7d5b006eb624f13074497221eb37807,SP,28,3478.93,124.25,3.929,28,28,11.17,7.14
244b04680fdbded0acf5aebd9c92b44a,SP,3,3477.70,1159.23,1.000,2,2,38.02,50.00
8ff38bc3969e67c36c48343a07090f66,SP,2,3472.00,1736.00,2.500,2,2,16.92,0.00
ed46f1eb4a638113deb2a1137b5f22e9,SC,4,3470.00,867.50,4.000,4,4,7.36,0.00
bce6a5ecf98e99fd2a8868b15c51f04b,SP,14,3464.90,247.49,4.071,14,14,11.76,21.43
f0837c8d71434931d9e38e7b79234797,RS,22,3446.90,156.68,4.591,22,22,11.82,4.55
1b8356dabde1d35e17cef975c3f82730,SP,56,3426.39,61.19,4.161,56,55,10.54,1.82
c394e193cda3b4225ff2094d32184849,SP,3,3419.88,1139.96,3.667,3,2,11.45,0.00
4677a5437afda5fa7140b927b07be1cc,PR,11,3415.70,310.52,4.364,11,11,12.51,9.09
f4db9b37944bcb8873e6b456ee190bbf,SP,21,3409.78,162.37,4.571,21,21,13.15,9.52
827f8f69dfa529c561901c4f2e0f332f,PR,91,3408.39,37.45,4.281,89,91,13.68,9.89
070d165398b553f3b4b851c216b8a358,SP,32,3393.16,106.04,3.323,31,31,12.10,16.13
cfd7ddab722b902f7ac5b5f3ba6d723d,MG,12,3385.03,282.09,4.750,12,12,5.45,0.00
960945e1a9535cbc0cd6ddd35fbe7ae8,SP,28,3381.73,120.78,4.643,28,28,6.19,0.00
2d50d6282f8aa2257819a77bfaa0efe0,SP,44,3353.48,76.22,3.705,44,42,13.65,14.29
db4350fd57ae30082dec7acbaacc17f9,SP,137,3331.31,24.32,4.140,136,136,10.79,3.68
6481e96574816ead57975da2c0f6d80d,SP,32,3324.90,103.90,4.188,32,32,6.95,3.13
6b90f847357d8981edd79a1eb1bf0acb,SP,45,3322.08,73.82,4.356,45,45,5.58,4.44
8c3b533c63cca56240f94f1e3a6b18ef,MG,5,3312.16,662.43,1.500,4,3,43.63,66.67
994f04b3718c2bab35c2adfa8afecd2a,SP,47,3289.80,70.00,4.298,47,47,14.03,8.51
a2b5b6105ea5942300631d2e76f4ffe0,SP,16,3286.69,205.42,4.750,16,16,8.47,12.50
54c04bdb5ec46762f8f08c7e8f86ed4a,SC,18,3281.66,182.31,4.333,18,18,15.72,11.11
5b51032eddd242adc84c38acab88f23d,MG,12,3280.00,273.33,4.000,12,12,11.75,0.00
643214e62b870443ccbe55ab29a4dccf,SP,66,3270.13,49.55,4.409,66,65,9.59,12.31
52562a9f449c3dc3d53f5f5b9ed74903,RN,14,3266.60,233.33,4.786,14,14,13.36,0.00
aeb36d67f1414f234d42a29e27cf1f17,SP,4,3263.80,815.95,4.500,4,4,19.47,25.00
594f9aaa48e5bf431f011ddc5669b0d5,MG,37,3248.80,87.81,4.595,37,37,7.79,2.70
a938325a4b357fd23a6a4d5bb126408e,RJ,24,3231.00,134.63,3.833,24,24,13.24,4.17
c64a2aec32cc408a8a4c6d7c46017f91,RS,9,3221.50,357.94,3.889,9,9,21.51,0.00
afa6714acee029b2dfdf357e5579cc03,SP,16,3220.76,201.30,4.250,16,16,12.73,12.50
4c18691b6037662be2df78a765d98ab5,SP,63,3195.52,50.72,3.873,63,63,9.24,7.94
bb7a14e229b1c95156719c3d9552eeee,RJ,11,3190.10,290.01,4.182,11,10,11.60,10.00
d57e18d5f73c7ccb7f7339b61166898d,SP,61,3187.70,52.26,4.426,61,61,9.21,3.28
e48b04bf1aa1ef711caebeb7aede6180,PR,25,3187.10,127.48,4.480,25,25,10.54,0.00
e89c4adbe7b1d0819dbb636e16461cf1,SP,24,3181.30,132.55,3.833,24,24,15.12,12.50
5c6d4016c2a288f074fa0848a2b653d2,SP,32,3159.00,98.72,4.063,32,31,10.63,9.68
870d0118f7a9d85960f29ad89d5d989a,MG,45,3157.20,70.16,4.044,45,45,14.46,4.44
c8b3445d737de6befde0c88ede534a5e,SP,30,3149.04,104.97,4.433,30,30,11.70,3.33
5bc24d989e71e93c33e50a7782431b0e,MG,17,3148.00,185.18,4.353,17,17,9.19,0.00
95f83f51203c626648c875dd41874c7f,MG,51,3147.56,61.72,3.725,51,50,11.72,6.00
f326006815956455b2859abd58fe7e39,SP,9,3147.16,349.68,4.667,9,9,12.90,0.00
3cfa1358a6caa965278721344c8d76f2,SP,5,3140.28,628.06,4.800,5,5,6.30,0.00
b1ac6ea7895bc3dd6f0f6f4abbdd2821,RS,40,3139.00,78.48,4.350,40,38,10.18,0.00
238fac594e170b59c6d228f5a4f4f1d9,SP,29,3126.00,107.79,4.000,28,29,12.01,10.34
430315b7bb4b6e4b3c978f9dfa9b0558,SP,20,3118.40,155.92,3.947,19,19,13.56,5.26
3bdff180c7e1f6551a643b99c265a120,SP,59,3114.90,52.79,4.086,58,56,10.03,5.36
5b35136197710e16ac5e7b7c2bd4ea85,RJ,7,3104.20,443.46,2.571,7,7,18.39,28.57
08cdbae123ff67ca4e36d9d641ce0119,MG,4,3098.99,774.75,3.250,4,4,24.26,50.00
f61c63d13f7cd800549d5acdd390ae72,SP,26,3072.30,118.17,4.000,26,26,11.75,7.69
bd697db56ff8e7c9cd1abeb7f72029b2,SP,22,3069.78,139.54,4.182,22,21,10.88,0.00
aae3bfea055532c57fb453ed3ec80b30,SP,48,3057.92,63.71,3.596,47,48,12.52,0.00
612a743d294c27884fb7b80d2b19ba35,PR,2,3057.70,1528.85,4.500,2,2,9.80,0.00
d9e8c084b68fe958861d8f2c21202e6b,SP,9,3050.00,338.89,4.333,9,9,10.33,0.00
b8555308bfdb4ca1ed54325a58da9a97,SP,26,3047.20,117.20,4.000,26,26,10.22,7.69
0ebd97a106433a45a4aebe57c1799778,MG,31,3046.80,98.28,4.484,31,31,9.44,0.00
4da0e408c99d2fdc2126dc9fce518060,PR,44,3026.00,68.77,4.409,44,44,9.28,0.00
d17f467e4bf608a510c20d82f4ba3b6b,RS,12,3021.66,251.81,4.000,12,11,12.06,18.18
4c8545742faaf58fafd5fd14d25d75cf,SP,4,3020.00,755.00,4.500,4,4,9.97,0.00
55f7a3319d80f7fdf078b8f03e6725fe,SP,22,3013.78,136.99,3.773,22,22,6.78,9.09
f4aba7c0bca51484c30ab7bdc34bcdd1,SP,110,3009.79,27.36,3.944,108,108,10.98,6.48
49e7217cfe4e427191c378ec626d8737,MG,13,3002.70,230.98,3.846,13,12,16.04,0.00
c9aafcd0621b2207c10e32c649cada4d,SP,44,2997.25,68.12,4.023,44,40,8.71,10.00
5bc55dbe2f12b6af6d83ed46023e0dc8,MG,17,2992.10,176.01,2.412,17,17,13.93,23.53
8cbac7e12637ed9cffa18c7875207478,SC,67,2990.98,44.64,4.119,67,66,13.94,6.06
0c7533c71df861ec58ad7ff999ed0e8d,SP,61,2989.30,49.00,4.148,61,61,10.81,4.92
974cf2cb8f4b7add98709c30df02fe10,SP,33,2982.67,90.38,4.061,33,30,11.27,3.33
2156f2671501a81034d7d07f217609d0,SP,22,2981.50,135.52,3.864,22,21,15.28,14.29
fce62094ffe6a4009188ec44e681dfdd,SP,4,2969.70,742.43,4.000,4,4,13.50,25.00
9646c3513289980f17226a2fc4720dbd,SP,69,2964.40,42.96,4.449,69,69,11.20,2.90
b494891378bd8f4560abe576c52deacd,SP,20,2958.90,147.95,4.650,20,19,5.47,5.26
2e3be8a987a30d7544dbbda6861cc14e,MG,15,2951.86,196.79,3.600,15,14,14.50,7.14
e908c0f3646e8b60375734a350d95d71,SP,1,2951.00,2951.00,4.000,1,1,27.11,0.00
dd58ee93286b0821565574c570e9e1dc,PR,2,2948.00,1474.00,5.000,2,2,12.04,0.00
1996942dc085d7773ba77a529b163cd0,SP,10,2943.51,294.35,3.900,10,9,11.79,0.00
60562ab00b8054280520d390c8c0045c,SP,17,2943.00,173.12,4.765,17,17,10.18,0.00
cb5df0dcb9e280b1780e9d589889f2c7,SP,16,2934.72,183.42,2.600,15,11,21.57,18.18
be9a160a9011f627c3e121d076c1ec7b,SC,7,2934.00,419.14,3.571,7,5,14.82,0.00
f44b6f775a2b390380e0e30b5c9d3eee,SP,10,2930.00,293.00,4.900,10,10,8.69,0.00
606ce7768feac12c5e8bd58db8b08f0f,SP,5,2916.60,583.32,4.800,5,5,9.73,0.00
a6fe7de3d16f6149ffe280349a8535a0,SP,51,2904.80,56.96,3.980,50,50,14.98,16.00
b1204cfda1d4948679db3cfc0d3cb95c,SP,7,2903.70,414.81,4.000,7,6,9.83,0.00
20d83f3ef0e6925fd74bfd59170babf7,SP,40,2903.60,72.59,4.400,40,40,9.07,5.00
d3dcf0604eabf0224fbd5948b5e02f69,SP,9,2902.30,322.48,3.889,9,9,17.63,33.33
4305fe92735c8a43d154ff6dd2b8d927,MG,19,2885.90,151.89,3.947,19,17,11.48,0.00
1771297ac436903d1dd6b0e9279aa505,SP,28,2881.27,102.90,4.630,27,28,9.44,3.57
1987cd4be10fe09ee50454f9c354d1c6,MG,14,2877.70,205.55,4.357,14,14,15.32,7.14
cb3dd9ce66268c7a3ca7241ac70ab58c,SP,49,2868.31,58.54,4.204,49,48,14.01,6.25
4342d4b2ba6b161468c63a7e7cfce593,RJ,20,2867.10,143.36,1.263,19,2,15.68,50.00
977f9f63dd360c2a32ece2f93ad6d306,SP,24,2858.87,119.12,3.750,24,23,12.80,13.04
fec6275253471ace26d209bbaa64cd0f,RJ,9,2840.00,315.56,4.556,9,9,14.16,0.00
b335c59ab742f751a85db9c411a86739,MG,32,2835.47,88.61,3.875,32,30,16.15,3.33
432c37c9dfba871172ec162e20118b8c,DF,45,2828.87,62.86,4.178,45,44,14.60,9.09
d32e3909cfb714fb2a6cb092c85b9c5f,SP,10,2827.90,282.79,3.500,10,10,22.51,30.00
730937bf88cb151eb2eb849f642fc213,SP,22,2821.20,128.24,4.409,22,22,6.47,4.55
1838dd9b8977065acf51d95e0053ea7a,MG,64,2820.30,44.07,4.266,64,62,12.79,4.84
dd533b429f380718b70ad9922c294bae,SP,41,2819.77,68.77,3.780,41,39,17.28,12.82
f593898ec748b7a8cb81fc04edafd98a,SP,20,2813.04,140.65,3.700,20,19,16.62,15.79
5f1dc28029d2c244352a68107ec2b542,SP,62,2807.30,45.28,4.426,61,62,9.55,6.45
820cc752a266cdc6c1a1e61dd4583330,PR,15,2802.80,186.85,4.133,15,15,13.96,13.33
2a1348e9addc1af5aaa619b1a3679d6b,MG,51,2793.10,54.77,3.160,50,48,27.31,27.08
df56d7b40d437f88407c5f78b63bc328,PR,22,2791.28,126.88,4.091,22,22,12.59,4.55
f7ccf836d21b2fb1de37564105216cc1,SP,70,2787.40,39.82,3.809,68,69,11.21,10.14
62c50c1af4dfdc4149d25c5222043d39,SP,14,2785.72,198.98,3.714,14,12,12.14,0.00
ae7ab174effdead6c241e547e4ca13f0,PR,6,2778.60,463.10,4.333,6,6,9.57,0.00
8d79c8a04e42d722a75097ce5cbcf2ef,CE,27,2777.72,102.88,4.444,27,26,19.17,15.38
3fd1e727ba94cfe122d165e176ce7967,SP,36,2769.30,76.93,3.861,36,35,15.71,20.00
c4f7fee5b0db50e87766f5a4d1b1b758,SP,5,2762.03,552.41,4.000,5,5,11.53,0.00
f125f3a310c2e5f822d116147de1e474,SP,16,2761.40,172.59,4.188,16,16,11.93,12.50
8f54d64f28a993550aa7943f12572959,MG,15,2755.50,183.70,3.733,15,15,14.05,6.67
a1474fd46fd3430168f7ec202da39408,SP,12,2752.50,229.38,4.333,12,12,17.98,16.67
1444c08e64d55fb3c25f0f09c07ffcf2,BA,1,2749.00,2749.00,1.000,1,1,10.40,0.00
052577151711aec5c744fe12e66db3e1,SC,4,2748.00,687.00,2.250,4,1,14.03,0.00
f805b96fa705ba7995a221f1749dc141,PR,7,2744.44,392.06,4.429,7,7,12.98,0.00
3b872fd4747f01cc56206f2934198618,SP,25,2726.74,109.07,3.880,25,25,14.49,16.00
5cbbd5a299cab112b7bf23862255e43e,PR,36,2726.06,75.72,4.278,36,36,10.85,0.00
33576ec5412fb5905d876f12f33bfde6,PR,31,2718.00,87.68,4.097,31,31,14.82,3.23
458d868c9642f55f18f04e951a3fdde6,RS,2,2718.00,1359.00,5.000,2,2,17.61,0.00
78744a20ee2f80ba64f6804c25def2b8,PE,6,2715.00,452.50,4.167,6,6,18.96,16.67
fe26f3ecb51a15e6d8335cd92da42562,SP,7,2708.96,386.99,4.429,7,7,10.68,14.29
d93844a9c55ba7ce353388bcf849ea56,PR,12,2708.50,225.71,4.250,12,12,16.80,8.33
51702dc2a3e106c76dbff722b5bf0726,SP,13,2705.10,208.08,4.308,13,13,14.79,0.00
e99e927c81e3f51739c94fcdfca9f10f,MG,22,2702.83,122.86,3.636,22,21,14.58,19.05
31561f325664a8a7aba4c8d0c3a9b3db,SP,36,2702.19,75.06,4.639,36,36,7.39,2.78
0015a82c2db000af6aaaf3ae2ecb0532,SP,3,2685.00,895.00,3.667,3,3,10.79,0.00
a17f621c590ea0fab3d5d883e1630ec6,SP,63,2677.92,42.51,4.164,61,63,11.56,7.94
ffa6adafb71b807dc13159e26431354c,PR,18,2669.90,148.33,3.778,18,17,9.85,0.00
d93919c944be9cff128f6c9cb899eacb,SP,33,2666.70,80.81,4.000,33,33,22.92,18.18
9c068d10aca38e85c50202e17b4a7e88,MS,17,2658.90,156.41,4.125,16,17,16.53,17.65
d25aa0aaacb370e912f8cf6efeba38b3,SC,17,2658.45,156.38,4.471,17,17,8.84,5.88
6f229cc508fc6915ed5c499efd93baa4,RJ,13,2654.80,204.22,4.385,13,13,9.25,15.38
0885aaf116795758dfeb5f1032487bcd,SP,28,2648.00,94.57,4.214,28,27,5.99,3.70
850913d59ce317156b00f3705f1c3edb,SP,31,2648.00,85.42,3.516,31,29,13.54,17.24
bc302730ea8cf49b5c74f579febb5bbf,SP,11,2640.90,240.08,3.818,11,11,11.24,9.09
f1b93673502375d491780bb49d615dbc,SP,8,2638.93,329.87,3.125,8,8,14.44,25.00
1b7e5006cb25dd23ce8686691013b121,SP,11,2636.74,239.70,4.364,11,11,15.49,18.18
ccf8813e5a7d6c84d865cd38bfc2b130,SP,26,2635.50,101.37,4.385,26,26,11.43,7.69
9906e7aa42a3c067b7c9a564d01c4320,PR,12,2619.00,218.25,4.500,12,12,16.47,16.67
8ab42aa58097fd4668d60cc648225d5f,GO,20,2616.75,130.84,4.200,20,20,10.36,0.00
a369d693961cb93b61ca2cc518872a85,SP,11,2597.00,236.09,3.909,11,11,11.03,0.00
fdaaf5bfda82b7b80535610c831b8d09,SP,10,2588.90,258.89,4.200,10,10,9.90,10.00
244c2f1bff6afe1f2eaf9bfe9b2aed38,SP,23,2580.00,112.17,3.652,23,23,13.99,8.70
2c4c47cb51acd5ea5db5e0ae0e26542a,SP,12,2575.90,214.66,4.667,12,12,10.74,0.00
04aba03279157f6d4e0fe8ccaf21963c,RJ,16,2575.90,160.99,4.313,16,15,11.62,6.67
b76dba6c951ab00dc4edf0a1aa88037e,SP,159,2574.78,16.19,4.178,157,157,10.38,3.18
41ab63a91b8b264e8c8780368bf1dd5b,MG,12,2571.95,214.33,4.250,12,12,16.31,0.00
1ce3ae5a399804d1a87e706f8a813c3e,SC,40,2563.00,64.08,3.750,40,40,14.51,10.00
4e8dacf3d38f281ae26c3e0321d92d88,SP,9,2555.45,283.94,2.889,9,8,12.03,12.50
cd06602b43d8800bd0afad514919d35c,SP,43,2555.31,59.43,3.744,43,43,12.60,4.65
323ce52b5b81df2cd804b017b7f09aa7,SP,30,2554.20,85.14,4.310,29,29,17.06,17.24
157c3e4b42f81ac4a44e8b1ca2fe9876,SP,23,2548.50,110.80,3.696,23,23,10.98,8.70
bb5bd94c8f59cc050072d2930c869cac,SP,16,2543.87,158.99,4.188,16,16,14.67,6.25
47efca563408aae19bb7206c2d969ea9,PI,12,2522.00,210.17,4.083,12,11,13.79,0.00
318f287a62ab7ac10b703ac37435a231,SP,52,2517.48,48.41,3.865,52,51,11.52,9.80
3d39fbf22a665714baf62fae36029e23,SP,8,2504.20,313.03,4.750,8,8,8.57,0.00
de0c78824586e9a5f5f04fd84e25df39,SP,14,2489.30,177.81,4.643,14,14,6.63,0.00
cce6ab8d1682639fe45ab70234f1665f,SP,62,2482.70,40.04,4.452,62,61,15.36,4.92
cea729054f157f5870bdd321a958d994,SP,24,2482.10,103.42,4.125,24,24,7.27,4.17
6989574bd97d9773f10d232b6c07da59,PR,7,2478.40,354.06,4.857,7,7,10.96,0.00
fe49ee029e61e789a1f3a5525f57ba8d,SP,16,2473.69,154.61,4.250,16,16,10.42,6.25
5eeb9c756d9780b96283e5a2ac6da334,SP,9,2471.00,274.56,4.222,9,9,16.61,22.22
c2d70ce2c5d0a2eb75e78668236e6dc8,SP,13,2470.90,190.07,4.615,13,13,8.32,0.00
3a734b715d333a2588a3d54a0c9b8746,SP,18,2463.52,136.86,3.944,18,15,12.27,6.67
1c40343cc5d18c2d8248ac2f3366de34,SP,21,2461.41,117.21,4.619,21,21,7.48,9.52
fa74b2f3287d296e9fbd2cc80f2d1cf1,SP,11,2459.89,223.63,2.364,11,5,30.38,40.00
a08692680c77d30a0b4280da5df01c5a,SP,6,2433.00,405.50,5.000,6,6,9.34,0.00
ede0c03645598cdfc63ca8237acbe73d,SP,45,2431.95,54.04,3.512,43,43,18.59,34.88
efcd8d2104f1a05d028af7bad20d974b,SP,47,2424.78,51.59,4.170,47,46,10.14,2.17
ed859002ad59dbf8cf3602696a6c3000,PR,7,2421.70,345.96,3.714,7,6,18.51,0.00
4b0fdb526525f9890eb145bf1534640e,SP,18,2419.00,134.39,4.056,18,18,9.19,0.00
888faa8bfb0b159c37de6d898b961c31,SC,19,2418.30,127.28,4.211,19,19,8.45,0.00
d06d019f72a04e5497a0b64190af170c,SP,17,2415.93,142.11,4.529,17,17,8.50,5.88
d3f39f05462b79a4562d35893a28f159,SP,34,2411.30,70.92,3.647,34,33,11.97,12.12
1354d51653f645349064725ed204e85e,SP,18,2410.00,133.89,3.944,18,18,9.56,5.56
76833248bbc0e65a0293ec62023e4396,SP,2,2399.98,1199.99,5.000,2,2,18.68,0.00
82bd0703a4aefd6b599e5bfdaed378fb,SP,20,2394.28,119.71,4.050,20,20,11.61,5.00
0bb738e4d789e63e2267697c42d35a2d,SP,30,2388.30,79.61,4.600,30,28,12.09,3.57
6bbcb8924baf70b7fe2fe2097e8cd407,SC,10,2382.50,238.25,4.500,10,10,12.09,0.00
acadd4d36859671cb635527c6c977533,SP,12,2381.00,198.42,4.250,12,12,17.89,16.67
cfe94489ddd337d1e29e12f2a7205d10,SP,20,2376.00,118.80,4.300,20,20,6.92,10.00
8a87611c08849ffeeccab52aa798b6c7,PR,13,2369.80,182.29,2.769,13,6,8.86,0.00
120476eb7a04c149d14772edaf5d9bf2,RJ,4,2368.80,592.20,4.250,4,4,7.80,0.00
5160d23075764e18e07c1f4a87fad743,SP,33,2359.00,71.48,4.364,33,33,9.30,3.03
4978a02ea9c8be7a9b5480680f40334e,SP,18,2356.61,130.92,3.556,18,18,5.28,0.00
8603f0038fe0e52fedd3382d266723de,SC,10,2355.00,235.50,4.400,10,10,21.26,0.00
c004e5ea15737026cecaee0447e00b75,SP,1,2350.00,2350.00,1.000,1,1,33.83,100.00
3504c0cb71d7fa48d967e0e4c94d59d9,SP,53,2349.94,44.34,4.415,53,53,7.33,0.00
4391ea5c5990502176a1dcda44a2373d,RS,3,2349.00,783.00,4.667,3,3,12.01,0.00
5a93f3ab0ef4c84ed5e1b5dbf23978bc,SP,39,2338.25,59.96,4.692,39,38,15.09,2.63
34f563c82a85b99ae9e6d60db5fc2e28,RS,8,2332.30,291.54,4.625,8,8,10.74,0.00
1d4587203296c8f4ad134dc286fa6db0,SP,42,2323.30,55.32,4.286,42,40,9.46,5.00
df91910b6a03bb2e3358fa6a35e32f6f,SP,14,2312.10,165.15,4.357,14,13,9.19,0.00
daeb5653dd96c1b11860f72209795012,MG,40,2305.90,57.65,4.050,40,38,11.65,7.89
fd386aa7bed2af3c7035c65506c9b4a3,SP,69,2304.15,33.39,4.348,69,69,8.56,10.14
f1c1ac3f3efc07e659c035008e615e66,SP,3,2294.96,764.99,3.333,3,3,10.97,0.00
6338ea67c41078a46ad99cc009654956,RS,37,2286.09,61.79,4.600,35,37,13.19,0.00
7238a95bb63ef7e498389fb863b834a1,SP,15,2265.70,151.05,4.733,15,15,7.96,6.67
e8f6dc8e6a1dcde89d20e3995c8d90b3,SP,36,2256.34,62.68,3.917,36,35,12.94,8.57
8fe8786ee000001ab51d030dfd4a7bf1,SC,5,2255.00,451.00,4.600,5,5,15.87,0.00
655220df33262c7e0c4949a147366f94,SP,13,2245.00,172.69,4.077,13,13,13.79,15.38
7b8e8ec35bad4b0ef7e3963650b0a87b,SC,5,2244.28,448.86,4.800,5,5,21.90,20.00
1b1ae47a313a825a7ccceb8e2e30fa9d,PR,11,2243.90,203.99,3.900,10,10,10.65,0.00
3e8bd881d92466e63ba9e3e809cd3c50,RJ,9,2242.28,249.14,4.125,8,8,13.97,37.50
5abb8ea023c77787f2c15da891c8d384,SC,13,2241.00,172.38,3.923,13,13,19.68,23.08
54583ab379489add547fe47b628db589,SP,10,2240.00,224.00,4.800,10,10,5.12,0.00
e5f9e61ceb5f523cc966e0f34095032f,SC,4,2238.00,559.50,4.000,4,4,20.25,25.00
cac876b37d3abcd6bd76caca30277996,PR,27,2229.77,82.58,4.462,26,27,9.91,3.70
b83cedfb587e7911540e3f576d6917ce,SP,24,2224.95,92.71,4.208,24,24,10.16,8.33
9a84ba99f5367fdbd4598363496f1ea2,GO,15,2223.38,148.23,3.800,15,15,10.51,0.00
b74d1c09cb380e1d03a6f859c6f4224b,RJ,31,2221.60,71.66,4.258,31,30,10.78,13.33
fb89df7f89fd1b8f03fa2acca1ba7364,PR,22,2220.00,100.91,3.864,22,22,16.15,9.09
747e73c01a4593d4cf60dcf970fd2689,PE,3,2217.99,739.33,4.333,3,3,10.69,0.00
77a515caa36327151d1cc6c32a9f00e1,SP,26,2217.39,85.28,4.423,26,26,10.34,11.54
abbf6046bbdf1028606a5bc7f00c99e7,SC,7,2217.15,316.74,4.143,7,6,11.79,0.00
f214d28e8d8e3ef068748498ccc2f813,SP,54,2212.41,40.97,4.151,53,52,10.43,7.69
4992e76a42cb3aad7a7047e0d3d7e729,SP,57,2211.10,38.79,3.912,57,56,7.71,7.14
e5475dcab1e07b63d7f6e902d8f5eda8,SP,19,2192.00,115.37,4.105,19,19,9.57,5.26
91f0eec23d4a61d7d7caeefa3f0ad1ca,SC,11,2190.80,199.16,3.545,11,11,26.14,27.27
0725b8c0f3f906e58f70cbe76b7c748c,SP,17,2190.30,128.84,3.412,17,16,12.98,37.50
14a08204d03bb6b6bde8029f801ae0eb,SP,28,2185.40,78.05,3.893,28,28,8.84,0.00
30c7f28fd3a5897b2c82d152bb760c17,RJ,7,2178.27,311.18,1.667,6,6,20.65,50.00
8ca1551acf9832a4cf467bbbac15851f,PR,11,2176.40,197.85,3.909,11,11,13.27,9.09
53d00c40e32aeb924a84ce72b1af869d,SP,17,2165.85,127.40,4.353,17,17,16.05,23.53
2be17df1c49978426251562096c3cc09,SC,16,2165.00,135.31,4.188,16,16,12.27,6.25
0ffa40d54288e4f3499b8780dd0f144f,SP,33,2162.80,65.54,4.485,33,33,13.54,15.15
7fc87cc3e89b3d1d5cabdca32f8485aa,SP,14,2153.90,153.85,3.571,14,14,19.74,28.57
72bc2cce903c872fe376a8faaa81d237,SP,17,2149.20,126.42,4.647,17,17,8.81,0.00
b56906f7fd1696e043f1bcce164c487b,SP,40,2148.49,53.71,4.000,40,40,12.87,5.00
373ee4a3a775a733770ca3f790b8b9ac,RJ,13,2141.49,164.73,3.923,13,13,10.01,7.69
0ed6ce5d87fd9c69eaacaeb778d67235,SP,43,2141.42,49.80,4.405,42,42,16.00,14.29
723cd880edaacdb998898b67c8f9da30,SP,11,2136.53,194.23,4.091,11,11,9.96,9.09
8bdd8e3fd58bafa48af76b2c5fd71974,SP,10,2135.83,213.58,4.900,10,9,10.38,11.11
f5f2ab9bdb6b30c14c61be68c5ed37da,SP,18,2134.68,118.59,4.278,18,18,13.45,11.11
87d30a6a0cbf89356e49324971ab1d24,SP,17,2134.13,125.54,4.353,17,17,11.21,5.88
9bcdfa7b615b3abb9461d9e3ad9886ae,SC,14,2126.07,151.86,4.429,14,14,12.68,7.14
13074f016982ff2bd6c58ced8682f000,RS,14,2116.00,151.14,3.929,14,13,14.89,30.77
8f78f0903005064036736c7173a5c2ed,MG,13,2113.70,162.59,3.769,13,13,17.42,7.69
cf2384dd2f1dddea3f838efed0945e65,SP,16,2101.50,131.34,3.938,16,16,14.25,0.00
ffdd9f82b9a447f6f8d4b91554cc7dd3,PR,18,2101.20,116.73,4.333,18,18,10.54,0.00
e9511df20ccd82658a30c37b7fb343af,SP,22,2096.60,95.30,4.318,22,22,9.76,0.00
3bfba5a77604f6dfae7e6dd7aaf65821,PR,4,2095.50,523.88,5.000,4,4,9.36,0.00
7f7b8245c336066a1f9933c359f11d77,SP,38,2094.36,55.11,4.553,38,38,8.17,2.63
8de8fe3af4449ed695d2434c933ed73e,SP,1,2090.00,2090.00,5.000,1,1,10.06,0.00
165b1235e9e9942cb5fae67103576fb0,SP,11,2085.15,189.56,4.364,11,11,7.83,9.09
f7720c4fa8e3aba4546301ab80ea1f1b,PR,60,2083.45,34.72,4.200,60,59,10.99,5.08
6aa3928696eab49a19a466e665a649fd,RJ,18,2075.00,115.28,4.611,18,18,8.93,5.56
082e0bf4cb865a6533b1e8e498cc0255,SP,11,2073.30,188.48,3.273,11,11,14.37,18.18
e6a69c4a27dfdd98ffe5aa757ad744bc,SP,23,2070.16,90.01,4.000,23,21,10.74,0.00
6b536a23086fba0d58c08d68814397f6,RJ,19,2068.80,108.88,3.947,19,18,12.09,5.56
e38db885400cd35c71dfd162f2c1dbcf,DF,30,2066.80,68.89,4.467,30,30,12.86,13.33
ea65d8b58316a6f2362f2a9e4b3e86ad,SP,9,2061.40,229.04,4.000,9,9,8.41,0.00
f615fe7efbef0f4f08fd3086bc7a3e60,SP,22,2061.37,93.70,4.500,22,22,7.56,9.09
412a4720f3e9431b4afa1476a1acddbe,SP,21,2058.10,98.00,4.238,21,21,10.53,4.76
9449f25aeaf531019b76999ea49a6949,RJ,10,2046.45,204.65,4.000,10,9,13.61,22.22
bc2ac6b95e1accce9858528ee566c17e,SP,18,2045.00,113.61,4.556,18,18,4.75,0.00
c6381d2d013342748761e906d45aff76,RS,15,2042.98,136.20,3.867,15,15,16.02,0.00
f41ce2e25237f9092cd8e6e7516c7a2f,SP,27,2030.90,75.22,4.296,27,26,8.77,0.00
78c99c6dff4eeae5be99bf635ed21e3f,SP,31,2030.88,65.51,4.419,31,31,13.45,9.68
71592660bbcb6a4664e97b6f8b68babc,SP,6,2027.18,337.86,4.333,6,6,12.46,0.00
bf84056e679dbe9c69929847a40e338f,SP,36,2024.04,56.22,3.750,36,35,12.68,8.57
fac1a9017ade7bdc94058fc1c969f355,SP,9,2010.84,223.43,4.667,9,9,7.72,0.00
1782ce2db72c3dda627d5e7c898104e1,SP,9,2010.80,223.42,4.333,9,9,29.35,11.11
3a1a1fec38dd360f15fc912e821e169d,SP,15,2007.38,133.83,3.867,15,15,14.43,26.67
dc8798cbf453b7e0f98745e396cc5616,SP,40,2007.30,50.18,3.100,40,35,13.46,5.71
116ccb1a1604bc88e4d234a8c23f33de,SP,61,2004.89,32.87,4.639,61,61,9.05,6.56
d6ab728cf30867cf3f1a2e216ae2f9b7,SP,12,2002.00,166.83,4.417,12,12,10.84,0.00
3d2531eccfbde1d7c8db7a3a12fb267a,MG,10,1999.54,199.95,4.222,9,10,10.00,0.00
8ec76bb0965af3f007692b26fa9d6623,SC,1,1999.00,1999.00,5.000,1,1,11.31,0.00
17908cf9b444ee34047cadd5c0f4a516,GO,11,1993.99,181.27,4.545,11,11,18.88,9.09
bf100ecb7997df312b285358fb32f92c,PR,20,1991.90,99.60,4.444,18,20,9.66,0.00
c013e57c075a06e5b5c48ee03c525719,SP,42,1971.55,46.94,4.238,42,42,9.19,7.14
91f5779a8731baca4809fdeade81803f,RJ,6,1971.46,328.58,3.833,6,6,16.37,0.00
1690cada046eb7e92c12f98b1f8a8167,SP,11,1959.00,178.09,4.545,11,10,7.35,10.00
93b9a99027bd8bd6af682aff18dd19bf,SP,20,1953.00,97.65,4.053,19,19,11.56,0.00
6df688df543f90e9b38f4319e75a9d88,MG,40,1949.96,48.75,4.575,40,39,7.94,0.00
4e5725ba188db8252977a4f0227bd462,SP,22,1930.59,87.75,3.409,22,21,20.97,28.57
cd843d4cf8ef32827de0396605163ba3,MG,5,1915.00,383.00,3.800,5,5,16.08,0.00
9dda5bbacd45e18d6485fee649205d09,MG,19,1912.60,100.66,4.105,19,19,15.13,10.53
f5f1f2c5f923f36ad79ea1d07185ddc9,SP,12,1912.15,159.35,3.250,12,10,13.05,10.00
901b460cdce0c64e471230d7f2f9f3a3,RS,5,1904.00,380.80,4.400,5,5,15.51,0.00
e2c92f9c1c7746d899d18f2e158bbff7,SP,14,1894.70,135.34,4.071,14,12,9.15,0.00
112453736dbe3889cfb74e1aaa0ba0c1,SP,7,1890.00,270.00,4.143,7,7,13.34,0.00
5ab05b6d86d417796c69ffd6774ec832,SP,10,1886.10,188.61,3.800,10,10,13.94,10.00
65b081a070633e057c462abdd6fb9dd8,GO,19,1885.09,99.22,4.316,19,19,12.04,0.00
5debea795b07621e1f90532e18f96145,PR,25,1883.78,75.35,4.360,25,25,10.35,0.00
4c8b8048e33af2bf94f2eb547746a916,SP,19,1882.45,99.08,3.368,19,19,18.61,10.53
7ade73f1b9b4e965f9009a4c3a7e2c15,SP,27,1880.30,69.64,4.769,26,26,9.67,0.00
e24d3429d294b2eb200b064ebb035879,SP,19,1878.58,98.87,4.263,19,19,7.71,5.26
5b33b527da3c5b969cc99dc435cad09a,PR,16,1872.79,117.05,4.125,16,16,12.71,6.25
95ec4458365c4d11f452ccf538377619,SP,27,1866.76,69.14,4.615,26,27,6.35,3.70
0417b067eeab773d2f7061a726dc477f,SC,13,1859.18,143.01,3.923,13,13,17.56,30.77
c8467937e403e76a8ee9f0ab13f6f5ef,MG,30,1853.79,61.79,4.071,28,30,16.95,13.33
4b1eaadf791bdbbad8c4a35b65236d52,SP,8,1849.79,231.22,2.000,8,5,22.55,20.00
a4bd6e9adf39b63f43dc545d3ca1f53d,RJ,4,1848.59,462.15,4.500,4,4,10.50,0.00
74bafed391319577bce6f4d2acc0589a,SP,3,1847.00,615.67,2.667,3,3,7.03,0.00
272f092de69afedd4d2969440b37f18f,SP,25,1846.33,73.85,3.958,24,25,10.17,0.00
d97df38225e5abadaff1e72cb72b823c,SP,29,1846.00,63.66,3.926,27,28,12.15,17.86
a36b125ac6d5fdbc7f50de85c9157bdc,SP,24,1843.64,76.82,3.958,24,23,12.98,13.04
3a4127e1ba7208ea37044c5092aae170,SP,5,1842.70,368.54,4.000,5,5,11.78,0.00
ffeee66ac5d5a62fe688b9d26f83f534,SP,14,1839.86,131.42,4.214,14,14,18.07,14.29
6a38087bc8ad4f89ff453561005f6dea,GO,15,1833.43,122.23,4.600,15,15,10.23,0.00
c679fb69a36e1d8349e8c50a217b4d58,RS,14,1825.68,130.41,3.846,13,14,11.07,14.29
2f09f7d37a97956d11cc1a7cadd5262b,SP,10,1825.00,182.50,3.100,10,7,12.84,14.29
729b2d09b2a0bdab221076327f13d050,SP,49,1822.11,37.19,4.490,49,48,12.48,8.33
55bb6fe5bebe5012e2d7d9928e1128ff,SP,15,1816.55,121.10,3.467,15,15,15.00,13.33
a5a1bfcf728ab0e19182959cf0771ee4,SP,21,1812.96,86.33,4.333,21,21,13.42,9.52
5b85809efd0d0e4dea1a9544e1280ed9,SP,12,1804.60,150.38,4.250,12,12,7.97,0.00
411f3b52d857390502ee4e4d5ceabc2d,SP,21,1804.01,85.91,4.105,19,21,9.82,14.29
7fdb0720c8d7c9075538b365dc8c3a22,PR,9,1804.00,200.44,2.444,9,9,19.20,11.11
2ff6b7bff164ef05590a52734e1296da,PR,7,1803.59,257.66,4.714,7,7,11.75,0.00
15fa791d5e017f66402dc28c44480657,SP,8,1802.00,225.25,4.250,8,8,11.57,12.50
c3e1abd72a42fe690fcd89cf5720fe29,SP,13,1798.61,138.35,4.462,13,13,4.31,0.00
1976a05ecf2996d6ffb7b5430e635fe7,SP,8,1796.20,224.53,3.875,8,8,17.63,25.00
dfc475d54e1b6dbeeb7d7d9bdaa63827,PR,19,1793.76,94.41,4.316,19,18,13.04,5.56
406740ee611378a662d274c7d8c43c4a,ES,8,1790.00,223.75,4.375,8,8,15.21,12.50
fa3a0b5aabb344b9a92e3524b0202123,SP,7,1789.00,255.57,4.143,7,7,11.64,14.29
1b8b75e227c9a9c100d0c210fb6176ce,SP,18,1784.84,99.16,3.500,18,15,15.00,6.67
293dee954235e4e4e43f129313625ebe,DF,8,1778.92,222.37,5.000,8,8,14.44,0.00
07bf9669d84d1f11be443a9dd938f698,SP,18,1776.00,98.67,3.722,18,18,8.36,0.00
3481aa57cd91f9f9d3fa1fa12d9a3bf7,SP,25,1773.03,70.92,3.880,25,25,10.19,0.00
5075aaa8404020ae6aa8bf4792099b41,MG,12,1772.81,147.73,3.636,11,10,11.99,0.00
ca4b77513ac2040591b0d8fae6958380,SP,14,1772.45,126.60,4.500,14,14,7.76,21.43
d5b9a084373da994a6e37f732169a853,SP,7,1769.00,252.71,3.571,7,7,17.88,28.57
3ca08eeb8d5595949fed424bd3677742,PR,14,1768.87,126.35,4.429,14,13,10.30,0.00
c8417879a15366a17c30af34c798c332,SP,26,1767.90,68.00,4.280,25,25,9.31,12.00
f63d8f293af3a6454377546bd9dd19ff,SP,17,1751.82,103.05,4.471,17,17,16.17,11.76
cb810bd318f51b3dc3c753944d61a1fa,RJ,1,1750.00,1750.00,4.000,1,1,12.30,0.00
dd4d95ba2d15c071e6c695e2ef6ce169,ES,4,1748.00,437.00,4.250,4,4,14.41,50.00
4bf658053d453036c70976bccb2c31b2,SP,2,1742.99,871.50,4.500,2,2,24.68,0.00
198c7ea11960a9844b544d9bcdca860c,MG,25,1733.75,69.35,3.880,25,25,14.51,12.00
6ddc28b61be28373b4503a1f61cf98a9,SP,11,1732.90,157.54,4.182,11,11,6.85,9.09
c5f7feb04a6a1fb3596322bfc3cf1917,SP,11,1720.60,156.42,4.273,11,11,10.02,9.09
d3674f271c91f824f82d24d92011f669,DF,20,1718.30,85.92,4.100,20,20,13.77,10.00
a70e9066dbfd10b6b97a3f54a1356762,PR,2,1716.00,858.00,5.000,2,2,18.29,0.00
8378eb36b6b70c5734e83ad7b8cdc3b7,SC,7,1714.80,244.97,3.857,7,7,16.57,14.29
7139dc5186aa238b006e066d8fbab2e4,SP,22,1712.00,77.82,4.000,21,22,14.81,13.64
656591be56071d4c9ef4e5fee78a578a,SP,7,1702.00,243.14,4.571,7,7,14.81,28.57
6b1c4d4d9ccf0be3d8544eb0e71e5318,RS,1,1699.00,1699.00,5.000,1,1,12.22,0.00
1dfe5347016252a7884b694d4f10f5c4,SP,21,1693.50,80.64,3.400,20,20,18.91,25.00
731ef20c231d9a7103a425e83fd91271,SC,2,1692.00,846.00,3.500,2,2,12.98,0.00
f9903dd0f812c7e771fcad47b6fff231,SC,10,1684.85,168.49,3.200,10,10,13.85,0.00
3935fe5fe0f82787a9dcb8deb62be09d,SP,16,1681.69,105.11,4.000,16,16,11.26,12.50
bafc5aa11e413978be29040f51342e70,MG,9,1679.55,186.62,3.778,9,9,13.44,11.11
e64d65bc8dbec2accda90c58de5d1246,SP,12,1678.80,139.90,3.083,12,12,13.49,33.33
0b18d63d0cd1d723567903fd34a07df2,SP,9,1678.14,186.46,4.778,9,9,7.11,0.00
0ac4201fda2c68ebc0e47cb9423cf3c9,SP,13,1676.88,128.99,4.231,13,13,12.65,7.69
392e0502231ae2f8b29994ef6398cd77,SP,19,1672.70,88.04,4.167,18,17,17.71,11.76
1dc2de47ee26a0a5b12dc14fd6dc0dea,SP,25,1670.30,66.81,4.560,25,25,14.61,12.00
77fccaae319668a8ab6cd0fd16aec48c,RJ,11,1667.00,151.55,4.455,11,11,9.41,0.00
7586919161935337bf6b6d7ff5779648,RJ,11,1664.71,151.34,3.818,11,11,17.50,18.18
5f67c6082caacb26e431a7b17940cece,PR,13,1662.60,127.89,3.538,13,13,22.83,30.77
53b0300ca793f9834cd69c0678d35ee8,SP,5,1662.15,332.43,5.000,5,5,5.94,0.00
a1040efe9ff4a6f93c28b0499eada8f5,SP,1,1658.83,1658.83,5.000,1,1,17.28,0.00
25cf099de44674fde97473224f9d59ab,SP,50,1654.36,33.09,4.327,49,50,9.39,4.00
df0f42bc4c2142eacf0eaf2cffd0cfbb,SC,14,1654.00,118.14,4.143,14,14,14.02,0.00
b2a6d334e2833acea353624840e25a0e,SP,25,1650.98,66.04,4.480,25,25,10.79,0.00
26e2c91ef821e1ff8985f408788fe35b,SP,12,1649.40,137.45,3.000,12,12,26.22,41.67
ffc470761de7d0232558ba5e786e57b7,SP,28,1649.01,58.89,4.444,27,27,9.74,3.70
edc518ba25576a0188a0e8f2c3af186f,SP,6,1647.39,274.57,3.667,6,6,6.66,0.00
0887a9f087bcd5d9f6642b52f897fc6c,SP,12,1642.00,136.83,4.417,12,12,14.24,8.33
5b581417df4480f632484ba681e53944,SC,11,1641.60,149.24,3.727,11,11,18.41,27.27
7a2d2949aea47fab95fd98d6c9f618b1,PR,11,1638.99,149.00,4.273,11,11,10.45,0.00
2a6fbeaa7ab9e5d59a35841a8da71ce4,SC,30,1632.79,54.43,3.931,29,30,14.51,6.67
3092c0b297aacfb4bb6e056ebe13b9b8,SP,19,1623.90,85.47,3.632,19,16,13.22,0.00
f1ed6bd0a9b11b581f16c851c6a5a527,RS,17,1622.77,95.46,4.471,17,17,20.99,5.88
15cd6eefe58588619aaed41dfa6621b1,MG,16,1622.74,101.42,4.250,16,16,15.09,6.25
b0f2a6122a90a93eb03e68653dd960e3,PR,6,1620.30,270.05,4.833,6,6,7.87,0.00
013900e863eace745d3ec7614cab5b1a,PR,23,1619.70,70.42,4.696,23,23,12.19,0.00
02c988090b766852e088c69d7fb3b551,SP,13,1618.65,124.51,4.583,12,12,9.48,0.00
d354c38a7182125a748cb10474fe963b,RJ,18,1610.33,89.46,4.294,17,17,13.72,5.88
8daab2245ebdc277c51098d01c5ad8ef,SP,16,1604.59,100.29,4.625,16,16,10.03,6.25
427165bf50f8ca07efc7bdc2bfcf1688,SP,5,1603.50,320.70,3.200,5,5,38.57,60.00
7813ea3ebd9411dc600b4dd01f7a97b9,SP,9,1599.40,177.71,3.889,9,9,13.03,11.11
850857dfac77488c307e2b1cbd84ab5a,PR,1,1599.00,1599.00,5.000,1,1,2.93,0.00
8a1ff5c35f6595a73fef4c7b96e4908a,PR,2,1598.00,799.00,5.000,2,2,10.34,0.00
081acf3de680d554796c9cf041be7bc2,MG,4,1597.30,399.33,3.250,4,4,15.51,25.00
41b86b552e54e3a7009596125aa8b167,SP,10,1595.30,159.53,4.300,10,10,13.91,0.00
8a2d12a90e92f012ce5226fc6592b653,PR,18,1594.65,88.59,4.588,17,18,9.36,0.00
70f84699be677ec988d1fa824aef7d90,MG,5,1588.30,317.66,4.600,5,5,17.53,0.00
845e8036c3f7bf62099352f5ed910240,RJ,21,1584.60,75.46,3.952,21,21,7.57,0.00
f3c38ab652836d21de61fb8314b69182,SP,15,1581.00,105.40,4.267,15,15,8.21,6.67
134285d1f41da5c13a756ee8142c8a4e,SP,3,1572.70,524.23,3.333,3,3,8.02,0.00
1660ad786c27fd935378b6192a90b417,SP,12,1570.00,130.83,4.583,12,12,8.99,8.33
c4fb51fb1c5b7c07bc5e67be6e7e8f6e,PR,15,1567.90,104.53,3.533,15,15,16.63,13.33
9b00ed88b7fdb95d6ff76e27c1b52d16,SP,46,1567.88,34.08,4.543,46,46,9.40,6.52
47648caee88ccfe951fbb27fbf7b4cbe,SP,3,1564.99,521.66,3.667,3,3,13.72,33.33
39d54ff918774174706fb065d7f9dc07,SP,22,1554.69,70.67,4.045,22,22,13.90,13.64
8b87cd0d43d49b9bdf40f56229364d59,SP,5,1552.90,310.58,2.600,5,2,15.34,0.00
817f85dbb65aa3e70831d90fe75cdf89,SP,11,1552.27,141.12,4.545,11,11,18.12,0.00
0eaa7e33d73809f1f925f7d07c506cbd,SP,15,1552.00,103.47,4.714,14,15,5.90,0.00
3785b653b1b82de85ab47dd139938091,PR,21,1552.00,73.90,4.714,21,21,11.93,0.00
fe701d88b67eaca109dffd464d1be9f9,RJ,11,1548.90,140.81,4.000,11,10,12.42,10.00
78a4d36f65a019172c6154468831a69f,SP,7,1545.50,220.79,4.286,7,7,15.51,14.29
49cdc90518a4f82676b38b3c1aa43ff6,SP,5,1539.50,307.90,3.800,5,5,5.73,0.00
06bb3a2fe5e7b7a845b13e8fb91bd944,MG,17,1536.19,90.36,4.588,17,17,8.82,0.00
cbf09e831b0c11f6f23ffb51004db972,SP,10,1535.20,153.52,4.400,10,10,5.28,0.00
3a490ba60afa30ece0e7d50cfe74a4f0,MG,8,1529.20,191.15,4.625,8,8,11.93,0.00
5bf397d04035b5f45cc41e82ec106803,SP,3,1525.00,508.33,4.333,3,3,4.02,0.00
3586b8580d9c917874e053a1bb37b5ff,SP,36,1524.70,42.35,4.417,36,36,13.62,2.78
01bcc9d254a0143f0ce9791b960b2a47,GO,11,1521.21,138.29,4.400,10,10,12.79,0.00
a7c88262832dfc683781d6a421edefae,SP,5,1520.00,304.00,4.200,5,5,11.18,0.00
5b97c06a046398e7005b2b7c0d707a92,MG,4,1519.96,379.99,3.250,4,3,26.18,66.67
866558b3bccef2dbc6d29a2b5995016f,PR,5,1519.40,303.88,4.800,5,5,11.55,0.00
094ced053e257ae8cae57205592d6712,SP,19,1519.20,79.96,4.053,19,19,12.16,0.00
1dd33b8119b3cb1056ed5dc88cd0aaf4,SP,8,1513.00,189.13,3.750,8,8,10.91,12.50
a23266650e7c84bb93fbbba502137478,RS,11,1512.40,137.49,3.818,11,11,11.29,0.00
6eb94e1466490d327a09abf8f3552a50,SP,10,1511.95,151.20,4.444,9,9,8.17,11.11
9b522ba7eae9e1d04082f267144583cc,SP,4,1507.60,376.90,4.250,4,3,40.18,33.33
b33aaadd1a8891d2dfef0c4c3bdf0371,SP,16,1504.00,94.00,3.938,16,16,14.02,12.50
714b9a1332840f257b49f476bea4e341,SP,6,1499.94,249.99,3.333,6,6,32.30,33.33
9a03a4e9eb0b947652fae4f6121a3f5e,SP,7,1497.00,213.86,3.857,7,7,13.86,14.29
02dcd3e8e25bee036e32512bcf175493,MG,14,1491.90,106.56,3.857,14,13,17.09,30.77
c7b7db6c8f3c64a7cc1afa634db21d50,SP,1,1489.00,1489.00,1.000,1,1,33.22,100.00
431050a06a317f2b38168dec3dcd2b46,SP,12,1487.80,123.98,4.250,12,10,8.92,0.00
659e8466eb3ff1b0e8740d74fb7bbedd,BA,11,1486.80,135.16,4.364,11,11,9.26,0.00
2a61c271b1ac763450d846849783e922,SP,17,1486.77,87.46,4.118,17,17,18.60,17.65
b6e1504972665f739dec4facb9943775,SP,14,1484.48,106.03,4.357,14,14,11.15,7.14
9da1ca0bef29ee170e541927a5aeabdc,SP,6,1484.40,247.40,3.000,6,6,16.80,33.33
52f0fe436a347ddad7ed5f9aa4e27eaa,SP,21,1484.37,70.68,3.524,21,19,14.94,15.79
f918546be4bec7104d117789ba758b2b,SP,20,1483.00,74.15,3.850,20,20,12.36,20.00
6806dad1da97bfb5a9038eac6881f706,PR,10,1477.00,147.70,4.100,10,10,16.81,10.00
4d232b78ab7ef10393dc3807d827bc0d,MG,5,1475.00,295.00,4.400,5,5,6.17,0.00
e256a62e0ac58c0edfba09966142d561,PR,12,1474.11,122.84,4.417,12,12,7.89,0.00
5e105f5c9f63f5f1fd75d6cb942e55b1,SP,8,1471.90,183.99,4.500,8,8,9.29,12.50
d1ef48b38baca7e831711c4a0aeb398f,PR,29,1469.12,50.66,4.448,29,28,9.91,10.71
7ecd59e5e20407131822c1a68ac59c1f,DF,24,1466.71,61.11,4.417,24,24,17.21,16.67
01ed254b9ff8407dfb9d99ba1e17d923,SP,5,1465.99,293.20,5.000,5,5,6.68,0.00
4ba52dfeba874da5b9ee7b17c7494f04,SP,11,1463.00,133.00,4.364,11,11,10.62,9.09
1284de4ae8aa26997e748c851557cf0e,SP,3,1459.97,486.66,2.667,3,3,19.27,0.00
5145090ab595c0d0b8557199f5701fbf,PR,4,1459.60,364.90,4.250,4,4,15.68,0.00
97512d3fc193b2d1dfcdba0f9d1f0f8a,SP,12,1458.87,121.57,4.250,12,12,8.47,8.33
d7827b2af99326a03b0ed9c7a24db0d3,SP,1,1455.00,1455.00,5.000,1,1,13.85,0.00
a414555ce331b8c8aea4a9cb8395194d,SP,7,1450.95,207.28,3.333,6,7,6.99,0.00
0ad80de75c811326389cfb1daba7d45e,RJ,6,1449.40,241.57,5.000,5,6,9.00,0.00
2dcf93836ae3ce0d7c93e2f10876467a,SP,9,1443.80,160.42,4.111,9,9,6.50,22.22
dace965ca58120f92f8d742a9fa1864b,SP,8,1442.00,180.25,4.625,8,8,8.05,0.00
66fd84ee7528c0c0de85d0f44a73d5ab,RS,11,1438.11,130.74,3.364,11,11,15.41,9.09
5b0cc932433fa5184b5b94bfe6bcc256,SP,12,1437.80,119.82,3.583,12,12,11.84,25.00
3771c85bac139d2344864ede5d9341e3,SP,26,1433.30,55.13,3.846,26,26,13.26,15.38
ec933281fb017b5020d06df29c3f77e8,SP,8,1432.00,179.00,5.000,8,8,9.48,0.00
c5f7e746b7e6d07def6c0dae9903279b,PR,10,1429.00,142.90,4.400,10,10,5.69,0.00
0aea4c6ae1505b3228ddf3dd7822ee5b,SP,8,1427.91,178.49,3.875,8,8,18.43,25.00
d9a84e1403de8da0c3aa531d6d108ba6,SP,54,1425.20,26.39,4.519,54,53,7.52,5.66
adcf50477d6a1f5d91bb9d54c4903cb5,MG,19,1425.14,75.01,3.263,19,16,23.49,18.75
f5f46307a4d15880ca14fab4ad9dfc9b,SC,9,1422.94,158.10,4.111,9,9,13.35,11.11
491a5ada3aa1678414e990262c4bbdc1,SP,1,1420.00,1420.00,5.000,1,1,6.89,0.00
89c127985a8b130cfa45c1d36764017a,SP,7,1419.57,202.80,3.000,6,6,10.99,0.00
0b0ddbc7b9d9584f442c7ac92b0ff6c9,SP,3,1416.76,472.25,4.667,3,3,11.94,0.00
010543a62bd80aa422851e79a3bc7540,SP,2,1416.00,708.00,4.500,2,2,9.09,0.00
17eea220a40cc0d2c0c5346379682398,SP,4,1414.98,353.75,3.750,4,3,25.36,66.67
af3ef48d0e13835e529c29ac573c63e5,SP,21,1405.63,66.93,3.762,21,21,7.93,4.76
921323538c9f1c4e816f2720eac02bea,SP,15,1401.84,93.46,3.933,15,15,8.53,20.00
8ff1a9df749e454105c55cda13e79143,SP,13,1400.60,107.74,3.727,11,13,12.50,0.00
d4ffeb15b67e81ff9af2b4252d99fb7e,SP,11,1400.40,127.31,4.300,10,11,9.35,0.00
04843805947f0fc584fc1969b6e50fe7,RS,1,1400.00,1400.00,5.000,1,1,15.04,100.00
d4e12e7884759a14fa0f5f896c791cae,SP,29,1400.00,48.28,4.621,29,29,8.42,6.90
b8114f2f589a6804810f04f99b36b498,SP,8,1399.62,174.95,4.750,8,8,4.99,0.00
8e2b3afb420011ef0c88c9d5f11ea526,SP,11,1384.50,125.86,4.273,11,11,10.56,9.09
863d2ebcd347ce4922de7a0f9a5581d6,RJ,18,1382.36,76.80,3.889,18,17,11.51,17.65
e7f3bf1ecd8526eb7f3b18059e6716e5,SP,17,1382.04,81.30,4.647,17,17,8.98,0.00
81336a0f57a33776419727a300249e90,SP,16,1374.85,85.93,3.875,16,15,17.48,20.00
88cf19ec1fc2c58f161aee259d57142c,SP,14,1372.97,98.07,4.500,14,14,6.44,0.00
8185694b58b2ba6de20fd41ae608bbea,SP,8,1372.30,171.54,4.500,8,8,11.06,0.00
985c92cc412091f8529c12d7f23d3fef,MG,12,1368.50,114.04,4.750,12,12,7.55,8.33
0bebbb2cea103a4a020c95d43fd7d754,SP,9,1367.20,151.91,4.889,9,9,5.91,0.00
2e1a7d075abe038c1b2743005fe42ff1,SP,18,1366.80,75.93,4.222,18,18,12.49,16.67
556a6409838156ea299c9d1f9e2dde43,PR,4,1362.80,340.70,3.250,4,4,7.40,0.00
36890be00bbfc1cdb9a4a38a6af05a69,SP,13,1361.30,104.72,4.231,13,13,9.42,23.08
5a425cc503b39b262a847fd6212bf53b,PR,15,1360.59,90.71,4.214,14,14,6.82,7.14
2f73e04d12cdf0c945ded66bb3fcf6c7,ES,3,1359.00,453.00,3.333,3,3,13.60,0.00
091065b789659bc3cd9af9cb3a6253ff,RS,2,1359.00,679.50,3.500,2,2,11.27,0.00
42ef3192a9ff87a22d1867b74b3ee205,SP,23,1354.09,58.87,4.652,23,23,9.31,0.00
9f50216bfd01913736a55a11b55ea842,SP,17,1354.00,79.65,4.412,17,17,10.24,17.65
04e38a233f726ef161074ab1c9b0399a,SP,23,1352.20,58.79,3.652,23,19,11.99,15.79
b9a03475e6447e631b6799ec8274800f,PR,10,1349.10,134.91,4.200,10,10,10.85,0.00
c3ee2331a724e6fc02c4b698b57a73f3,SP,2,1347.00,673.50,3.000,2,2,6.26,0.00
7e26c750b4cb9f6766f58265ff9ebe95,MG,23,1344.30,58.45,4.435,23,23,9.23,0.00
b43d8b707f887a30f4675391098354a0,SP,3,1342.00,447.33,3.000,3,3,24.61,33.33
186cdd1b2df32caa72cfb410bba768d3,SC,6,1341.45,223.58,5.000,6,6,8.90,0.00
8ea394aed8138685abe1eb9f25e1021d,SP,2,1340.00,670.00,4.000,2,2,11.29,0.00
7357b52d27cbaa90f81a96cbc1279396,MG,12,1328.02,110.67,4.333,12,12,9.85,8.33
058cb5aeb36d7c0fcae20fc85d5e0a59,RJ,12,1328.00,110.67,3.583,12,11,10.09,9.09
3faf68a3b0af94b10bac70d86077be49,SP,7,1322.93,188.99,4.571,7,7,16.16,0.00
5d9f3746e112e696f98ea22c56b3e912,SP,1,1322.64,1322.64,5.000,1,1,7.07,0.00
e439f7176d763f92de325271111b2fd5,SC,6,1320.90,220.15,5.000,6,6,9.93,0.00
d2e753bb80b7d4faa77483ed00edc8ca,BA,14,1320.70,94.34,3.714,14,14,12.98,7.14
2bd05d410a8fd26dc4184a15f4f2f588,MG,6,1316.73,219.46,5.000,6,6,10.18,0.00
5151aea44289d6c6b090ee31c2132508,SP,7,1315.30,187.90,1.833,6,7,17.38,0.00
3f8034bfc6b8b4135534975d49f04c63,PR,12,1313.90,109.49,3.750,12,11,10.89,0.00
4eb61f060e7dcc1d5a80d806c35cc541,SP,8,1313.00,164.13,3.875,8,8,6.20,0.00
c794dab4928dd97beb41d05514441e86,SP,16,1312.40,82.03,4.375,16,16,13.79,12.50
f4a04f7be452aa3bb31760bf00055dd0,SP,18,1312.10,72.89,4.667,18,18,9.14,5.56
e63e8bfa530fb16910dd6956e592bb81,SP,42,1311.70,31.23,4.238,42,41,9.38,4.88
626ab1cd96932367f0eeec2e47046c12,SP,3,1310.00,436.67,4.667,3,3,7.19,0.00
7f40d06aa0b5f1aa4f41af8c0480e2ef,SP,6,1309.94,218.32,4.833,6,6,4.13,16.67
9a1aea68d3efa00862ec88c0768037d0,SP,7,1309.20,187.03,4.429,7,7,13.02,0.00
0e982cff76cc0579f632cea8a0e38c9d,SC,7,1307.34,186.76,4.000,7,6,8.63,0.00
a13580f0e8f782b7a543885a0ef99f08,RJ,10,1304.90,130.49,4.400,10,10,25.05,20.00
83b08de96980757220871b31bf6cffca,RJ,5,1304.17,260.83,4.000,5,5,13.86,40.00
542917da124346b47ea1ac79a93ce454,PR,20,1303.90,65.20,4.150,20,20,11.58,5.00
45a3d05fb00435e52a28859dd03703b3,SP,1,1299.00,1299.00,5.000,1,1,25.72,0.00
56e361f411e38dcef17cdc2a3d99628b,SP,5,1298.00,259.60,4.000,5,5,10.31,20.00
d101c6da914ae3d53f7bee42283f2fe2,SP,13,1297.40,99.80,3.615,13,13,13.33,7.69
51ed72984a04e5dd35c2b27e77179038,SP,7,1294.30,184.90,3.571,7,7,16.58,14.29
f08c008c8a8d31417763738a1788a2a8,PR,22,1291.72,58.71,3.190,21,20,19.36,15.00
b9ca8e8baa5d4aa038394a700f63e69f,SP,14,1289.77,92.13,4.214,14,14,9.67,7.14
25e47381a6c510ddeb36084e33b89f0c,SP,16,1289.60,80.60,4.250,16,16,10.00,0.00
141440cad9341e553f8401c574a2aa38,PR,11,1288.20,117.11,4.455,11,11,6.66,0.00
bc07d855eac23aab5ac8a120f21d16b2,SP,12,1283.11,106.93,4.167,12,11,13.38,18.18
e3d3b3efac954a60d61be70b7e05b49b,SP,3,1282.05,427.35,4.333,3,3,11.12,0.00
4eeb99008a0f59d2c7759c59f9a346eb,SP,2,1282.00,641.00,4.500,2,2,7.66,0.00
269cff2d3c8d205c11f37a52402ea93b,SP,4,1281.59,320.40,4.500,4,4,7.13,0.00
a478c7961d6a992065b24e63b366f90b,SC,8,1281.50,160.19,4.875,8,8,9.86,0.00
fec8cd45395b3cb0c2b173d7739706a1,SP,4,1280.00,320.00,3.750,4,4,10.45,0.00
5795aebfe331fbcd02a2c4b679fb7952,SC,6,1280.00,213.33,3.833,6,6,12.20,0.00
2709af9587499e95e803a6498a5a56e9,SP,26,1279.56,49.21,3.840,25,25,11.05,12.00
1dcfa3835714681d4ba4a93bc1e0fd41,SP,13,1278.50,98.35,4.000,12,12,15.08,0.00
bb5d956dece964a06c12bceb66b923ae,RJ,2,1278.36,639.18,5.000,2,2,10.38,0.00
718539d38d07dd351c76db862760e2e2,SP,35,1273.01,36.37,4.629,35,35,8.64,0.00
52f9db5cfb423382a2fa5c9e39303202,SP,22,1269.77,57.72,4.136,22,21,10.17,0.00
128f9bfbe4c7d5185033914b1de3d39a,SP,13,1267.39,97.49,4.769,13,13,11.83,7.69
c8c1bea22194a4eefa2dc9a9fa89f536,SC,7,1266.00,180.86,5.000,7,7,8.50,0.00
2646baaf662d4d92ac48f047e35db92d,SP,15,1263.05,84.20,4.467,15,15,5.73,13.33
9ed65337433adfbedefd23dd76eaa494,SP,6,1262.60,210.43,4.833,6,6,7.40,0.00
da7039f29f90ce5b4846ffc0fcc93beb,SP,17,1259.10,74.06,4.529,17,17,9.27,5.88
9140bd1d9de28b197dce077bdd687438,SP,6,1258.87,209.81,4.167,6,6,6.24,0.00
8a9260f2b0340411d6d2a56bcf4f7378,MG,8,1256.00,157.00,4.750,8,8,10.00,12.50
b8578d2d823bd8e251f6fdd02b40902d,SC,9,1255.60,139.51,4.444,9,9,9.92,0.00
4cf490a58259286ada5ba8525ba9e84a,SP,8,1254.20,156.78,3.125,8,7,24.77,0.00
734def04b237117a09321dd6d8f3f2a2,SP,2,1252.43,626.22,5.000,2,2,2.29,0.00
402916f742e5c740cc751493d9cf5053,MG,9,1252.00,139.11,4.667,9,9,6.39,0.00
ecccfa2bb93b34a3bf033cc5d1dcdc69,PR,14,1250.65,89.33,2.692,13,12,32.12,16.67
b5abf4f36adc043117b4fca82c22984c,DF,11,1247.80,113.44,2.545,11,8,19.70,25.00
30a81d8cf85fb2ada1b1b094c9583a95,SP,17,1245.42,73.26,4.824,17,17,4.29,0.00
3fac58ce0ad699020c7944d53c41329c,SP,10,1244.95,124.50,4.400,10,10,4.89,20.00
671585f5a2af58b6e276bc01003c0d2b,PR,27,1244.00,46.07,4.704,27,27,5.59,0.00
5d76d80a2f5f39c891b996a1bf4c9853,SP,6,1238.50,206.42,4.833,6,6,10.23,0.00
67225bff54a172ff67579aaf583efd78,PA,8,1238.00,154.75,4.500,8,8,13.43,12.50
002100f778ceb8431b7a1020ff7ab48f,SP,51,1234.50,24.21,3.902,51,50,16.39,18.00
4fb41dff7c50136976d1a5cf004a42e2,BA,3,1230.00,410.00,4.000,3,3,66.76,33.33
a36ac007a4d18f865c8d32c3b2402c2d,SP,8,1229.79,153.72,2.750,8,8,9.65,0.00
7daca0837f033a41a6f3428c18657533,SP,7,1228.98,175.57,3.571,7,7,14.33,28.57
0afccdb8a34ee5c79f7c06faf2b4d56e,MG,25,1225.50,49.02,4.042,24,24,13.47,8.33
2d518637f53161b973e01f56ea4bb88e,SP,13,1219.89,93.84,4.923,13,13,13.66,0.00
9c4d31c7e46ab03a43fc06e3142afd4e,RJ,2,1218.90,609.45,4.500,2,2,6.89,0.00
7a425d299613df3e613bcf9d2eaf5c49,RJ,18,1218.80,67.71,4.111,18,18,11.79,5.56
2cb6eb1b7185064167657fa09f541105,MG,6,1217.90,202.98,4.333,6,6,8.20,0.00
093805f8f2aeb63881444571e1f48f30,SP,22,1215.79,55.26,4.182,22,22,8.27,4.55
f9d010e39375d9c91dce3f40b73a2f84,SP,4,1212.00,303.00,3.500,4,4,17.35,25.00
57c764b4a836300be881e2ff86e449f9,SP,29,1211.00,41.76,4.143,28,28,15.41,14.29
788e857f317e53de488d393e65a80f45,SP,11,1210.00,110.00,4.909,11,11,7.41,0.00
6426d21aca402a131fc0a5d0960a3c90,SP,23,1209.64,52.59,4.174,23,23,10.96,4.35
01fd077212124329bac32490e8ef80d9,SP,31,1208.00,38.97,4.161,31,31,8.15,3.23
b566ab0ef88016e00422755e305103c6,MG,5,1208.00,241.60,3.200,5,5,13.05,20.00
7238f877570096ae403c51898fa64566,SP,3,1200.00,400.00,5.000,3,3,8.92,0.00
6bef34c5be6f2bbd70aa5165f6df94b1,SC,2,1198.00,599.00,2.000,2,2,16.19,0.00
11fb6f6d341adbe19e81733701704635,SP,3,1197.00,399.00,5.000,3,3,5.36,0.00
a20d8058c866dbaeca014d2cd20ac62e,SP,2,1194.00,597.00,5.000,2,2,23.56,50.00
f235413f677777a0738ff215d0184901,SP,2,1191.98,595.99,5.000,2,2,6.28,0.00
d8c7ba53e7e38711eaef8c2849d6d2e1,PR,22,1190.87,54.13,4.500,22,22,8.11,0.00
700f03c207639c22d933381ff60b35c2,SP,4,1189.86,297.47,4.000,4,4,29.77,50.00
c0098efcf800861dcae589affca31408,SP,9,1189.28,132.14,4.778,9,9,11.42,11.11
1710c3aaa9c6b44ec3883ee0fe300e21,SP,2,1188.90,594.45,5.000,2,2,6.13,0.00
e504a4e2efaa45cbff7e268a2c58c956,SP,11,1188.80,108.07,3.545,11,10,12.95,30.00
c273175f7c6c80fb02f051e2fc6d0d72,SP,14,1188.23,84.87,3.786,14,14,10.59,7.14
439a47cc365d6e3bd526812ea9de3c29,SP,8,1186.50,148.31,4.250,8,8,7.24,12.50
a5259c149128e82c9d6d46e0c1c812bb,RO,8,1182.26,147.78,3.875,8,8,19.35,0.00
7ff588a03c2aeae4fbd23f9ae64b760d,SP,14,1182.20,84.44,4.643,14,14,4.79,0.00
327b89b872c14d1c0be7235ef4871685,AM,3,1177.00,392.33,2.333,3,3,47.84,66.67
b1aaae6b66ad3c40f54b389d7ea4bee0,SP,15,1176.50,78.43,4.400,15,15,8.02,0.00
20b54c376b794ed028df09a3cd88e8dc,SP,9,1175.63,130.63,3.111,9,7,21.16,28.57
dbec9a0a7efeff029d4d9dce7dc4cc95,MG,3,1170.00,390.00,4.000,3,3,11.93,0.00
f1b854361f4e15d5851b494df66f22b2,RJ,3,1168.80,389.60,3.333,3,3,7.40,0.00
8629c241b3622ac12cd4118afdc8d394,SP,13,1167.66,89.82,4.077,13,13,15.12,7.69
c8e135e7b21ecbc36c1153a29d2f5a06,SP,7,1165.50,166.50,4.857,7,7,8.15,0.00
5ee7fd217d08dfe5d3e2f51f96a12c9a,SP,9,1165.50,129.50,3.444,9,9,16.86,22.22
5f3ae9136c875522250f8184f253413a,SP,43,1158.00,26.93,4.643,42,42,7.86,7.14
d1c7fa84e48cfa21a0e595167c1c500e,RS,12,1156.03,96.34,4.333,12,12,11.88,0.00
d1b9d4be4b6f9ebd85f8acd6745ba612,MG,11,1154.35,104.94,4.182,11,11,10.81,0.00
2d378dbb39815785238c0139c7647fb7,SC,2,1154.00,577.00,5.000,2,2,19.64,0.00
432c67955c0acd1fd6b0b5d678766a71,SP,3,1151.00,383.67,2.333,3,1,6.68,0.00
c35672b10ad50968f567ea3f4b91e877,RJ,18,1150.57,63.92,4.500,18,18,11.61,5.56
5fd924b4836098a5be0ecf81ba054ce0,SP,7,1148.80,164.11,4.000,7,7,7.99,0.00
1d2732ef8321502ee8488e8bed1ab8cd,RJ,4,1148.00,287.00,3.000,4,4,12.17,25.00
d4910f1cdcfdabd48d6b316e395d4a23,SP,11,1146.88,104.26,4.909,11,11,6.13,9.09
10ff823eda2b032e2c93d17a7d294736,SP,8,1144.98,143.12,4.250,8,8,9.77,0.00
1ca4bdb0cd7fc48e949bac066188ed26,MG,3,1140.00,380.00,5.000,3,3,14.30,33.33
10089e9f2fd0c668a8fd4e52e1698888,SP,3,1139.90,379.97,4.333,3,3,7.63,0.00
5f26c1408a65b42a7224cd463bdf3292,PR,10,1139.80,113.98,4.800,10,10,6.43,0.00
6562efe88ce0826a4ca4f189f03b4b84,PR,9,1135.90,126.21,3.778,9,8,17.81,12.50
6b89abe95848c850399130d149a39b63,GO,8,1135.20,141.90,4.375,8,8,11.26,0.00
5b07547f10dd980738a1a27f685af669,SP,13,1134.60,87.28,4.462,13,13,6.26,15.38
9485a23c0430ba1d58d359391606fce6,SP,5,1129.90,225.98,3.200,5,4,13.41,25.00
713e3a23ca5e47786eb6f0d99f94cfac,PR,4,1126.00,281.50,4.750,4,4,10.10,0.00
138dbe45fc62f1e244378131a6801526,SP,49,1125.56,22.97,4.082,49,49,6.53,4.08
9bc484c87d79cd4874e05ca182658045,SP,9,1120.00,124.44,4.000,9,8,13.12,25.00
c878515173c84a492ebe50d6b493230b,PR,9,1118.84,124.32,4.111,9,9,16.80,22.22
cda598c48d7c614bc1cad7d8ff6f0010,SP,17,1118.60,65.80,4.059,17,17,7.95,0.00
365e445f796710c3431557e85caa25db,SP,4,1115.00,278.75,4.500,4,4,8.39,0.00
75fbb52eda0cbc24f479d3b2fbfa8d3e,GO,39,1111.09,28.49,4.447,38,38,13.75,5.26
1b65c144b17e607c0f37f10bb7dfec8d,SC,5,1109.50,221.90,2.000,5,5,8.77,0.00
b586cd24c010a13916af621b0325fbba,SC,6,1108.94,184.82,3.833,6,6,5.27,0.00
6c6cc59a5c00cacc5054ca06d65cc282,RS,1,1107.00,1107.00,5.000,1,1,9.25,0.00
abc015ebac1d283a323ca9db35ede4b9,SP,12,1106.80,92.23,4.417,12,12,10.81,0.00
a425f92c199eb576938df686728acd20,PR,16,1106.30,69.14,4.500,16,16,17.15,0.00
457fe919b032a3f7dadba6fb92cf7855,SP,9,1104.89,122.77,4.778,9,9,5.50,11.11
596849622429351f47b32e6cae1055ff,SP,14,1104.70,78.91,4.000,13,13,5.48,0.00
48328ec9a579151d9cc6a86d4a59336c,RS,1,1099.00,1099.00,2.000,1,1,21.23,0.00
c88f62b4c386a59281014d677864d016,PR,1,1099.00,1099.00,1.000,1,0,,
4b39558c138930b9e5489c93b6df5fe3,SE,4,1096.70,274.18,4.500,4,4,12.83,0.00
b55638ad525e906c698fa2ce742c1742,SC,11,1094.80,99.53,4.182,11,11,23.43,18.18
119d1aef1b4144adba89163f6cd9f5d4,SP,4,1094.00,273.50,4.750,4,4,4.48,0.00
8b655f0855926bcb49f5835d38dfddf6,SP,5,1089.50,217.90,4.800,5,5,5.61,20.00
f205b1a3ca9a34e0f8a228bae6e4c7b3,RS,8,1088.00,136.00,4.875,8,8,8.60,0.00
76ea5315acb3f5f7ade3cd261faf922a,SP,15,1087.06,72.47,4.267,15,15,8.68,6.67
fe87f472055fbcf1d7e691c00b1560dc,SP,6,1085.80,180.97,4.500,6,6,6.00,16.67
e48cc16ab70bfa09e1401740dce0b3d7,SP,14,1084.83,77.49,3.571,14,14,14.69,7.14
39f776d2974049026ff531fc42ef2a3e,GO,3,1084.04,361.35,3.667,3,3,16.38,0.00
71dc18fd8cbf5fd77f45dd8b427abb34,PR,4,1080.00,270.00,5.000,4,4,10.73,0.00
4091f77d8c768fc3e81c20761471761d,SP,8,1079.00,134.88,2.750,8,8,18.03,25.00
4736e9d642ef4257cd7622516931eb51,SP,16,1078.87,67.43,4.125,16,16,4.80,0.00
03a2a6dcbe45d639c4dc2a0d24769c40,SP,9,1078.41,119.82,4.111,9,9,10.45,11.11
a066df7361163e7ddc5d7452dd17448b,SP,15,1078.30,71.89,4.400,15,15,15.74,20.00
577719699805dd125d5b6fdde5943bba,RS,8,1077.80,134.73,4.375,8,8,10.28,12.50
167fd940acebc789debd6eb418c46e38,SP,5,1077.58,215.52,3.000,5,5,15.50,20.00
3d4b1ae7539303b5704493798893e82c,SP,6,1076.00,179.33,4.833,6,6,12.08,0.00
334cab711dee080b079fa5779b584783,SP,11,1069.70,97.25,4.909,11,11,8.12,0.00
b18871c324516afa228a13e8f1ef0ae9,SP,9,1064.60,118.29,3.444,9,9,8.93,11.11
eb72802c83dc7547529c9546d1a9b8ef,SP,8,1063.92,132.99,4.625,8,8,6.21,0.00
8fbd63429be6d3e5e6d1a709b6464802,SP,6,1061.40,176.90,4.833,6,6,8.41,0.00
b2eecf5ea250510da76590ca79d60e5d,SP,9,1060.00,117.78,5.000,9,9,6.17,0.00
f5fea3ffed6c2e889bab72705557c63a,RJ,3,1059.90,353.30,3.667,3,1,28.70,100.00
1464afc72f696af775557a821c2e253f,RJ,29,1059.36,36.53,4.241,29,29,11.55,3.45
de9727ca376d1be6ec121b110aa7954c,PR,10,1058.70,105.87,3.800,10,9,11.99,11.11
226b05fe067266c59c15dae208213d06,PR,10,1056.90,105.69,4.500,10,10,9.98,0.00
55dedd83e501d8248880557d9073cbfd,RJ,8,1055.30,131.91,4.875,8,8,4.78,0.00
9d7a1d34a5052409006425275ba1c2b4,SP,13,1054.82,81.14,4.385,13,13,14.33,7.69
fcf16b7a8697e559f0123190bb30177d,SP,3,1052.80,350.93,3.333,3,3,15.58,66.67
4324dd16853115efb0fd9d0d131ba6f4,SP,12,1052.25,87.69,4.083,12,12,13.36,8.33
bb135baca94c82fcb731335ad5b04a03,SP,18,1049.80,58.32,3.056,18,18,9.28,0.00
b7d5b4b87af9d42b601865d3f3810bff,SC,2,1049.00,524.50,2.000,2,1,8.63,0.00
49067458c68f7701fd334ce326accbe0,MG,17,1047.65,61.63,3.353,17,17,12.20,5.88
ea6b12bf9ffe2bac34602ec631d97a47,SP,9,1047.30,116.37,4.333,9,9,16.56,0.00
1cbd32d00d01bb8087a5eb088612fd9c,SP,11,1045.47,95.04,4.182,11,11,12.53,9.09
c03121937e54a93fcc1825c3098bbb6e,PR,7,1043.00,149.00,5.000,7,7,11.16,0.00
89f69225956f951295ca4c7fb1266553,RJ,11,1041.30,94.66,4.273,11,11,9.72,9.09
3d4824f20035949c710eaf111f869d39,SP,9,1041.04,115.67,4.111,9,8,8.63,12.50
1bc2e21de46adfea6b98cc96b00f3b40,SC,3,1039.95,346.65,3.333,3,3,16.51,0.00
7c5b05cbdb5542049f38d90d7815b97d,SP,22,1038.96,47.23,4.364,22,21,7.55,4.76
7df1fc11cc5cbc518b39faa60cf5d67c,MS,5,1037.60,207.52,4.200,5,5,7.72,0.00
633ecdf879b94b5337cca303328e4a25,SP,6,1037.60,172.93,1.800,5,6,25.72,66.67
c54679b132454625907c773d273d4126,SP,7,1032.00,147.43,4.857,7,7,6.16,0.00
8c5e007d7bd5693fa1386ffefbc99f6c,SP,9,1029.11,114.35,4.333,9,9,10.24,0.00
8f2b51a30523cdecddc2f179f351c7d6,SP,7,1027.90,146.84,4.143,7,7,13.13,0.00
76c47a299e4a8fe992316a85865acbe9,SP,6,1024.46,170.74,4.667,6,6,20.24,33.33
e58a5b390e28abc0b216cfb0e07d27d7,RJ,7,1022.60,146.09,4.857,7,7,7.60,0.00
26785a546900236d66f2e4197c211158,SP,15,1019.20,67.95,4.667,15,15,5.77,0.00
7aa538dd6e114e503a2e6154ea352253,SP,5,1016.68,203.34,4.400,5,5,8.88,0.00
a13aaf2d2886ab9fb30fb9a920160b8f,SC,4,1011.52,252.88,4.500,4,4,9.35,25.00
28872dc528e978a639754bc8c2ce5a4c,RS,1,1009.90,1009.90,5.000,1,1,4.04,0.00
5b664594895aefb418afaee6d40a9a23,RJ,16,1008.80,63.05,3.938,16,16,10.41,0.00
00720abe85ba0859807595bbf045a33b,SP,13,1007.50,77.50,3.615,13,13,11.79,15.38
fb3cfbc8a86f5d7fbb4d36b8df63f60d,RJ,10,1007.30,100.73,4.200,10,10,7.53,0.00
980640c45d7a4635885491d077167e4d,SP,14,1004.29,71.74,4.643,14,14,7.61,7.14
ef9952469137ff190bacafe117f51537,MG,5,1002.66,200.53,4.800,5,5,10.25,0.00
515d781150feed28a6ac091bb0e3cb8c,MS,6,1002.35,167.06,4.167,6,6,9.78,0.00
2379bdc3888025689a9deb7b141507d5,SP,9,999.50,111.06,4.333,9,9,18.43,33.33
41c9d3997dd3c072c31139dc5bb5761f,MG,3,998.80,332.93,4.333,3,3,22.21,0.00
cb4a705d00e100b9732d0ca34817d441,SC,1,998.00,998.00,1.000,1,1,24.13,0.00
b5e3e38609125694d2ea2417522a60b7,SC,16,995.04,62.19,4.313,16,16,18.20,25.00
8a43128d7f9a3db592b866e6861a6cce,SP,3,990.60,330.20,2.333,3,3,6.25,0.00
7ecef8194babfec876ca720714327841,SP,7,990.50,141.50,4.286,7,7,10.14,14.29
d1582f4043306e6b91afa6a8a884f898,SP,9,990.00,110.00,4.111,9,9,12.11,11.11
6025c79c035c3d772133b8b8238463b2,PR,2,989.74,494.87,5.000,2,2,8.45,0.00
8fdca8e349553f99bc738833a62c8802,SP,22,989.34,44.97,4.190,21,22,10.55,4.55
edd066cd02126d7800f9b66e980e9931,DF,6,987.70,164.62,5.000,6,6,11.90,16.67
e84ad2127668df3aafc6b73531a0beb8,SP,19,987.00,51.95,4.368,19,19,10.56,5.26
77dcbb67ccb3659bd58eaf5661560a30,RS,2,984.00,492.00,1.000,2,0,,
7a9c12e235c36247c3c81f50d6ea9cea,SP,5,983.90,196.78,4.600,5,5,12.84,0.00
325f3178fb58e2a9778334621eecdbf9,SP,36,981.70,27.27,4.444,36,36,6.41,0.00
83645b1645cdee8953ee54c29ceed564,PR,14,978.90,69.92,4.429,14,14,10.40,0.00
e0eabded302882513ced4ea3eb0c7059,SP,8,978.40,122.30,4.625,8,8,11.45,0.00
a99504ac23ed125aaf5302af6cc30af9,SP,1,978.00,978.00,5.000,1,1,16.26,0.00
8e670472e453ba34a379331513d6aab1,MG,1,975.00,975.00,1.000,1,1,86.00,100.00
3f2af2670e104d1bcb54022274daeac5,PR,6,973.60,162.27,3.333,6,6,19.51,16.67
ef2fbc2b607d8492bcffe657a4645434,RJ,20,970.80,48.54,3.850,20,19,7.04,10.53
528bcf6680c36dddf07620bd35b33a6f,SP,2,969.98,484.99,4.500,2,2,21.28,50.00
ec4608a1f76453166bb312b2968aeaf4,SP,17,968.81,56.99,3.294,17,17,15.29,23.53
3c3017960b2dbd72711a61f0400aab8f,SC,10,968.80,96.88,4.000,10,9,12.52,0.00
9261d76c62caaf0b24677c2ceb7f8f20,SC,6,968.70,161.45,3.833,6,6,7.90,0.00
9e9b539eb2806acee3f5c28085c1db9f,MG,3,967.00,322.33,3.667,3,3,24.79,33.33
bc47d5d1490df2b36add65d733eafaba,SP,22,964.80,43.85,3.455,22,21,12.85,9.52
04fdea0c111866e6cf812f1570d6b5bd,SP,9,960.00,106.67,3.444,9,8,18.00,12.50
b19c48688808720822399ffa9f2dbe2f,SP,1,959.99,959.99,5.000,1,1,6.30,0.00
b45d7ebfb7378630f1bcd74b6ff86ff7,MG,4,959.60,239.90,3.500,4,3,29.70,0.00
05a940b4ecae36cadfd8e93bd9c43257,GO,10,952.00,95.20,3.900,10,9,14.25,0.00
05730013efda596306417c3b09302475,SC,4,952.00,238.00,5.000,4,4,9.45,0.00
f0e103c63864d5405b958d984b6e94c9,SP,11,951.70,86.52,4.727,11,11,8.82,0.00
5b2e94f2c22b39ccc24d34ad0f669672,SP,10,949.78,94.98,4.900,10,10,9.98,10.00
07017df32dc5f2f1d2801e579548d620,PB,8,946.49,118.31,4.000,8,8,10.08,0.00
4f1f1c8666cdb6442f775c4e8caed465,MG,2,944.98,472.49,5.000,2,2,19.96,0.00
4e06067cc08b3f41d837768d392c3ee3,MG,31,941.72,30.38,4.129,31,31,10.26,3.23
69b5eaa096c3f9d1e5c398c597f567d6,SP,2,938.00,469.00,5.000,2,2,6.58,0.00
79a679c36c08d606b3fd47ead9de109b,SP,3,935.00,311.67,2.000,3,3,11.68,33.33
db46ca7bce82b11f7e247539271fc390,RJ,16,933.97,58.37,4.563,16,16,8.15,0.00
3d621842b2ed28e2b474132480edac3c,SP,10,928.91,92.89,3.900,10,8,9.90,0.00
4ebdc7e6cd6102a022dadc49156d4ea8,SP,29,928.70,32.02,3.793,29,29,9.97,3.45
c8025364abeecb115431bf95c11a747f,RS,2,928.00,464.00,4.500,2,2,7.96,50.00
bfd938b22bc99bce1ae60dc602889f52,RJ,6,922.80,153.80,3.833,6,4,11.56,0.00
343e716476e3748b069f980efbaa294e,SP,17,922.60,54.27,4.313,16,16,13.04,6.25
2d42ebcda99fd55f6f4bc2f1ca035d50,GO,10,921.50,92.15,4.300,10,10,9.60,0.00
670a9dda115b5a88b18cfadee8de2332,SP,11,918.90,83.54,4.455,11,11,12.30,0.00
7d7d2b7a51328016102d4528c411d630,SP,7,918.80,131.26,4.143,7,7,10.28,14.29
1caf283236cd69af44cbc09a0a1e7d32,RJ,33,917.60,27.81,4.606,33,33,13.81,9.09
dc7192adf8ba09569261f4a8d576afe0,SP,7,917.00,131.00,3.857,7,7,6.23,0.00
e9729944ba65dc3ce425e0c5a22ae7b2,RJ,4,916.70,229.18,3.750,4,4,10.14,25.00
08d2d642cf72b622b14dde1d2f5eb2f5,SP,17,914.00,53.76,4.313,16,16,15.32,18.75
32e5635e63cb374eb63afdd242fb6134,RJ,1,910.00,910.00,5.000,1,1,7.31,0.00
70849ca4f400aaabb62cb7462a6f1428,MG,12,909.58,75.80,4.417,12,12,10.92,16.67
3f9c56764fabca627406093dcb3ef0b4,RJ,7,909.30,129.90,4.714,7,7,8.49,0.00
e5cbe890e679490127e9a390b46bbd20,SP,2,908.99,454.50,4.500,2,2,5.92,0.00
9198786624eaeb375793215cad26cfa6,SC,9,908.30,100.92,3.778,9,8,12.97,0.00
4a1f694197d05fe70026b016a7316b41,SP,14,907.77,64.84,4.571,14,14,9.06,7.14
e250d617a0ad591ba9bd663e584a895d,SP,8,904.12,113.02,3.500,8,8,8.82,0.00
ae45df84722b1d15c5f32b23a095746c,SP,9,901.83,100.20,4.778,9,9,7.42,0.00
e1c76f339ebd5460999f25a2aa8c92c5,SP,1,899.90,899.90,5.000,1,1,29.84,0.00
7dc9a3355bae96dd82008b313d3a456c,MG,1,899.00,899.00,5.000,1,1,12.49,0.00
e51f22821f0c12a16ad5c020cdcd55e9,SP,4,898.71,224.68,4.750,4,4,10.32,0.00
4ef4c39cf3c24f326434cf0b2e48046a,SP,8,891.00,111.38,3.375,8,7,13.28,14.29
f8201cab383e484733266d1906e2fdfa,SC,10,889.00,88.90,4.100,10,10,13.05,20.00
160e4f13fd3a64b1b86807be88b5ffb0,PR,4,886.00,221.50,4.250,4,4,14.30,0.00
e1dc0754bada9ee4cfe9713f22f61292,RJ,12,885.00,73.75,3.833,12,12,8.28,0.00
ffad1e7127fb622cb64a900751590acd,SP,10,884.30,88.43,4.800,10,10,7.67,0.00
6b9b80d53ba3676eafe60268a810b5a1,SP,10,882.70,88.27,3.900,10,9,12.04,0.00
48985c61529077fa4f1e38bcff0f2ed3,RS,7,879.30,125.61,4.429,7,7,10.34,0.00
e644cbadf7eeb30d0d29f335ce7d52ec,SP,8,878.90,109.86,3.625,8,7,6.88,0.00
134a288e7de827ec5ec62e3ec9c3a295,SP,9,877.45,97.49,4.778,9,9,9.45,0.00
68f86ba270525243e68ae74044f992b9,RJ,11,876.50,79.68,4.364,11,10,10.09,10.00
1f867308a0ce13133a4e639ff4de0c02,PR,7,875.10,125.01,4.143,7,7,11.27,0.00
cac63f48c38cd7d002a7e846dcd99a23,SP,10,874.00,87.40,4.800,10,10,7.23,0.00
efff9341f3f8f5237b44ff67ed36a7bf,ES,5,872.99,174.60,4.400,5,5,11.93,0.00
9c690ceacd5c66731bf443ea810195cb,MG,10,871.80,87.18,4.300,10,10,7.59,0.00
bf00385a5f7fc1ef39a13c2e9ee50a5f,SP,29,870.30,30.01,4.310,29,28,5.77,0.00
400f221ab83037c0ea78f1267da9624d,SP,1,865.00,865.00,,0,0,,
a67780aba9dd436e7ac0aa1f889e73ec,SP,6,863.00,143.83,3.667,6,6,21.63,33.33
41da412d33e8da4f22baf55cb1bde82c,ES,15,862.90,57.53,4.667,15,15,10.25,0.00
20cb7c2fde3e5bf10f0bbe7394e1c6a9,PR,32,861.90,26.93,4.000,32,31,12.37,9.68
6a8a889bde935bafa76d7848782dfaf9,SP,26,860.82,33.11,4.038,26,26,7.89,7.69
5011f0d93373a4c5753adf58ca77af8d,SP,11,859.52,78.14,4.091,11,11,10.80,9.09
c4fabeea6e569d42d02993bb1f4f1cbc,CE,11,859.30,78.12,4.000,11,11,21.73,9.09
2c43fb513632d29b3b58df74816f1b06,MG,3,858.00,286.00,3.667,3,3,4.59,0.00
e8dba4d70f7f2b20e775d09cae01142d,SP,9,855.91,95.10,4.333,9,9,8.81,11.11
f783a638e9c6af4a7d0dbfde811e7a81,SP,5,849.80,169.96,4.000,5,5,17.65,20.00
1099a00e0ee3a50935e6c2447ca090c5,RJ,3,849.70,283.23,3.667,3,3,15.04,33.33
4221a7df464f1fe2955934e30ff3a5a1,BA,5,849.50,169.90,4.800,5,5,16.57,0.00
010da0602d7774602cd1b3f5fb7b709e,SP,1,849.50,849.50,1.000,1,1,26.12,0.00
a0d7fbb07bb5ebc3b05980e750db56f3,SP,3,848.99,283.00,2.333,3,3,16.22,0.00
3dbbce181edfaa4a597ec858c382d2ec,PR,17,848.30,49.90,4.235,17,17,14.00,11.76
fe1b067411b8c5066e962aa146ccee03,SP,8,847.78,105.97,4.625,8,8,8.78,0.00
113e3a788b935f48aad63e1c41dac1bd,SP,39,847.35,21.73,4.316,38,39,13.20,5.13
2dd1fb6f0e42a2243b8a01e40cd41216,PR,4,845.89,211.47,3.000,4,3,13.61,0.00
2b03ac196f5ed62ac483960fe0fa3b65,SP,7,843.10,120.44,4.143,7,7,12.89,14.29
ddd51ae8cda92f3995a51fc0f0f3eec7,RJ,8,842.70,105.34,4.625,8,8,8.14,0.00
0791d9fc1e30678ecf03d3e55fa108d3,MG,5,842.00,168.40,4.000,5,5,7.81,0.00
a1544b9ea0b2390e020537d4daa89049,SP,8,841.20,105.15,3.875,8,8,10.92,0.00
a3b42d266fa8afc874b909422ce88582,SP,1,839.40,839.40,5.000,1,1,3.51,0.00
c37b2059d4f90d4feead554e5246565e,SP,12,839.30,69.94,3.333,12,12,17.34,25.00
6e4f5ff6b086632ba8dcb558fb10249e,RS,5,838.90,167.78,3.400,5,5,10.73,0.00
82cb9f452fe8334df74b22d37824b431,RS,14,838.20,59.87,4.714,14,14,8.53,0.00
eba88037e1dca898cd02881f67ced679,SP,6,838.10,139.68,4.333,6,6,11.49,16.67
b81e3a6c866a764974fe849821abeebd,SP,8,836.15,104.52,4.625,8,8,6.14,0.00
28f10b1c5e5abb9d4857745bede6147c,SP,28,835.00,29.82,4.000,28,28,7.64,21.43
297d5eccd19fa9a83b2630071ff105e4,PR,8,834.97,104.37,5.000,8,8,6.88,0.00
1bb3812d5f0747a3ab7348f199001a10,SP,9,834.40,92.71,4.889,9,9,12.76,0.00
91543f9849d68d023e17194926598543,SC,4,834.00,208.50,4.500,4,4,12.87,0.00
c00396cbdd2e088fe4281baa5920aef1,PR,1,832.41,832.41,5.000,1,1,12.11,0.00
ffff564a4f9085cd26170f4732393726,SP,16,831.65,51.98,2.250,16,8,12.50,0.00
8602a61d680a10a82cceeeda0d99ea3d,SP,17,826.99,48.65,4.412,17,17,7.84,5.88
1cd9e0cc1839d55516843def5600816d,SP,5,825.00,165.00,5.000,5,5,7.78,0.00
51e4e89242cbb846c2deff3dc015650e,RS,16,822.58,51.41,4.625,16,16,9.21,0.00
10076e5788b8ee532724bcd460baf762,SP,23,821.48,35.72,4.565,23,23,10.03,4.35
28ea411b354f14b1a494be4e79f0ce02,SP,6,820.00,136.67,4.667,6,6,8.92,16.67
973f21788dfab357250f69a8dcb7ddee,MG,9,819.00,91.00,2.111,9,9,23.76,55.56
0aa2205ca24f113f4658a5c536667426,SP,4,815.62,203.91,4.000,4,4,8.79,0.00
63a79f5a7eb5cb48a7e5787b141c7993,MG,11,815.10,74.10,4.545,11,11,6.37,0.00
daf565f087a52def0fd5c5825b3661bc,SC,9,813.90,90.43,3.625,8,9,9.31,11.11
dc64d75cc406bb0697be983831430e60,MG,4,813.00,203.25,4.750,4,4,10.21,0.00
a1bea7061f61f6fdd9a85a6325ba1033,SP,9,810.95,90.11,4.444,9,9,4.49,11.11
725af026f869236a8dd0ceb98564d156,MG,5,810.72,162.14,4.400,5,5,13.67,0.00
5996cddab893a4652a15592fb58ab8db,SP,1,810.00,810.00,5.000,1,1,5.08,0.00
17adeba047385fb0c67d8e90b4296d21,SP,1,809.70,809.70,1.000,1,0,,
bd4431c1a8dfa744b59e1e2a8bc99b9e,RJ,7,809.50,115.64,4.571,7,7,7.12,0.00
14ee35374a7876217954b5fa08e50463,SP,6,809.00,134.83,4.333,6,6,17.17,16.67
ba5daa4041e1f15cdf34b76e3e18a450,SP,15,806.80,53.79,4.267,15,15,5.69,0.00
caa9bc43a9fe8cf9c564ddd8a03cc4a6,SP,13,803.87,61.84,4.667,12,13,9.55,7.69
a72c2f59332659e361d647515c698798,RS,5,802.90,160.58,4.800,5,5,10.20,0.00
11eac105f3f90a9b87b19c89d91e24f3,SP,5,802.89,160.58,3.600,5,5,9.12,0.00
ba6b4a237f92479743cf0ca06b67a9ac,RJ,8,801.89,100.24,4.250,8,8,12.60,12.50
557f22c76691849db52d2abccf0015d0,GO,12,799.87,66.66,3.273,11,12,14.51,0.00
253f95b3a0e6983ae18aed49fbc2b845,SP,5,799.50,159.90,4.400,5,5,9.21,0.00
7a91bf945c6fae0779f1c61ce97fe45c,RJ,5,799.50,159.90,3.800,5,4,43.85,25.00
0aa124728afc1131dff5655f4c6f487b,MG,1,799.00,799.00,1.000,1,0,,
9c7fd21e0aa159b20da593371f08ff7c,SP,7,798.30,114.04,3.286,7,7,7.39,14.29
13511db12ac61e2f89c53b72a944a60b,RS,6,798.00,133.00,3.500,6,6,9.17,16.67
a247197e2e9c19a6a53a6888cb8b660f,SP,2,798.00,399.00,1.000,2,0,,
365e4bce19bda0082c3d15d83fdb8bcd,SP,6,796.40,132.73,4.667,6,6,10.38,0.00
5a05a16bb50629ee31afab8a6d4c2674,RS,14,794.30,56.74,4.214,14,14,7.04,7.14
e3a386fc36e22064434e1fa256f6a9fa,SP,16,793.90,49.62,4.188,16,16,10.07,18.75
0d4c8269e7f0401201794deef160edd6,SP,3,792.64,264.21,3.667,3,3,17.42,0.00
52956b80ae65fda598f06f6b9943e7a9,PR,3,792.00,264.00,4.000,3,3,25.61,33.33
5962468f885ea01a1b6a97a218797b0a,PR,8,791.00,98.88,4.143,7,6,10.91,0.00
134b867a0f7f8bbe6abf10f91874891e,SP,1,789.89,789.89,4.000,1,1,12.93,0.00
f9eedec3129e8cc6b6429c42d0808c5b,RJ,2,789.80,394.90,4.500,2,2,6.76,0.00
2305ab43e846518f58dd9d59f3f54e96,SP,3,788.89,262.96,3.667,3,3,11.83,0.00
4c61e37f664c3c88aff092aa5ac779d7,RJ,7,788.31,112.62,4.000,6,7,15.79,28.57
3492e68f37fd1df87f4f2f2ea247f445,SP,8,787.86,98.48,3.875,8,8,9.32,12.50
da03c298e3999e9d828591fc2179d109,SP,4,787.70,196.93,4.750,4,4,9.59,0.00
1cbd50a8c52e6cf8e315c5709fab386f,PR,9,785.97,87.33,3.778,9,9,19.03,11.11
9d681c7e12db302cb261e721040dde65,PR,13,785.60,60.43,4.923,13,13,9.30,0.00
9535a841eecebed61a9fb1ac1cbb5597,SP,2,784.90,392.45,3.000,2,2,9.50,0.00
de09d00cfc265b8804c7df34075a68fa,SP,3,784.00,261.33,3.333,3,3,6.15,0.00
5f06030071324cc52bf0304014ac7234,SP,4,783.96,195.99,4.000,4,4,10.36,0.00
d4f117125b59ce73c3302f88ee40c458,SP,17,783.29,46.08,4.824,17,17,7.73,0.00
ef30892870c278497523264be1be2241,SP,9,783.20,87.02,4.556,9,9,8.08,0.00
52a52b9f656520e99716f5bc40f661c8,SP,7,783.10,111.87,4.000,7,7,10.71,0.00
41c2bad7229b0c25e6becf179ebf63ff,RN,20,782.00,39.10,4.950,20,20,4.69,0.00
11742f81550ac064cc9a40f67151d9ad,SP,2,781.90,390.95,5.000,2,2,9.10,0.00
70bf57d811208f8923b41bbd499a67a4,SP,7,780.80,111.54,4.143,7,7,4.82,0.00
e560e4022d8f7aebf155db95946c5c0f,MG,2,780.00,390.00,5.000,2,2,10.13,0.00
cb6c9f5888a7a090c75beaf615925792,ES,11,779.89,70.90,3.818,11,11,10.16,9.09
6524b847b982cd56bb5d4b02b776ee42,SP,1,779.80,779.80,4.000,1,1,42.33,100.00
4deebb3199eeafb282ae33229144f94b,SP,4,779.70,194.93,4.000,4,4,10.16,25.00
5a413ade68e8f8d93071a7f52a64cb9e,SP,14,778.90,55.64,4.643,14,14,4.12,14.29
d66c11a9572221d92fbb8c4897db5f9b,RJ,16,776.56,48.54,4.563,16,16,8.55,0.00
74636e24f01da9268b0ed88dacd8513e,SP,4,776.00,194.00,4.000,4,4,13.13,25.00
5c3460cd3e8a984382ae254e7dd20d9f,SP,9,775.76,86.20,4.667,9,9,9.91,0.00
d9442042130b7fe579d1295f9f4a248f,SP,19,772.16,40.64,4.368,19,19,10.68,5.26
25be943a321c8938947bdaabca979a90,SP,5,769.00,153.80,3.000,5,3,3.20,0.00
0ff83046c3fa22efee8ecf291888b191,RS,10,768.90,76.89,4.800,10,10,12.54,0.00
4a1917ef994878940e1fb03eeb787ad7,DF,2,768.00,384.00,3.000,2,2,10.31,0.00
562f8cfc51f265411f487d07e9c40e7f,MG,13,766.92,58.99,4.538,13,13,14.03,15.38
6f83d9e4da896daae20b9b6b2d3ff8d2,PR,11,765.19,69.56,4.364,11,11,15.02,0.00
0b36063d5818f81ccb94b54adfaebbf5,SC,1,765.00,765.00,5.000,1,1,14.54,0.00
5acd070dd3fe441bbb2ec1f1ede515ee,SP,7,764.17,109.17,3.000,7,7,26.11,42.86
2063dd1b9f568df1c16741ea7d3e6adb,PR,3,763.10,254.37,5.000,3,3,12.65,0.00
81783131d2a97c8d44d406a4be81b5d9,SP,8,761.84,95.23,4.500,8,8,7.25,12.50
39c763cca83e654764b7a4a650fb9b7c,GO,11,761.00,69.18,3.818,11,11,13.49,18.18
a56e351445e5863fc8960640ba9190c7,SC,3,760.92,253.64,4.333,3,3,11.72,33.33
ca77545ca4d2dfd1431bf61334e2fa3c,PR,6,760.00,126.67,4.667,6,6,13.24,0.00
7c51de0ab286204ce75ff42bf7c10d92,SC,4,759.00,189.75,4.500,4,4,9.79,0.00
c1ed9e3daf6154542826a6996af0fb8c,SC,8,757.50,94.69,4.250,8,8,16.93,12.50
458c6fa920810ce2492da71bc26d9eec,SP,2,756.76,378.38,2.500,2,2,25.40,0.00
cf654707ed6a99f112c7ec3d6f314b8b,SP,3,756.00,252.00,4.667,3,3,5.25,0.00
21c62b998a043ebe31161d38f84929fc,CE,4,750.49,187.62,4.500,4,4,13.30,0.00
61c36f0fc4a47f9532e5512b66668e62,SP,1,750.00,750.00,1.000,1,1,12.31,0.00
9dc79dd988ac42f4d56c340d7048420a,SP,4,749.60,187.40,4.750,4,4,6.52,0.00
87d3c3aeb3ead335511b3ce315eb341e,SP,15,749.35,49.96,3.500,14,15,6.57,6.67
fd435faa3c0422b60440ea3480d0e77c,PB,1,749.00,749.00,5.000,1,1,9.47,0.00
191d55f7edb8524d525ed01b20fe32e8,DF,3,747.00,249.00,2.333,3,3,22.53,33.33
8d46553a36e68f95350a200c12f8f2e2,SP,13,746.60,57.43,3.231,13,9,17.57,0.00
c89cf7c468a48af70aada384e722f9e2,RJ,14,745.00,53.21,4.000,13,14,14.19,7.14
ba6ce6de456f6c11d08c17701ba5c26f,SP,6,744.35,124.06,4.167,6,6,12.41,16.67
e8a85b5f3df47be0984c55fd4064dbb4,DF,8,743.00,92.88,4.500,8,8,10.68,12.50
6e864f5c4669eff3d98140a07cc50202,SP,13,740.59,56.97,4.462,13,13,9.84,7.69
2ba91c7ad80ff88b23b7db823b43c233,SP,6,740.40,123.40,3.833,6,6,18.65,33.33
5bba18b40e8c973b0f32e748004775b0,SP,1,739.98,739.98,5.000,1,1,7.07,0.00
c522be04e020c1e7b79f3acff36513d5,SP,7,739.93,105.70,3.571,7,6,15.65,33.33
8a40ae794fa3f9892cee24bd5af0488b,PR,6,739.85,123.31,3.167,6,6,27.80,33.33
ba6b68b55fe8704377a7d43c8e5c0185,MG,5,739.77,147.95,4.200,5,5,10.59,0.00
6bb62a4912377c7bfe7cb17b406bc7e6,SP,4,739.52,184.88,4.250,4,4,4.57,0.00
8c91bfea4263b8fba54081460693e2a1,RS,2,739.00,369.50,5.000,1,2,12.13,0.00
e73bf2cea7fe4b0b4d287a7568ed1099,SC,4,737.70,184.43,5.000,4,4,5.50,0.00
89dda63a3c907c468ec88c310ed91213,SP,2,734.99,367.50,3.000,2,1,25.44,0.00
4200ddf1967c5e41e48db62bc6d4b5ac,SP,22,734.80,33.40,4.263,19,22,10.26,4.55
56db5c0782e8f7ddc9343f9576ff6d16,SC,2,734.80,367.40,3.000,2,2,9.92,0.00
6e1862e15f33d9994bc25922a85e1efc,SP,8,732.49,91.56,4.429,7,7,3.79,0.00
808d4348b916efa08e766ebad39f61eb,SP,21,731.10,34.81,4.429,21,20,7.96,5.00
33cbbec1e7e1044aaf11d152172c776f,RS,15,730.67,48.71,4.733,15,15,8.43,0.00
da4d149c0ddbac90557103ac0a0ec356,SP,1,730.00,730.00,3.000,1,0,,
014d9a685fd57276679edd00e07089e5,PR,11,729.88,66.35,3.727,11,11,9.15,0.00
7210cd29727d674c00741e5e387b3ccd,SP,9,729.09,81.01,4.444,9,9,3.78,11.11
da6a60cc8cc724fe51be021ff8be779c,RJ,12,728.79,60.73,4.750,12,12,7.84,0.00
aac51c486b672a9850d59f3e84b1cf88,SP,10,728.28,72.83,4.800,10,10,4.65,0.00
f19516b9ff26bfeb091b30108db4ddbd,SP,5,727.60,145.52,2.600,5,3,10.65,0.00
d29ba1220fb8634fa3a107e54497b8a4,SP,9,724.94,80.55,3.222,9,9,6.49,0.00
fe1bbc5feda5c8979a8a1b3b2512d5a6,MG,9,724.72,80.52,3.889,9,9,11.93,11.11
6d22a1fcebb6dd08c9cd90b92a93e8d0,SC,12,723.70,60.31,4.250,12,12,15.40,0.00
d9e7e7778b32987280a6f2cb9a39c57d,SP,11,722.50,65.68,3.545,11,11,18.47,36.36
07d75e33f2750d97d467fb57e4dfdd8a,SP,2,722.40,361.20,2.500,2,2,11.80,0.00
c8cc60ffd415254af5d9b9f34f32c369,SP,8,722.20,90.28,4.750,8,8,5.48,0.00
b16d3dadc47d4eb18be3d88bad0775ce,RS,10,722.10,72.21,4.300,10,10,6.43,10.00
94231344608e603693b0a8891143f65d,SP,3,722.00,240.67,4.000,3,3,12.53,0.00
d79e8478eed9999493990b44955fb22e,RJ,5,721.89,144.38,4.000,4,5,8.20,20.00
68ca56ce86830f3d31b1b7ec6a54da3e,PR,6,719.59,119.93,3.833,6,5,4.89,0.00
07de60b03d150fb3ea09eab5da5e4c8b,SP,9,719.10,79.90,4.333,9,9,13.42,11.11
75a4764c108403a7a0575140cb22287c,RS,5,716.90,143.38,4.600,5,5,11.55,0.00
ac6417315ae5da8f9a38ee11de6f7780,SP,7,716.40,102.34,4.143,7,7,11.47,14.29
d558ebe531605a1285ab2b1bc3256dfb,MG,3,709.00,236.33,4.667,3,3,9.42,0.00
024b564ae893ce8e9bfa02c10a401ece,SP,2,706.40,353.20,4.500,2,2,15.34,0.00
e21a1e8be4715b0fcfd5385643bc49c4,SC,21,703.60,33.50,3.667,21,20,16.62,0.00
3d5d0dc7073a299e31fa718ce1bc00b6,RJ,22,702.70,31.94,4.455,22,21,8.49,9.52
18e694e0e48ed6f7aa3f24aade5fd697,SP,31,701.54,22.63,4.677,31,31,6.01,3.23
39d61be7a92eb77b7da367bd4845bc0e,SP,7,700.59,100.08,4.000,7,7,10.78,0.00
ac51cac5e20d69ff485a54746488ef48,SP,3,700.00,233.33,3.667,3,3,16.31,0.00
3ef37b7ca6dd2b80bd8af81a62504996,SP,2,700.00,350.00,4.500,2,2,14.35,0.00
328acb143b4a73aad6bee8e734f5d20d,PR,2,699.98,349.99,4.000,2,2,12.06,0.00
1b4b28463457a256e9a784ebe2a8f630,SP,1,699.42,699.42,1.000,1,1,14.15,100.00
59cea8e446d3834393058e7e0666b6fb,PR,10,696.60,69.66,4.600,10,10,7.27,0.00
0d83f8e03188682112cc0d93523705cc,RS,4,696.26,174.07,3.750,4,4,16.91,25.00
fac35d150712afb921ec59ac5f39bb11,MG,5,696.00,139.20,4.400,5,5,10.14,0.00
b4b447d715f9ab302a188fb43d3e96b3,SP,5,685.93,137.19,4.800,5,5,3.62,20.00
b2c97074649f92197d9387d9033dda5f,SP,10,684.71,68.47,4.700,10,10,12.23,10.00
4e6015589b781adaa5ce7f1892d06bb1,SP,3,684.00,228.00,3.667,3,3,5.90,0.00
2fb25ab44bdbeae6a4d816e0d0c9d500,RJ,5,683.08,136.62,4.800,5,5,8.52,0.00
71271995e85f5b8530be99ed54a91b89,RS,7,679.00,97.00,2.714,7,6,12.31,16.67
d9cd369bffa979d1634f8e1318bf2f1b,SP,3,678.00,226.00,5.000,3,3,11.25,0.00
9aa388272ee334b6ae07bc73706e254a,MG,6,678.00,113.00,4.333,6,6,8.41,0.00
89a51f50b8095ea78d5768f34c13a76f,DF,10,677.16,67.72,4.700,10,10,7.42,0.00
a513150f33f99a06569e9cd5c4bb889b,SP,2,677.00,338.50,4.500,2,2,9.66,0.00
6861de0f40cacb0602e473c51639f980,PR,5,674.00,134.80,3.600,5,5,13.84,20.00
c6218512d16fcac0af02fe92691cf274,MG,8,674.00,84.25,4.000,8,8,14.87,12.50
8c0de775f52fe41590b376a3b7c50f68,SP,9,672.70,74.74,3.889,9,8,6.21,0.00
7354220fb240bde543b3c40c060d41e7,DF,7,672.00,96.00,4.571,7,7,11.10,0.00
e4ebd3f87bf70440014f07ddda7fbe03,SP,7,671.50,95.93,4.571,7,7,17.89,14.29
0a85ebe4e328db81ac9109781205e2f7,SP,12,667.90,55.66,4.583,12,12,5.25,8.33
6824a69c9ea0313eba299dd4a2dba09a,MG,6,666.90,111.15,4.667,6,6,4.81,0.00
5f7300535881cef3b625fd683cf7d145,RS,10,665.98,66.60,4.400,10,10,8.81,0.00
55c26bcb609f480eb7868594245febb5,SP,6,664.40,110.73,4.000,6,6,9.69,0.00
bdae679a9b282249bc23b9b69dae9a99,DF,6,663.15,110.53,3.500,6,6,10.40,0.00
1430239a858e7682bbc43b20758af153,SP,18,660.79,36.71,4.111,18,17,7.67,0.00
49383af7ab774e4e8f3000f49c83dc4b,SP,8,660.00,82.50,4.375,8,8,8.09,0.00
a2deecd5398f5df4987110c80a1972a3,SP,14,658.53,47.04,4.000,14,13,8.31,0.00
c7fdb77fdbff3c41981bc52f787e959e,SP,9,658.48,73.16,3.556,9,9,16.81,22.22
299c89a525fee36c567f4fe72f038100,CE,2,658.00,329.00,2.000,2,1,9.32,0.00
525e75a6fb1454a2325ab1734bcec221,SP,10,657.07,65.71,3.600,10,9,6.37,0.00
1961c3e1272bfeceb05d0b78b5bbfdaf,SP,2,657.00,328.50,4.500,2,2,6.74,0.00
b0398568231ba5e6734af1881671a317,ES,4,656.77,164.19,4.000,4,4,13.21,0.00
c447f8dd3ed213f291d65ef074a268eb,SP,7,655.00,93.57,3.714,7,7,11.03,0.00
80f2cf9abf6b5a0e5c612b5eea6646e6,SP,6,654.08,109.01,5.000,6,6,10.58,16.67
cd3d09fbe6e3e9ff0c0ac0c300e93ae7,SP,12,651.04,54.25,4.167,12,12,11.71,8.33
5d043cd5512d4bd2f88e5ccdd5736c38,SP,1,650.00,650.00,2.000,1,1,9.57,0.00
43402bdf22aa2310e8f99e2f94f78628,SP,4,649.95,162.49,2.500,4,4,16.57,0.00
f435898e493ba0356019a0b1cb8b55b1,PR,10,649.76,64.98,4.400,10,10,10.87,0.00
236585a4ddb5fea9fa40233e2249ed91,RS,11,649.53,59.05,4.091,11,11,13.14,9.09
54aa8463e87776b5612f4bdc4bd5d4de,MG,7,649.30,92.76,3.857,7,7,13.48,0.00
9cad4b68bb993ee401a3c5aaa2bc26dd,SP,5,649.30,129.86,2.800,5,5,18.70,20.00
95b293867b5862941c9cd74f756a3c68,SP,9,648.10,72.01,3.556,9,9,21.46,44.44
b26741d31a563d769b4af0465ab20c56,SC,2,648.00,324.00,4.000,2,2,12.68,0.00
72c38a04bd6a1c3dbc5298425a0db86d,PR,4,647.30,161.83,3.750,4,4,8.81,0.00
2aa3443d7bf9d9bb11133f420d75e083,RJ,10,647.00,64.70,3.000,10,10,10.57,20.00
13f57c12a00ed4610db646b913a7f5c6,SP,7,645.20,92.17,4.857,7,7,12.37,14.29
ad273c9eb54ecb4532de4bf75bae9e4e,PR,10,645.00,64.50,4.100,10,10,12.21,0.00
8d899e15a5925f097cca50faa49b15e3,SP,4,645.00,161.25,3.750,4,4,6.07,25.00
f3295428338a40977a03f555246a70f4,ES,7,644.98,92.14,3.571,7,7,14.83,28.57
5882f40daf39bc2a465e0cb453ddc222,SP,1,640.00,640.00,2.000,1,0,,
bd1d49a326abfa9b1036772e40445430,SP,12,637.70,53.14,4.083,12,12,12.41,8.33
bc503e244f187939d10c92a5c8e378ce,SP,7,637.67,91.10,3.286,7,6,11.93,16.67
7b98de631987e26dd6d803490c43a13c,PR,8,634.20,79.28,4.625,8,8,10.58,0.00
be8e909810184b9b19e886129149d8e5,SP,15,629.85,41.99,3.733,15,15,15.36,20.00
8759e7aedd644f487315e5860962f162,SP,3,627.00,209.00,3.667,3,3,32.80,33.33
685b870da5b52a710782c9c0fefbeb5b,SP,2,627.00,313.50,2.000,2,2,39.61,100.00
0570350b23eda5444f8d1d9544932058,SP,6,626.90,104.48,5.000,6,6,5.07,0.00
6cf476a4ca74498db55cbccdaa9dcfb6,SP,5,624.94,124.99,3.400,5,5,34.35,40.00
d8cf3b6a2151949f930d0252b180ec42,PR,6,623.70,103.95,3.500,6,6,7.14,0.00
ab3e0c171fe84a7ba7de130f19cfb485,PR,6,623.45,103.91,4.000,6,6,20.71,33.33
3969863bb8af7f72580b3b1ffd3a17b3,SP,12,623.15,51.93,4.083,12,12,10.24,0.00
26bad72add1f86e08a776ce4ffdaf1ca,SP,7,622.00,88.86,4.429,7,7,10.94,0.00
b5bb2b985208834bd5bd86c7a402bbad,RS,2,621.06,310.53,5.000,2,2,11.34,0.00
6b15924333bd1a741595fe981ea04822,SP,21,614.32,29.25,4.667,21,21,7.78,9.52
b0b346d3a89f5eb4c2968af3f083cd43,SP,11,614.00,55.82,3.273,11,9,23.35,44.44
1d29dfba02015238dfbe2449a5eaa361,MG,12,612.80,51.07,4.500,12,12,15.37,8.33
b44dbfbf62e52125f3c15d230569ea91,SP,4,609.37,152.34,4.750,4,4,5.00,0.00
3d3ccf2b2f8134b10dce9dd446f0e075,SP,3,608.60,202.87,3.333,3,3,16.77,33.33
c6a7539d424a8402232c2228d7a03c5e,SP,10,607.50,60.75,3.100,10,10,14.27,10.00
2059c39f76271d4ca3f15b5ffaccc8b8,PR,12,604.90,50.41,4.500,12,12,9.59,0.00
aae5e7b457a3c72ee230a47d98fceda5,PR,5,604.80,120.96,4.200,5,5,11.92,0.00
340636a908b13bbe0f4fb63fbe1d0c03,SP,4,601.40,150.35,4.000,4,3,7.83,0.00
eddd1991bd6d9309995a480c39b95137,PR,2,601.00,300.50,3.500,2,2,14.75,0.00
5a6a02f419701fc8c605af71d4fc57a4,SP,10,600.50,60.05,4.800,10,10,5.59,10.00
6179a28a13a726c29b3bf54c070dccab,MG,2,600.00,300.00,3.000,2,1,25.23,0.00
1588ac4010787100dddef64568f0ae35,PR,3,599.97,199.99,3.000,3,3,19.87,0.00
ad8ada0ffa993cb1197d102d9ab21a3e,MG,1,599.80,599.80,1.000,1,0,,
8e29d051f810eb22959ede205b462b9f,SP,2,599.80,299.90,4.000,2,2,31.75,50.00
3be5841cdcc46de4ed3f9116f104b2c5,SP,4,599.60,149.90,4.750,4,4,8.01,0.00
53336f97ddbe53e2a617d07b17447b95,SP,1,599.50,599.50,5.000,1,1,19.43,0.00
d94ba08b99bedd6a5f6c875ecc4a6fac,PR,9,599.00,66.56,4.778,9,8,12.50,0.00
262237171f48e85819065498cac80d7b,SC,4,599.00,149.75,4.250,4,4,11.07,0.00
d0d70d21e2234dd7cd3cf63fe414148a,PB,8,598.40,74.80,4.250,8,8,9.14,0.00
638cba8be1fb599bbb76fd6948351eb3,SP,17,598.20,35.19,4.647,17,16,8.14,0.00
8bd0e3abda539b9479c4b44a691be1ec,RS,7,596.55,85.22,2.286,7,6,23.69,33.33
791cfcfe22fe4a771ece27f90017da92,SP,2,596.26,298.13,1.500,2,1,28.21,100.00
38e6dada03429a47197d5d584d793b41,SP,7,596.14,85.16,4.429,7,7,10.12,14.29
11938fcc75f6902fea1d0a6f72b54a57,SC,2,594.98,297.49,3.000,2,2,22.36,0.00
3d68c634a99a1ba46dbca3967a69c623,SC,2,594.00,297.00,5.000,2,2,9.19,0.00
6e0908ef4d4efadbc3cc2b74ea477cb0,RJ,8,589.45,73.68,3.750,8,8,12.32,12.50
768a86e36ad6aae3d03ee3c6433d61df,SP,17,587.46,34.56,4.647,17,17,5.08,17.65
6e4a902d1054e4e17aa6eab87fac1c75,SP,7,586.57,83.80,4.143,7,7,6.74,28.57
b274baf5bbd142410eb2958cf685d684,RS,7,585.90,83.70,4.286,7,7,6.35,0.00
bf961104a38e01b9062ee026bb657dee,SP,4,585.56,146.39,4.500,4,4,9.06,0.00
851773c885feb5e2da3b4f82bc2b17ce,SP,10,585.30,58.53,4.200,10,10,16.66,20.00
70b52a4cfc823994561b00bad161b4ed,SP,8,585.00,73.13,4.375,8,8,12.89,0.00
44f091b5abab8018f682fce8124b85e5,SP,4,584.30,146.08,3.000,4,3,15.19,66.67
83353a83fd769dfafa4f21a72b15e3e5,SP,5,579.50,115.90,3.800,5,5,18.56,20.00
be3b4b0f050a6aa1b2d901c4b77e979f,PR,3,578.20,192.73,4.000,3,3,8.30,0.00
f524ad65d7e0f1daab730ef2d2e86196,RS,1,578.00,578.00,1.000,1,1,24.90,100.00
01c97ebb5cdac52891c0ed1c37ba0012,SP,9,577.50,64.17,4.222,9,9,13.93,0.00
5ef131ac72773e5b3f6c0d63cf424657,SP,10,575.79,57.58,4.100,10,10,5.93,0.00
ed8cb7b190ceb6067227478e48cf8dde,SP,15,573.50,38.23,3.400,15,15,7.31,6.67
26af45f5dfd967225a832838aa4e24a3,PR,10,573.10,57.31,4.100,10,10,9.77,0.00
9599519be538b98748162a2b48248960,SP,1,570.00,570.00,1.000,1,1,22.62,0.00
4e326052e5dbba8adcd512f3450a307e,SP,3,570.00,190.00,2.333,3,3,17.97,0.00
a35ef466c6fd6d052f5d241240d3c5e2,RS,3,569.90,189.97,4.667,3,3,11.83,0.00
3f9be91358837bff69df67edfa3e42e8,PR,7,569.70,81.39,4.429,7,7,9.84,0.00
a254c682cc01e119f83530446f1df9a9,SP,6,569.40,94.90,4.000,6,6,15.07,16.67
cd2169d9f31ff6fbb9ca3373b0c9e354,RJ,1,569.00,569.00,4.000,1,1,15.17,0.00
73b8eb4a9a729d4019b24ed1be748cbf,SP,7,568.90,81.27,4.857,7,7,4.14,0.00
4170f6a9367e6b5d6401d03ce6d54569,DF,4,568.78,142.20,4.000,4,4,24.80,25.00
89ad3263c0931c47f976d7c5778e60f6,SP,6,568.20,94.70,4.167,6,6,6.55,0.00
f52c2422904463fdd7741f99045fecb6,SP,12,567.79,47.32,4.250,12,12,5.67,8.33
b7ed9fb14c8eadb37adb9c45d67ab0fb,SP,7,566.00,80.86,3.286,7,7,12.56,0.00
2f74af7a0ee5636f12c2336f9fffed47,SP,13,560.70,43.13,4.308,13,13,9.70,0.00
b12cfd255810394b60caef18ae163547,PR,2,560.00,280.00,4.500,2,2,15.84,0.00
6dc9bec584588412a6a338830946a3e4,SP,2,560.00,280.00,1.500,2,1,21.72,0.00
5f5a58930c3c35f3b5af264f34fb8c85,SP,3,560.00,186.67,5.000,3,3,7.96,0.00
c33a5c3c983090c8b78a28e65052a20d,SC,8,559.20,69.90,4.125,8,8,11.57,0.00
820c7c9eaf76d2b226b6c242bcf3f34d,SP,1,559.00,559.00,4.000,1,1,17.76,0.00
35b96509602ec4b7da831b5cd73ff2c2,RS,2,558.90,279.45,4.500,2,2,9.13,0.00
6eeed17989b0ae47c9f11ece6f38ea90,SP,3,557.00,185.67,3.667,3,3,6.50,0.00
48fb026ed7455a42f5d3e9390ed5088e,RJ,11,555.71,50.52,2.636,11,9,11.89,0.00
8a207b6080964f3c1fc9d35bd6096ba4,SP,2,553.70,276.85,5.000,2,2,22.71,50.00
385799a1cddbd26dfeb9157356a42282,SP,4,551.94,137.99,4.750,4,4,8.50,0.00
74871d19219c7d518d0090283e03c137,SP,6,550.04,91.67,5.000,6,6,3.87,0.00
eb9cd5b35d95206585e2185318cb5c61,SP,2,550.00,275.00,3.000,2,2,16.27,50.00
bb2afe2061d53c6968aa0cffa233a8ec,SP,5,549.40,109.88,4.800,5,5,4.43,0.00
e433f5fd4050e3352b5d83522b7fe24b,PR,1,548.06,548.06,4.000,1,1,7.45,0.00
0d33a55da925bbf1ff02af5f6059fc7f,SP,22,547.30,24.88,4.455,22,22,8.48,4.55
6c99c983ce3b6ba0ab813e6790e81691,MG,9,546.75,60.75,3.778,9,9,6.13,0.00
9c1c0c36cd23c20897e473901a8fb149,SP,6,544.97,90.83,5.000,6,6,6.22,0.00
af7cdac9d9897cddead9c6b08976c642,SP,6,543.54,90.59,3.667,6,6,15.23,16.67
4cc4fd4fdd406a85bbdc1f824b731bd7,PR,1,539.98,539.98,5.000,1,1,8.31,0.00
228e4c1a0be164f613d41c24345f9d2c,PR,5,539.70,107.94,5.000,5,5,11.12,0.00
6c17baf138731a4aaacc3210adf2037b,SP,4,538.80,134.70,5.000,4,4,7.55,0.00
79ee721b6f766066a80264402548d359,SP,2,538.00,269.00,1.000,2,0,,
08d1c9478fb0d7d7fcac9c0da4e82fc7,MG,1,538.00,538.00,5.000,1,1,10.39,0.00
ff314fa6033cc68ec451c47aee2d6ba4,SP,2,537.90,268.95,5.000,2,2,10.69,0.00
1fe61aa5494bd3ae92a2c13e067c810f,SC,1,537.76,537.76,4.000,1,1,7.99,0.00
cb9fb4ca75d7ba8437480e8dde64fe98,SP,10,532.14,53.21,4.000,10,10,9.25,0.00
1f7fd2a6fcd5a6fa5d8a4dabc72aaae0,RS,3,531.80,177.27,5.000,3,3,7.11,0.00
6650fcccd8cd2f7e55ffa524f30c4c59,SP,3,529.70,176.57,2.667,3,2,8.13,0.00
2e7ea2aafec5835e781b21d6d1faf1f1,SP,7,528.40,75.49,4.500,6,7,7.16,14.29
7402d13c03a7e91366337cd1de471144,PR,4,528.38,132.10,3.500,4,3,9.90,0.00
6879c4d287a8dd06b11f54ea8f78e4da,SP,6,527.67,87.95,4.333,6,6,6.82,0.00
979e9f8b5b39dd243a2550c8b05aecf0,SP,3,525.00,175.00,5.000,3,3,9.34,0.00
3968920b9aa752ab98f7d5888c9252f2,SP,8,523.30,65.41,3.875,8,8,9.64,12.50
02b72cdeb9cfcc429f1af6f4e3f3b737,SP,4,522.65,130.66,4.750,4,4,12.51,0.00
6e13dd869aa7185f601c941423abcc8f,SP,5,522.00,104.40,4.800,5,5,4.28,0.00
c026ef0d72e9132d9fa112308090c8dc,RJ,1,520.00,520.00,4.000,1,1,11.18,0.00
fc59392d66ef99377e50356ee4f3b4e1,BA,5,519.99,104.00,3.600,5,5,7.95,0.00
f9ec7093df3a7b346b7bcf7864069ca3,SP,9,519.20,57.69,4.778,9,9,6.32,11.11
d197aa8fbc64087f61984deef05f6227,SP,6,519.09,86.52,4.833,6,6,7.41,0.00
b6dc74ed30f124f95227bed4e43a3bed,PR,11,518.96,47.18,4.000,11,9,18.04,11.11
ff4e2d38692ce827b1a4f4b8196e680d,SP,11,518.90,47.17,4.273,11,11,9.21,0.00
a7dc4098e4da6e41b426269d12ae7e91,SP,2,518.00,259.00,3.000,2,2,6.35,0.00
3296662b1331dea51e744505065ae889,SP,1,517.80,517.80,5.000,1,1,3.41,0.00
7e79d65b5c6f1f544b7daea036acf720,SP,4,517.80,129.45,4.500,4,4,8.57,0.00
9e6967d3cf386d284251784b18ccb485,SP,9,517.67,57.52,3.889,9,9,7.25,11.11
64cc804291f90c81f02bfc2bb58ff55a,PR,2,517.60,258.80,5.000,2,2,14.76,0.00
1d503743d2526f03f0c2c89540ee008c,SP,12,516.04,43.00,3.917,12,12,10.80,8.33
b87a7ea0c30fad2dd6781b74a0064859,SP,9,515.40,57.27,3.444,9,9,15.24,33.33
a06c8ff043abea0528ee44171e2140a2,MG,8,514.50,64.31,4.750,8,8,3.88,0.00
c157bdeedcbc9a8e3c8bf0d87ff24428,SP,7,514.27,73.47,4.429,7,7,12.14,0.00
7e959205cebc10adefcb331f934238a4,SP,2,513.90,256.95,1.000,2,0,,
312ba1d77e9c332ef21f9598b7f64cd7,SP,7,513.00,73.29,3.143,7,7,25.70,57.14
4a82168aaef173cbb6e46ae88728f919,PR,4,512.00,128.00,4.000,4,4,6.72,0.00
2b2fed75b8e5ea3a052fc4c0825da485,MG,3,510.90,170.30,5.000,3,3,5.57,0.00
c3aad7dc65449ae90a5e9c3c6c1e78e0,SP,6,510.00,85.00,4.667,6,6,7.49,0.00
c53bcd3be457a342a97e39e5a9f0be22,SE,5,509.50,101.90,3.200,5,5,12.38,0.00
270d3ef21830ad0ecf3a6c53d08a533a,SP,6,509.00,84.83,2.333,6,5,11.54,0.00
4be6b962d83299498bae2190f95d6566,SP,11,508.80,46.25,4.100,10,11,7.90,9.09
33cbda8716511e27e556dff9d8418bf2,SC,5,507.40,101.48,4.800,5,5,12.71,0.00
5e49e3a44bdeb5aab2684258bbd4f525,SC,3,507.00,169.00,4.667,3,3,16.66,33.33
3ea00e1dea2b0659dbaf654735929220,PR,7,505.00,72.14,4.857,7,7,11.45,0.00
2493dc3f20131696a0ecdb9948051a8d,DF,4,504.38,126.10,4.750,4,4,9.17,0.00
20a7efa9721046319bdde5d60b6b5365,SP,3,501.20,167.07,5.000,3,3,19.37,0.00
39a5005f2605cbdb4f9ac14485cabfd1,SP,3,501.07,167.02,5.000,3,3,9.62,0.00
28fb0829fd777877cdc350d25cb5bd5b,SP,4,499.60,124.90,3.750,4,2,14.08,0.00
97e995629983723d11830a829bc2b246,SP,5,499.50,99.90,4.800,5,5,17.01,0.00
dff87e4de60c9736ce8df835951b09bc,SP,1,499.00,499.00,4.000,1,0,,
13c2ed7698b3ca92dad49e849219da59,PR,8,498.61,62.33,4.375,8,8,10.89,0.00
ccbd753e6863fe7314dc6c0ca5a074e7,SC,1,495.00,495.00,4.000,1,1,11.86,0.00
265fdc289dffa9f1ad801c74f7d0de47,SP,1,495.00,495.00,5.000,1,1,7.36,0.00
e59e489e2ea74bd409b798b5daf49de3,PR,3,495.00,165.00,1.667,3,3,15.36,0.00
c458e2045a8aa8964f8879af03fdcce6,SP,4,494.91,123.73,2.750,4,4,16.04,0.00
fcba71d4d5db057f43249145e4eb1e27,SP,3,494.55,164.85,4.667,3,3,18.62,0.00
c286ec035ee04ba81c97508f0b5df544,PR,2,493.00,246.50,2.500,2,1,14.24,0.00
0951a6e282947e09cd47969f4ed0b47f,SP,7,492.30,70.33,4.857,7,7,4.72,0.00
c84592044b180dec206770c38603814b,SP,14,491.94,35.14,4.429,14,14,12.92,0.00
e601b04acf48b4576e73ddca9481f0dc,SP,15,491.94,32.80,4.067,15,15,6.85,0.00
b9c0ffa92f3ff9a5a3d45ef7213c0842,SP,3,490.00,163.33,5.000,3,3,21.18,0.00
64b87978a11c1ea7501a89eabe8c2c1a,SP,7,489.93,69.99,2.000,7,0,,
7816cd9c5b1238e320545f5bf7eb80e8,SP,1,489.00,489.00,4.000,1,1,10.90,0.00
f88adb15807168d3c43d71021090ce4a,SP,3,488.80,162.93,3.333,3,3,6.37,0.00
6219ba2359cfb97f2e38fd4c321eb309,SP,6,487.50,81.25,3.400,5,5,23.71,60.00
09bad886111255c5b5030314fc7f1a4a,SP,5,487.50,97.50,5.000,5,5,6.47,0.00
83a75eea11694e36e56dd0cb2240229a,SP,3,487.00,162.33,5.000,3,3,4.09,0.00
b3f19518fcec265b2e97af287725f981,SP,9,486.91,54.10,4.222,9,8,10.67,0.00
c7a0a13cbcf29d5ce51c8f80afdc0b89,SC,8,483.08,60.39,4.125,8,8,10.87,0.00
70c4eedec9cb4a85cda2f3f9673557b4,SP,2,479.80,239.90,5.000,1,1,7.00,0.00
c1f12f926d0ba950578b4fa41115cbb6,SP,2,479.60,239.80,4.000,2,2,36.75,50.00
0c7f30ae9b147eca07affbef92832a6a,PR,5,479.50,95.90,5.000,5,5,8.54,0.00
32fdd5d44ecb43dfd6a24b9369eca144,MG,8,479.20,59.90,4.375,8,8,16.07,0.00
bac692d6c0ed08467878018e6cc9c26c,SC,1,477.00,477.00,4.000,1,1,7.20,0.00
f1198c871e0171278b63f40d112caeec,SP,2,475.80,237.90,4.500,2,2,11.40,0.00
29e6e05b65f93bc224c644319dc52ecf,MG,4,475.60,118.90,4.750,4,4,6.92,0.00
768de2a4fc06aacecb9a586ccc30746a,DF,14,475.60,33.97,4.429,14,13,14.86,0.00
e1b12447a7563944843191754aeb5562,SP,9,472.46,52.50,4.444,9,9,14.48,22.22
e3dd723429d1b23614b7fa85e2c7a853,SP,7,471.05,67.29,3.714,7,7,13.62,28.57
2953ce3a88f5e3c3b696d77fc9e4c8eb,SP,14,470.00,33.57,4.643,14,14,8.22,21.43
8fec2e460530482132c436cfb5439925,SP,3,468.46,156.15,4.333,3,3,21.86,33.33
038b75b729c8a9a04b0d07cba7eabe86,SP,2,467.00,233.50,3.500,2,2,22.55,50.00
c42fd8e4d47dfb18ce5222f2dd7752f9,SP,7,466.99,66.71,3.800,5,7,26.34,28.57
9fc70243fb26800cba56e8f014797004,MG,6,466.60,77.77,4.500,6,6,9.70,0.00
feb793c88d836c3a75efa4b5a3465d70,SP,1,466.00,466.00,5.000,1,1,5.99,0.00
ee2fbacc2fc3794e656cc4d933d59ce7,SP,2,464.97,232.49,4.000,2,2,7.07,0.00
651fe66032c9520ee5587f694908040d,RS,7,464.00,66.29,4.000,7,7,6.71,0.00
40536e7ca18e1bce252828e5876466cc,SP,2,463.96,231.98,1.000,2,0,,
0a82f5fb06a4fe4ac2cf7cb412ec71b8,SP,2,462.00,231.00,5.000,2,2,5.28,0.00
cb0b3bcf14e0a709df412a99424a59d7,SP,2,460.00,230.00,4.500,2,2,22.22,0.00
aec99834ab5d38ead22766ada8497e87,PR,1,459.00,459.00,5.000,1,1,7.26,0.00
dd88d13bea9e4c2bf47daf224f8141e5,RS,1,458.00,458.00,5.000,1,1,5.68,0.00
8b2d4ab22f42c5cfc338b846decfda60,PR,6,458.00,76.33,4.833,6,6,15.66,0.00
c7dcd301ecfe5ab7f778ac172cf74be7,MG,4,457.69,114.42,2.500,4,3,25.35,0.00
38102b031c2a15e54623d711bfc753d3,CE,9,457.00,50.78,3.667,9,8,21.18,0.00
e546117ed9cafbc40239c0c78635c584,SP,2,456.00,228.00,4.500,2,2,6.37,0.00
35857757f553273b1056c1cabdace7fb,SP,6,454.60,75.77,4.000,6,6,18.21,33.33
117cfc326c6d50da67ca858ff5c0c852,RJ,5,454.60,90.92,4.600,5,5,6.07,0.00
b248792ac0b60ec3f93d80af1b4fae47,SP,7,454.50,64.93,3.857,7,7,6.65,14.29
7bcd7c5f8631701474db233ccf1c094b,SP,9,454.00,50.44,4.222,9,8,14.23,12.50
55029529919c0123526150bd26ca8f20,MG,7,453.95,64.85,4.714,7,7,8.70,0.00
fc4751cfe3b279c419615b9b00c1abb4,PR,1,453.70,453.70,5.000,1,1,8.01,0.00
7994b065a7ffb14e71c6312cf87b9de2,ES,5,453.00,90.60,5.000,5,5,9.01,0.00
e5899683388855d3dabe8913bbe365de,SP,3,452.88,150.96,4.000,3,3,7.72,0.00
b7cc6c5e001441ae8cdd5c69a480cbe4,SC,5,452.80,90.56,4.600,5,5,12.83,0.00
777a0c55737f34ffeb78010f7542ab41,SP,6,452.50,75.42,4.333,6,6,4.23,0.00
eb5b6204dde3a6e03b5f1bb8479f055b,SP,19,452.20,23.80,3.947,19,19,10.45,5.26
08f5819815f3d06545011850bd70f0a8,SP,3,452.00,150.67,4.667,3,3,8.47,0.00
4de6e4ba574aa9dfdc824bc44dc47fdd,PR,14,451.10,32.22,4.071,14,14,9.37,7.14
968ee78631915a63fef426d6733d7422,RS,2,450.00,225.00,3.000,2,2,15.26,0.00
101a3a003516bc11253298b2fad3cb65,SP,5,450.00,90.00,4.800,5,5,6.49,0.00
d90fe2229fee1a5da999ccd0c06c1667,SP,3,450.00,150.00,4.667,3,3,9.82,0.00
bbaff50f3b708fda865918715276cd87,SP,12,449.70,37.48,4.750,12,12,10.20,16.67
a11a0e0ca67423425691db355cff69b0,SP,2,448.90,224.45,5.000,2,2,5.53,50.00
3d0cd21d41671c46f82cd11176bf7277,SC,9,447.80,49.76,4.667,9,9,12.85,0.00
5e106d93b717c2682b9383da480364a1,PR,1,445.90,445.90,5.000,1,1,7.26,0.00
a5bff0f43eb51f0cad7c37fac7244c8a,SP,4,445.00,111.25,4.750,4,4,15.87,0.00
eebb3372362aa9a46975164bed19a7e7,SP,6,443.94,73.99,2.800,5,4,52.58,50.00
d4e4b5192cba4e0e66eb12a9d347239d,PR,12,441.80,36.82,4.167,12,11,13.38,0.00
f22a247b79dd22ecd91dc8e3b2a1b07c,SP,8,439.94,54.99,4.000,8,8,18.03,25.00
64c9a1db4e73e19aaafd3286dc448c96,PR,1,439.00,439.00,5.000,1,1,9.47,0.00
c3251e13f1bbda6c74e37c160f991e19,SP,2,437.80,218.90,5.000,2,2,13.26,0.00
b29d3380981c51df13fc6fbe87e1763d,SP,6,435.30,72.55,3.833,6,6,8.03,0.00
98115075dd26cb8835946fc6086f5d30,SP,4,434.96,108.74,4.750,4,4,4.26,0.00
26d6bbee02420494d471c9f6436929c0,PR,12,434.51,36.21,4.667,12,12,8.37,0.00
c0e6839516f5398edc34adf5f1d53d1a,SP,3,432.92,144.31,2.667,3,1,5.10,0.00
4e480be820e37de1444325ff358c9296,MG,1,430.30,430.30,5.000,1,1,12.11,0.00
2c3d56f92f360fb89d849b84e8f50eae,SP,7,425.10,60.73,3.429,7,7,13.62,28.57
939e6227d6964a11a70aa91243e418f2,MG,4,425.00,106.25,4.250,4,4,5.34,0.00
a45314082d50d578a4721c9787ce09ab,SP,2,424.90,212.45,5.000,2,2,5.24,0.00
dc50afafdfa325eadc890c7fa42a8f4e,PR,4,424.20,106.05,4.750,4,4,6.21,0.00
b080809eaacb49e5ca07290981472431,MG,11,424.00,38.55,4.818,11,11,10.54,0.00
acf974e4d5950ad143a247471b831eb9,RS,5,423.80,84.76,4.750,4,5,11.85,0.00
7c1fea10b5b006671d608b1d7c446ec4,SP,14,423.60,30.26,4.000,14,14,16.23,7.14
41e0fa5761c886a630994a55c12087e7,SP,5,423.60,84.72,5.000,5,5,10.24,0.00
5dc203c7b84a0e71e878a179de05fb9a,SP,5,421.90,84.38,4.000,5,5,8.57,0.00
c714262700f93defc16bf17a51a4cb23,SP,4,421.80,105.45,3.750,4,4,10.21,0.00
9d5604a1f112324ad6b2aa552122e0fb,SP,13,421.50,32.42,3.538,13,13,12.49,0.00
cc80e2f693fa6e2408f47ccf62413fc1,PR,2,420.00,210.00,4.000,2,2,14.15,0.00
189ca3538ce9f920cacf0f982cbe223b,SP,4,419.00,104.75,4.250,4,4,4.12,0.00
6d7f8d9d594e28796b6b3205b00f459c,PR,3,417.90,139.30,3.667,3,3,15.29,0.00
7b7f91e98f8c6def45a1407923304402,SP,11,417.47,37.95,4.182,11,11,13.37,9.09
b64d51f0435e884e8de603b1655155ae,SP,17,416.18,24.48,4.294,17,17,7.40,17.65
f650a9708fa1bab22bdd8d3a818cc415,SC,4,416.04,104.01,4.000,4,4,15.32,0.00
a53f60f05f822b5c621a50ff6a5cb362,MG,4,415.40,103.85,3.667,3,4,11.47,0.00
34a557286ead8fe75c989e0afcf7d98c,SP,4,414.90,103.73,4.750,4,4,8.27,0.00
35fb511489d9ee3ee27a76debce9df06,PR,7,414.50,59.21,3.571,7,7,16.81,14.29
ff1e15b778c700abdd4d239b81ac466d,PR,7,414.30,59.19,4.571,7,7,7.55,0.00
bd149ed516d4c5d418d5781f8e18919f,SP,8,414.00,51.75,4.875,8,8,8.39,0.00
acb6c2ca5c82411c1fdb88d5fd5eb95e,SP,10,413.88,41.39,3.900,10,10,10.17,0.00
042573af89b6d931f672efaf789d8358,SP,3,413.48,137.83,3.667,3,3,20.03,33.33
ead2bab70821ea148476ae9bc08548ac,MG,9,412.10,45.79,4.556,9,9,7.32,0.00
a35124e2d763d7ca3fbe3b97d143200f,SP,4,411.50,102.88,4.750,4,4,10.71,0.00
86ff3eaef0267069cc891a2ed9d10a17,SC,7,409.75,58.54,4.714,7,7,8.96,0.00
f4ce8ca9fa7157e3b33f536ac9a4487d,SP,4,409.60,102.40,4.750,4,4,6.98,0.00
5275ca25d0358ca73864e0ae41be1320,SP,4,409.60,102.40,4.750,4,4,7.04,50.00
c3f5668699a1b04c0fa61ecea1e2bff6,PR,3,407.81,135.94,5.000,3,3,12.13,0.00
20a8b0dc55da94fe74d112082427c84f,SP,7,407.40,58.20,4.286,7,7,8.24,14.29
89bc797e2e29667aa035d4368f9b7f92,SP,17,407.30,23.96,3.706,17,16,15.39,18.75
6b803197e03abd5056b4313306b4f29d,SP,7,407.00,58.14,4.714,7,7,5.33,0.00
4a23adac87cf538689fa600d976f78b2,SP,3,405.00,135.00,4.333,3,3,8.56,0.00
179d859f51292aac5c10806a356f7af9,SP,18,404.47,22.47,4.389,18,18,8.99,16.67
ed9eef5be0992d413d251fadba1a410d,SP,3,404.10,134.70,4.667,3,3,10.53,0.00
5563732abe64c3036cb97ad924128dd1,SP,2,404.00,202.00,4.500,2,2,12.16,0.00
0ddefe3c7a032b91f4e25b9c3a08fca1,SP,9,402.90,44.77,4.556,9,9,7.81,0.00
29fe9f200d3fa0c668d2aa1ec7e08dfb,SC,5,400.00,80.00,4.000,5,5,10.75,0.00
ceb7b4fb9401cd378de7886317ad1b47,RJ,1,399.90,399.90,3.000,1,0,,
d7485b33791774c36108f8c69602d48d,PR,10,399.82,39.98,3.700,10,10,8.89,10.00
62d977e2b2aee830de3e039a28490d12,PR,2,399.80,199.90,1.000,2,0,,
63ffcb71394dd8ea3872ed9ffda17c74,RJ,17,399.00,23.47,3.176,17,17,13.25,5.88
d263fa444c1504a75cbca5cc465f592a,SP,1,399.00,399.00,5.000,1,1,9.54,0.00
fadb07c842a2aef5d5a676b85f220e71,SP,7,398.75,56.96,4.714,7,7,6.43,0.00
73da1880b39c71de2b262bc7720c1494,SP,2,398.00,199.00,5.000,2,2,8.22,0.00
c52c644cc0dc85121207a27013efc6af,MG,1,397.80,397.80,5.000,1,1,7.15,0.00
48e954b2da4f6a750c844173b347ed40,RS,2,397.80,198.90,4.500,2,2,8.12,0.00
62760d278921b5f352461620d68a9cee,SP,3,397.00,132.33,3.667,3,3,19.68,33.33
12a8eb0f8d1cd3270695bf2a99f55966,SP,2,397.00,198.50,3.500,2,2,20.98,50.00
41b14765bd56c8ad10971074380f9c0c,SP,8,395.50,49.44,4.625,8,8,7.05,0.00
9b76ad3d04236f76bc71c59470305e13,SP,2,394.70,197.35,5.000,2,2,5.75,0.00
0249d282d911d23cb8b869ab49c99f53,SP,11,393.00,35.73,4.273,11,11,10.26,18.18
a2fa0bdc798ee84cdb08281337cf4fb6,SC,10,392.75,39.28,4.000,10,8,18.20,0.00
bc30de0d71bd6260b936a026b5cf7200,SP,3,392.37,130.79,4.667,3,3,12.24,0.00
59cd88080b93f3c18508673122d26169,SP,10,392.33,39.23,4.700,10,10,13.02,20.00
fe4cd9461203cee790d36792420b310f,MG,3,391.15,130.38,4.000,3,3,14.35,0.00
c13ef0cfbe42f190780f621ce81f2234,SP,1,390.00,390.00,3.000,1,1,28.06,100.00
8936ba0de1073ee888cb3185ae5dc661,SP,1,389.99,389.99,5.000,1,1,13.19,0.00
4049512728d969bec69f84088b012416,MG,7,389.84,55.69,5.000,7,7,10.47,0.00
ea00f977a203ff88adf7057cb7806998,SP,19,389.72,20.51,4.105,19,18,5.42,11.11
0fe2d9733ed841eb064503920015a8c0,SP,3,389.64,129.88,4.667,3,3,8.67,0.00
a7ecf689b40a44361e259b28939023e4,ES,1,389.00,389.00,5.000,1,1,10.92,0.00
c1849d4d32d7a6cecd5aa471809d3135,SP,3,388.98,129.66,4.333,3,3,5.42,0.00
2009a095de2a2a41626f6c6d7722678d,SP,8,388.89,48.61,4.375,8,8,8.68,0.00
b98b715fe9e276204e2a3464f48cd796,SP,4,388.60,97.15,4.000,4,4,11.32,25.00
78ef7e885d17f35e2382a47aae8b8cce,RS,3,388.00,129.33,4.667,3,3,8.66,0.00
e4fc40017a6d22c46a14ac2e17f87c3e,PR,3,387.00,129.00,2.333,3,1,10.29,0.00
94d76e96eedd976258cd3278ce56d5f2,SP,1,385.61,385.61,5.000,1,1,7.03,0.00
559d56f3b8f0bc2e5a9a62fe2ce2a39f,SC,2,385.00,192.50,2.500,2,2,12.30,50.00
a21c11ec5c3f03e7cc9f9203bff9e1c6,SP,3,385.00,128.33,3.667,3,3,9.54,0.00
79565f7d5603b24ddf07ade262547f2f,SP,8,385.00,48.13,4.000,8,7,13.24,28.57
a080fc8a850289b27500f6b49cca2553,SP,4,383.00,95.75,4.750,4,4,5.42,0.00
ab27bbbad5239bc31a34709275a70db4,SP,3,382.90,127.63,5.000,3,3,8.46,0.00
933446e9a59dece7ae9175103820ca8f,PR,2,381.39,190.70,3.000,2,1,24.03,0.00
9853a239ab7b7ebbdc3a21248d5b8e1f,PR,5,381.00,76.20,3.800,5,4,17.96,25.00
1967a9e2ad6f51802b093147d861df58,SP,2,380.00,190.00,1.000,2,0,,
f7315bb81aea4ddca2d39e249a801c98,SP,2,379.80,189.90,4.500,2,2,10.21,50.00
f5b44895715ddfe3087dc414f30268f3,SP,19,378.80,19.94,4.000,19,19,12.50,5.26
bd15ee794d5e640d9dd71b665b2ab15b,SP,12,374.80,31.23,4.000,12,12,14.47,16.67
c24173065483e421f9e5e7f599de101d,SP,9,373.91,41.55,3.556,9,9,15.82,11.11
404e1ba01358af4cd63f679b2c4d1fa1,MG,8,373.90,46.74,5.000,8,8,8.21,0.00
101921376b577a4540dc30e9009133ca,SP,1,373.00,373.00,2.000,1,0,,
08084d990eb3f53af056ccbc1730c8a7,SP,12,372.50,31.04,4.455,11,12,8.50,0.00
6d988d6174a2c27441597174f8905515,PR,19,371.73,19.56,4.105,19,19,20.59,10.53
0bfd0b434243adc5c2e1aa6baf19c6aa,RJ,6,371.20,61.87,3.667,6,6,8.46,0.00
70125af26c2d6d4ef401a1d02ae7701f,GO,5,371.20,74.24,4.600,5,5,10.58,40.00
4dbd95a08b31ede5c82d3f861cb1ce1a,PR,4,370.78,92.70,4.750,4,4,12.34,0.00
0f0c984a4a955310903b6b6008660bad,SP,4,369.81,92.45,3.750,4,4,14.24,25.00
131fcb0a0c9a47bba4474aacff0f14b7,SP,4,369.80,92.45,4.000,4,4,4.30,0.00
916748bc99315c2d202898ae58b1617e,SP,25,369.40,14.78,4.280,25,25,10.47,0.00
63191ead8d3b2f937cd1996fdcbbad20,SP,1,367.00,367.00,5.000,1,1,11.92,0.00
ce616e1913288884e7742faac9d981db,SP,15,365.10,24.34,4.467,15,14,6.78,7.14
499ec63c58e51296c9cf57edcfe1c8a8,SP,5,365.00,73.00,4.800,5,5,5.23,0.00
f12d3c2a14729ae461b920c11fe20fdc,SP,9,364.45,40.49,4.444,9,9,5.31,0.00
4e85b538b0dad58852641540686d0e14,SP,4,361.98,90.50,3.750,4,4,17.23,50.00
35ef5aa32949680f627efec3c23e705c,SC,4,361.60,90.40,3.750,4,4,11.07,0.00
a435b009cd956ea60748b5cfbddf2e24,SP,3,361.18,120.39,4.333,3,3,30.41,66.67
b56828a9f9027f3c918c04ca720d9e3c,SP,3,360.00,120.00,2.667,3,3,16.97,33.33
76de363de16dacc923eec8daf91df504,SC,2,360.00,180.00,2.500,2,2,13.32,0.00
fa14641f57b655e933124a9ea49cd7a5,SP,7,359.93,51.42,4.571,7,7,6.98,0.00
1e8c6a4c538f286aee9573239740a4b4,SP,5,359.70,71.94,3.800,5,5,7.41,0.00
184725737946a1a938bbbd1a9e978103,SP,3,359.70,119.90,4.667,3,3,8.58,0.00
03bd479e1d9484cdb14104d3023f7321,MG,3,359.70,119.90,4.333,3,3,20.47,33.33
51209b446b2073894bdc0face6c73ffc,ES,2,359.60,179.80,4.000,1,2,9.96,0.00
3076499bbc033a927bf4a8a41bcf7fd4,SP,7,359.33,51.33,4.286,7,7,7.40,0.00
173d56ffbd4c56cb80fc3615487d712b,SP,2,358.00,179.00,5.000,2,2,6.84,0.00
f44bdc12aa39f5271f0b95f66cd4c289,SP,5,357.50,71.50,3.200,5,5,11.50,20.00
9dd59e43f0c9f0553244e8f9c2fb247e,PR,10,356.30,35.63,4.800,10,10,13.14,10.00
24c1de8d9551c0b4fbc53317d53efda8,PB,1,355.00,355.00,5.000,1,1,12.78,0.00
761681a821d8275bc79f552116d06869,SP,3,354.92,118.31,5.000,3,3,8.15,0.00
9b00cad94ef3078faf6fba2e792c158f,MG,1,354.90,354.90,5.000,1,1,19.40,0.00
8fd3b4468f6425810648177996c14cbd,SP,1,354.90,354.90,5.000,1,1,9.97,0.00
b88e7c57cb2d8b973b7dd4a2bfa14b36,PR,4,353.90,88.48,4.250,4,4,9.37,0.00
de66a66f2dd06bb9ec37aa96987466a3,RJ,7,353.32,50.47,4.143,7,7,15.27,0.00
b67d6c666e8dce1d078c882825e12704,SP,7,352.84,50.41,4.857,7,7,7.68,0.00
cbbd5ae8f53de5f5097cd8217b529e24,SP,2,351.80,175.90,2.500,2,1,20.77,0.00
52092ddbd3a58c450a4459bf051b2287,SP,6,351.70,58.62,4.333,6,6,12.90,0.00
e53d5b9b29d1218281f4a907ada18626,PR,4,350.67,87.67,4.750,4,4,6.51,0.00
97e4a63591ca439a2b8b7efd20e6e19e,RJ,5,349.95,69.99,4.400,5,5,6.43,0.00
52bb00821bcdd358a5a5a27e1f6be5a1,SP,2,349.80,174.90,4.500,2,2,15.99,0.00
079d295dcbf06ee8bb1b65ba964eb2b6,SP,5,349.30,69.86,4.600,5,5,8.27,0.00
27a56ff04b34c2ba34ce6ba4d3b9d616,SP,8,349.29,43.66,4.125,8,8,12.88,12.50
5c603ffb38cbbf25a0e0698941324143,MG,2,348.80,174.40,1.000,2,0,,
249f0e9905a6e06ad6c6bea7547ab9f6,RJ,3,347.95,115.98,3.667,3,3,6.27,0.00
0747d5bb69f0586cc869d8af4c50f93e,RJ,14,346.60,24.76,3.357,14,12,14.15,8.33
918717417d88a9f9ae9735567e6c7682,SP,4,345.70,86.43,5.000,4,4,8.15,0.00
48efc9d94a9834137efd9ea76b065a38,PR,33,345.60,10.47,5.000,33,33,10.79,0.00
38af8acfd46ac4a7bf754e8ca6736664,SP,5,345.00,69.00,4.800,5,5,6.39,0.00
a37c340b91cb0169e8b029db6440fba2,SP,5,345.00,69.00,4.800,5,5,11.12,0.00
26b482dccfa29bd2e40703ba45523702,SP,3,344.78,114.93,5.000,3,3,3.59,0.00
3985a3c45be355a4c57fde108bfabd1c,RS,7,344.20,49.17,4.000,7,7,11.44,0.00
7957cac1a02f45d0a4a7e45626382ec2,PR,1,343.00,343.00,4.000,1,1,26.32,0.00
2a73cba571d90c694b7caca072ccf6ce,SP,1,342.78,342.78,5.000,1,1,21.33,100.00
b9ec22de23f18567de0e09d776ca0309,DF,2,341.98,170.99,5.000,2,2,6.54,0.00
89de2d6f23e9746ff309705b23581faa,PR,8,340.00,42.50,2.714,7,8,9.64,0.00
ae8bfdbf1c2a2a2dee92d799db0a31c6,PR,8,339.92,42.49,4.125,8,8,8.87,0.00
5ca5d579b5857ee8709479b1047cecc3,SP,2,339.89,169.95,1.000,2,1,17.78,100.00
a2e85714b56b1cb6bb24a9a6e6cad36f,SP,2,339.70,169.85,1.000,2,0,,
2f4b0d3b9634b647d4edee577d7ebb7e,SP,10,337.90,33.79,4.900,10,10,6.15,0.00
e627629ba868740e287800f1a9be81c2,SP,11,337.10,30.65,4.909,11,11,6.90,0.00
0743a0239d764b9a0f959a57d07e36ab,SP,4,336.96,84.24,4.750,4,4,5.36,0.00
4e42581f08e8cfc7c090f930bac4552a,SP,3,336.00,112.00,1.000,3,1,47.10,100.00
a64e44665225d19dfc0277eeeaaccc57,SP,6,335.00,55.83,5.000,6,6,7.93,16.67
333c4210e76a1aa2ab817b99437e3ff1,SP,2,335.00,167.50,5.000,2,2,7.16,0.00
c8660dcf9ba70575f45d80fe28c27713,SP,4,335.00,83.75,4.500,4,4,14.99,25.00
2c538755f1ca9540af144f266e70df6c,MG,1,334.99,334.99,5.000,1,1,6.56,0.00
61b18775be84fb700a6b2d0ba097bf66,SP,4,334.50,83.63,4.750,4,4,10.58,0.00
7c4618c82226628831613e95e9c22f44,SP,13,333.93,25.69,4.077,13,13,11.07,15.38
c113b8df1fc375bc3d73d29c1b1144d1,SP,3,333.00,111.00,4.333,3,3,6.75,0.00
d7b2377bae6ace1b11fc69a11900ac36,SP,4,329.60,82.40,3.250,4,3,19.54,33.33
09883d9ab71c8fe8a9bfc7fc3075b07e,SP,5,329.50,65.90,3.400,5,4,14.44,25.00
d36b07fd3c5088e477a72d1fccfe29d4,SP,1,328.90,328.90,5.000,1,1,13.24,0.00
f18112da765e0971ca5d510dec322bdd,SC,2,327.80,163.90,4.000,2,2,17.90,0.00
4b98b0428fc1932cc2514ef9ce2505e6,SP,2,327.63,163.82,3.000,2,2,22.57,50.00
6c1b6d0c604b776f844125f911eb7377,SP,4,327.07,81.77,4.000,4,4,17.51,0.00
08d0949a9a17c027262db1f3c450c26c,PR,12,324.80,27.07,3.750,12,12,14.33,0.00
6bd503a8230299c9316fb0f726933927,GO,4,324.29,81.07,4.750,4,4,9.82,25.00
7dea6f73af847b42cc3985bd620f994d,PR,2,324.00,162.00,4.000,2,2,5.59,0.00
92d14edfb62ee5ae7fdff70b0f4e7233,SP,8,322.00,40.25,3.375,8,8,8.30,0.00
a81466620e46a6970b22ef40379fdfc9,SC,2,321.80,160.90,5.000,2,2,7.19,0.00
7b7ed56ae755e2880f2b69632e839c1e,GO,5,321.50,64.30,4.200,5,5,7.30,20.00
d149de2f383552baea37a7198c2296ce,SP,3,320.70,106.90,5.000,3,3,4.89,0.00
d2f3e277560ed4c6361284429b00f037,SP,7,320.55,45.79,4.714,7,7,8.06,0.00
eb9267cccc90f1b49c8d2f9887c7dd97,PE,1,319.90,319.90,5.000,1,1,7.81,0.00
4f40d2ed38d1cc945364a7cd202a82c7,SP,1,319.90,319.90,1.000,1,0,,
883dd81e82754ac2c65e9790a7db8c9a,PR,5,319.50,63.90,4.400,5,5,7.17,0.00
c611f4ce9ce875bcc063fa97fd4d7d12,SP,1,319.00,319.00,4.000,1,1,4.07,100.00
57d2ba47f7a3209aa347532ae75c1165,SC,2,318.00,159.00,4.000,2,2,15.69,0.00
1e9d5a33694bddb76316fd1f54734d20,MT,2,318.00,159.00,4.500,2,2,12.25,0.00
2d22fc3089eb907b29ebff50581fb472,RJ,3,317.70,105.90,3.667,3,3,9.62,0.00
ea4e9ce63a2134743b4a92777437fcdd,SC,3,316.60,105.53,4.667,3,3,10.11,0.00
9cf787a239c1aa29dbd76f153dc13f9a,SP,4,316.00,79.00,4.750,4,4,6.56,0.00
cf1313c6e2c01c2f4b014f97db4bcd2b,RJ,5,315.70,63.14,5.000,5,5,8.24,20.00
3b18f9856c6eb2413eafedb58e9eecd9,SP,1,315.00,315.00,5.000,1,1,9.18,0.00
da20530872245d6cd9d2f5725613c430,RS,2,314.96,157.48,4.500,2,2,10.27,0.00
12c2ed9cded6138cf0c75f525f565fc7,SP,4,314.96,78.74,4.250,4,4,13.44,50.00
9ac4f14370b1e24ddc58be041b7f99df,GO,5,314.51,62.90,4.400,5,5,9.02,0.00
8c9348f33ae3dada25c99c99ade2af78,SP,2,312.99,156.50,5.000,2,2,10.17,0.00
5f0057b677eb963672bf05dfa3f16c34,SP,5,312.88,62.58,4.200,5,4,7.04,0.00
6ee85be3693ed79a8e80718743d80655,SP,8,312.00,39.00,2.500,8,5,29.12,40.00
3afc536624bc2e65bddfb5db33cc01f3,MG,6,312.00,52.00,3.500,6,6,9.89,16.67
1acde099eb406aa220b1169b188b42da,SP,9,311.10,34.57,4.222,9,9,12.08,0.00
df47da4ae86fa4db890d05aaf24e21d8,SP,5,310.50,62.10,4.200,5,5,7.05,0.00
ad87df7699e83b8a91822a4a0b765c3a,SP,5,309.90,61.98,4.000,5,5,10.89,0.00
ba89796db68db180bd389de96b2ff3b6,SP,2,309.80,154.90,5.000,2,2,8.60,0.00
0cab2da43793a6f3c5ed8514c5f54627,PR,3,309.70,103.23,5.000,3,3,5.01,0.00
ebd1417732defaf66c50b5a800eb293e,PR,1,309.00,309.00,5.000,1,1,6.12,0.00
152ee17e4c8aaf53dac99f3462e4999b,SC,6,308.96,51.49,4.333,6,6,10.74,0.00
1b45169b635ef59425637e9a33eb5fb3,PR,7,308.90,44.13,4.571,7,7,7.97,0.00
dbbcfe2c8d026742134ac3e28ccde274,PR,4,308.59,77.15,4.000,4,4,8.29,0.00
8fff28c4263ddec387f28d237fb42773,SP,3,308.50,102.83,3.667,3,2,5.76,0.00
b127efdabeffb5d559349c7b172eb75d,SP,10,308.50,30.85,4.800,10,10,9.85,10.00
85cc55e048b6bcc90c75afe7f0e72f72,RJ,9,308.28,34.25,4.444,9,9,13.15,22.22
a7a9b880c49781da66651ccf4ba9ac38,SP,3,307.60,102.53,3.667,3,3,9.48,0.00
9c3c24eca51c52b91c1de727d2a2ae06,RS,6,307.50,51.25,4.500,6,6,10.61,0.00
48bad451945f5227341793478d6353ea,SP,3,307.00,102.33,4.000,3,3,22.08,33.33
e94b64dc6979b302a5a5be1662c83bb6,SP,2,306.89,153.45,5.000,2,2,9.01,0.00
bc39d8938f90a3a2b98193723ed59774,SP,2,306.80,153.40,4.000,1,2,4.55,0.00
6d2f2e3b539480db1e0842b3a4e32e6e,SP,3,305.96,101.99,3.667,3,3,6.26,0.00
085f6f7e049c996695fb2074fe38d45e,SP,6,305.40,50.90,4.000,6,6,10.56,0.00
c76d418370990614e89e956c7a7567d9,SP,2,305.24,152.62,3.500,2,2,10.55,0.00
51f108f62cb87d61918159902c8f8583,PR,3,303.73,101.24,4.333,3,3,5.97,0.00
3d01d1c414c44b5943a09619ff3853cb,SP,4,303.60,75.90,4.500,4,4,13.83,0.00
ad75519a07f039025e83795a4418470f,GO,3,302.10,100.70,3.667,3,3,9.54,0.00
a3082f442524a1be452e3189e003b361,SP,3,301.60,100.53,4.333,3,3,11.54,0.00
2b3b9ce054da76a7428df143a567b156,SP,5,301.00,60.20,3.600,5,5,8.19,0.00
3dc69bf2c42f0568a5c4791ec3fd3745,SP,2,300.00,150.00,4.000,2,1,26.27,0.00
3a3e46d10f74d8a6ca76e2b538f106a0,SP,2,299.90,149.95,4.500,2,2,19.49,50.00
2b402d5dc42554061f8ea98d1916f148,BA,1,299.89,299.89,5.000,1,1,6.00,0.00
69a43819c758c65a5befb0b471c954d7,PR,2,299.85,149.93,4.000,2,2,12.99,0.00
3606774ec64634822d78dc2db6d37045,SP,2,299.80,149.90,3.000,2,1,15.82,0.00
ea3ebea5317b0efbc663ecc8ce5e9bc2,SC,3,299.70,99.90,4.000,3,3,9.39,0.00
6d1b9c9579132c87d2703ec38c30f2c5,PR,4,299.69,74.92,4.500,4,4,9.31,0.00
7fe21dd00d2f4943ae09525efa2fd674,RJ,4,299.60,74.90,3.000,4,2,7.60,0.00
71593c7413973a1e160057b80d4958f6,SP,2,299.50,149.75,3.000,2,2,9.13,0.00
b76f4d90e85657a240495c876313adc5,SP,1,299.00,299.00,5.000,1,1,2.66,0.00
f00f5b35d0abcacbdd863672f4bb2c1a,SP,1,299.00,299.00,4.000,1,1,12.16,0.00
d65f31d2413268e671989503f6cf9993,SP,1,298.90,298.90,1.000,1,0,,
a8739afb32aaa45e01815ca76f76f54b,SP,13,298.83,22.99,3.769,13,13,9.57,7.69
9d489893ff6af05029671b785f54b998,SP,5,298.70,59.74,4.000,5,5,7.29,20.00
b76a1f8356322f12529c37b67d5c96c2,SP,5,298.50,59.70,4.800,5,5,7.47,0.00
c5ebe6598748b0aeaa61cfb820478b92,RS,3,297.00,99.00,4.667,3,3,4.90,0.00
0ec28cec4046a4a199b6de9b4c891d97,GO,3,296.60,98.87,5.000,3,3,10.47,0.00
55c96925041a14097b6a7825554f4ad5,SP,6,294.80,49.13,4.000,6,5,11.16,40.00
a806a4bb063ea7ca6d374eafa50a6058,ES,5,294.40,58.88,4.000,5,5,12.71,0.00
9b1ab052f5fca308ba743ac789ebb2e1,PR,2,294.09,147.05,4.000,2,2,10.21,0.00
2bf28e311bba65237358230cabac3f15,PR,7,294.00,42.00,3.714,7,7,11.38,28.57
2f4b9d112bfa44a214bc6cef085d17c8,ES,5,293.99,58.80,4.400,5,5,14.78,0.00
9d39404483343dd55c7ae254494d8388,SP,10,293.20,29.32,3.500,10,10,14.39,10.00
48b6c3f4c6a93171da04b75313f2130f,SP,2,290.26,145.13,5.000,2,2,24.13,0.00
aadfe0417e61315688b6bd7043361e25,GO,1,289.90,289.90,4.000,1,1,6.48,0.00
ede2977fbaf3738583170735ca403f6c,PR,1,289.90,289.90,5.000,1,1,14.98,0.00
f410c8873029fcc3809b9df6d0b28914,SP,2,289.80,144.90,5.000,2,2,7.70,0.00
4dc646b9b9e8e411ef48ba000ea3ac6f,SP,4,289.70,72.43,2.750,4,4,11.46,25.00
adbe70ab2c97442046d393988c8d1d27,SP,5,289.50,57.90,5.000,4,5,7.19,0.00
aded58c8142dedc5494a81f948431fab,RJ,4,289.50,72.38,3.750,4,4,8.74,0.00
04ee0ec01589969663ba5967c0e0bdc0,RS,1,289.49,289.49,5.000,1,1,3.07,0.00
d1e2fe627180431ffda076abb303c56f,RJ,1,289.00,289.00,1.000,1,0,,
392353362d22cc2c236e1ee81ff19890,SC,5,288.70,57.74,4.600,5,5,7.73,0.00
bbe87dce25ba8b38bb61cc7210a3f10b,SP,2,287.00,143.50,5.000,2,2,6.26,0.00
ce20a2ec1514c25e16f2b5b39bc818f0,SP,4,287.00,71.75,4.750,4,4,14.24,25.00
615005a3ef192c00c6f0e977cee3d2bc,SP,10,286.50,28.65,3.800,10,10,13.93,20.00
e83e93b71371817b11d78a63ff156aee,SP,2,286.00,143.00,4.500,2,2,15.81,0.00
a9ae440659f48b7849df83e82734150b,SP,1,285.00,285.00,5.000,1,1,13.34,0.00
10264f60a8f0a4d2f30810f5c661c673,SP,4,284.60,71.15,5.000,4,4,4.13,0.00
ea1776927851da2532aa70d6a32c095a,SP,2,283.90,141.95,3.500,2,2,8.66,0.00
86bf77bdb52e615674772d5817c6212f,RS,4,281.80,70.45,4.750,4,4,7.52,0.00
b8a0adc91af209270c2c725168eb00fd,SP,6,281.40,46.90,4.000,6,6,11.11,0.00
83c465a786b06574376909b35ef6752a,SP,3,281.40,93.80,5.000,3,3,5.27,0.00
d5c530f4884a75ae0dba9c148718d278,MG,6,280.88,46.81,3.500,6,5,10.28,20.00
579891617139df7d8671d373f0669622,RJ,8,280.30,35.04,4.500,8,8,18.42,25.00
4e0d109ccfba9a1151c103049880c857,RJ,2,279.89,139.95,3.000,2,2,19.23,0.00
58e4b302b54937e55a678c4d15111da4,PR,3,279.79,93.26,2.333,3,1,7.16,0.00
19a7c9f66ffa6452ff4b4c0cca71da27,PR,1,279.00,279.00,5.000,1,1,25.19,0.00
d2572f31e9023e9850ef986a636ff9bf,MG,1,279.00,279.00,5.000,1,1,10.13,0.00
debe6615cd90cc0c2eac2b8988e1f628,SP,5,278.50,55.70,4.600,5,5,11.60,0.00
fb8904a8ea99f8831b64ce27db2c1765,SP,2,278.00,139.00,4.500,2,2,11.16,50.00
94c49f20a123aeb9360dbf80ff912bf6,SP,3,277.75,92.58,3.667,3,3,14.15,0.00
32f1bb9dfa65bc7df5c0d9d95a616be4,SP,5,276.39,55.28,4.000,4,4,6.59,25.00
15ead3a5037a918ddb520dfe39a3d2b9,MG,7,275.50,39.36,4.286,7,6,17.65,16.67
2ee0a0689f2f6a72f35a7cb6033f6e7e,SP,4,272.00,68.00,4.000,4,4,9.68,0.00
e603cf3fec55f8697c9059638d6c8eb5,RS,7,270.00,38.57,4.571,7,7,6.32,0.00
f682e0f848abafc6f41e0d4e868c66ef,SP,2,269.98,134.99,3.500,2,2,19.70,50.00
bab0a8cd684e41ba6e2637dca0979d3b,RJ,1,269.90,269.90,5.000,1,1,13.32,0.00
87d73636a3acf123e842bb890a4db036,SP,1,269.90,269.90,5.000,1,1,13.00,0.00
9a208dee8f95cfdf00760c4d627828ec,RJ,1,269.90,269.90,1.000,1,0,,
dcf3755cefcdc158ad0b7bdde51e871b,RS,3,269.70,89.90,4.000,2,3,13.25,0.00
6bb66d9870c2e01c05655c7ed0e7ee13,SP,3,269.00,89.67,3.667,3,3,8.32,0.00
58c851d1a3c7cd3da329eb59453fed44,SP,2,268.99,134.50,5.000,2,2,4.61,0.00
d73cbd89533ce8b041a9190241453ac8,MG,3,268.70,89.57,4.333,3,3,12.22,0.00
184a67a8f9f63234d3a92340bbdb727f,SC,8,268.66,33.58,3.875,8,7,17.62,0.00
f9bbdd976532d50b7816d285a22bd01e,SP,2,268.00,134.00,5.000,2,1,14.89,0.00
830379336fad8c6f3b15a4a3ddb5c66e,SP,2,268.00,134.00,4.500,2,2,6.13,0.00
c79151301b9d90985d1fa52879213105,PR,3,267.10,89.03,4.667,3,3,9.06,0.00
4be2e7f96b4fd749d52dff41f80e39dd,AC,1,267.00,267.00,1.000,1,0,,
65a7c0788e4d632ccb5e1b594b87f0bb,SP,3,266.70,88.90,4.333,3,3,11.03,0.00
5236605f4d4b0b3e4df85b850393fca0,SP,5,265.30,53.06,4.800,5,5,10.49,20.00
483ca627d131e18f988349b1655c0acd,SP,1,264.00,264.00,5.000,1,1,15.34,0.00
5c853bb56f70f4d14218944bae111d7a,SP,23,263.13,11.44,4.000,23,23,8.66,0.00
f8d5c7085db9a4ad2b8c1ffbeb2798c8,SP,6,263.00,43.83,5.000,6,6,12.53,0.00
53088c75f948b48a7ece173ac17f0c12,RS,3,261.70,87.23,5.000,3,3,10.96,0.00
252e76235acb79183cfca6e34f13337d,SP,3,261.20,87.07,3.333,3,3,14.13,0.00
aa762680c40618316a896838866140ea,PR,3,261.00,87.00,3.333,3,3,22.56,33.33
6da1992f915d77be95d7fa48b36904af,SP,7,261.00,37.29,4.000,7,7,9.04,0.00
21d59342ba150175ca2aa4f8faddeca6,SP,2,259.90,129.95,4.500,2,2,8.62,0.00
f7df46c1e0ec44eed5c6726478da4a17,RS,2,259.80,129.90,1.000,2,0,,
984c273121e743dd14767befe6cb17f5,SP,1,259.60,259.60,1.000,1,1,33.85,100.00
800214c63934acd05d47e84214db8ba8,SC,4,259.60,64.90,5.000,4,3,11.79,0.00
bdb3edbaee43a761e2d4f258dc08f348,SP,5,259.50,51.90,3.800,5,5,11.95,20.00
c9e5ad1f6647f5dbd1172adf6ae3cada,RS,4,259.03,64.76,4.750,4,4,9.25,0.00
5e25c632f9db6cfb8bc100421c2737b6,SC,1,259.00,259.00,5.000,1,1,6.05,0.00
1e26c56af8d48424e1df0140a2401f83,SP,2,258.90,129.45,5.000,2,2,5.25,0.00
a0e19590a0923cdd0614ea9427713ced,PR,2,258.30,129.15,1.000,2,0,,
0af977692321d895349eded183341d28,SP,2,257.75,128.88,4.500,2,2,2.54,0.00
7d294cf9a6a69dc6a0c3e540fff0e039,SC,5,257.25,51.45,4.400,5,5,8.82,0.00
31eec405c9bb71dec8e2629a92e764fa,ES,5,256.89,51.38,4.600,5,5,8.57,0.00
6f1a1263039c76e68f40a8e536b1da6a,SP,4,256.39,64.10,1.500,4,2,51.00,50.00
ebef8d8c92b4fd3226e5d407bbff21ac,SP,3,253.70,84.57,2.667,3,3,40.12,33.33
88ef59b51bdaa941d10a853429f2b6ce,PR,2,252.90,126.45,2.000,2,2,6.20,0.00
446cc09cdbb130904da114e807dbec40,SP,3,252.80,84.27,4.667,3,3,4.27,0.00
7f35f9daf223da737b78738fbae4d977,SP,5,252.00,50.40,4.000,5,5,7.87,0.00
e88c9b79e592e370d6bd852eeefbf057,PR,8,251.87,31.48,4.750,8,8,8.44,0.00
ae45ad30c2d2e5913094769690a239d2,SP,1,251.80,251.80,5.000,1,1,19.20,0.00
e88f7a2995ba184710d339c5c4bf2e30,SP,2,251.60,125.80,5.000,2,2,10.83,0.00
85ecf03781da592876b7844acc1b729f,SP,2,251.00,125.50,4.500,2,2,15.55,50.00
46ef1a25845fc051c2998d878354810c,MG,5,250.41,50.08,4.400,5,5,16.85,20.00
b2bdc5e7940a7d7ca8c4a37953b27a42,SP,1,250.00,250.00,5.000,1,0,,
8ccf3cf69651cc1d8a02c8bfaf3b8568,SP,2,250.00,125.00,3.500,2,2,25.71,50.00
13d95f0f6f73943d4ceffad0fc2cd32c,GO,1,249.99,249.99,3.000,1,1,22.34,100.00
1703bc09972dab9782e7a9194943b69f,MG,1,249.90,249.90,5.000,1,1,12.13,0.00
5d505d2298ad549e4e4e835562fa0c1e,SP,2,249.80,124.90,5.000,2,2,5.90,0.00
c0f783394e37cd9c9d7f5f81141450fa,SP,6,249.40,41.57,3.600,5,6,13.17,0.00
4b90495391ac0bd181a80a459df1e718,RS,1,248.00,248.00,4.000,1,1,11.88,0.00
42b6488f5b8246d9141712abd4b1b693,PR,2,247.99,124.00,4.000,2,2,7.90,0.00
baa49d93c8c8841e27400a300f5d74b2,SC,6,246.40,41.07,4.500,6,6,12.28,16.67
88ae906ea2acf6971f26c3e8b7cb4357,SP,3,246.00,82.00,3.333,3,3,15.09,33.33
5721089ba9214e80074f27d5a03fc0eb,SP,5,245.93,49.19,5.000,5,5,7.44,0.00
5194c22ed1f616ec0c0f33c571542879,MG,4,245.60,61.40,4.250,4,4,12.32,0.00
28405831a29823802aa22c084cfd0649,SP,7,245.00,35.00,4.286,7,6,7.19,0.00
14f2b3587172b9db894c9bad8dab520b,RS,2,244.00,122.00,2.500,2,2,14.03,0.00
5733d806668f8712c24b9abaefbfa642,SP,2,243.80,121.90,5.000,2,2,15.00,0.00
77714512e8d4dda9c234da8e3faf16e4,SP,4,243.40,60.85,4.250,4,4,12.18,0.00
c70a353f02429c00775a46a75fb787da,SP,6,242.00,40.33,4.667,6,6,6.76,0.00
31be790e64fc99f8ff48ec2bd18a3104,SP,6,241.40,40.23,4.333,6,6,6.49,33.33
0761743cbffb25d7148189e9f1a5f03a,SP,3,241.20,80.40,4.667,3,3,13.14,0.00
85044848b1b767db2a4a58526adef4b4,SP,4,240.60,60.15,3.250,4,4,8.79,0.00
5e9f5bd34e0830569f05c9d4f56e04a8,RS,2,239.98,119.99,4.500,2,2,10.03,0.00
422be4cc81a457fdb46f47edeb968ae5,SP,1,239.90,239.90,5.000,1,1,18.14,0.00
2d9e8987a2ea5cf88dce330249043ff1,SP,2,239.80,119.90,4.500,2,2,8.90,0.00
70f7e8018e3d46c748c92f026aa2585a,SP,1,239.80,239.80,5.000,1,1,7.03,0.00
ec8463980a4e0ea9f8517aea1ed0c419,SC,2,239.20,119.60,5.000,2,2,11.23,50.00
25debeafbce801fdd479539350185eee,SP,5,237.85,47.57,3.000,5,5,14.98,0.00
d1a5cc844736958c11b8efab9a2b4c87,PR,1,237.60,237.60,1.000,1,1,30.29,100.00
e83c76265fc54bf41eac728805e4da77,SP,8,237.30,29.66,3.625,8,8,32.60,12.50
2e0dba2da448400b1c11d7b4b22f32a4,SP,7,235.87,33.70,3.143,7,7,8.87,0.00
534a01cc6df1e034e05c32028a291fa2,SP,5,235.59,47.12,4.400,5,5,10.69,0.00
578460d8319c51dab351cd9db95eadfe,GO,1,235.00,235.00,3.000,1,0,,
a663d9c3797e90eac99ff60939416a56,SP,1,235.00,235.00,5.000,1,1,5.36,0.00
94b9108d4b637ba65bb4f1e53cfcf8d8,SP,7,234.96,33.57,4.429,7,7,17.02,14.29
508808d438fe2ff972ed13bb8f4a82e2,SP,9,234.84,26.09,4.667,9,9,4.81,0.00
1e47defeeadeca0e9a18fa5a9311e735,SP,3,234.12,78.04,5.000,3,3,12.02,0.00
cb32766839f443db85c82a43c4a6c19e,SP,2,234.00,117.00,3.000,2,2,19.47,0.00
d9cb0052a666de5308b32f32ad5f1b1c,SP,3,231.90,77.30,3.667,3,3,13.01,0.00
e64882b4ef12aee8d0faca4db5b681f4,GO,1,230.00,230.00,4.000,1,1,25.01,0.00
1746c1ae87ac63d530c7c943d0ac42e2,SP,1,229.90,229.90,5.000,1,1,23.02,0.00
740205fedfe4e90ca6857bc77db0f2b4,SP,1,229.90,229.90,5.000,1,1,3.48,0.00
72431a818f97fe6ab9c81eee3e297e54,SP,1,229.90,229.90,5.000,1,1,12.44,0.00
9539213aa8e023c01937bef95dc006da,SP,9,229.10,25.46,4.556,9,9,11.79,33.33
615c3462099ffa940d37b17dfda19594,RJ,2,229.00,114.50,5.000,2,2,7.65,0.00
75745ef7bc7d4f3ea3380f6f5303f514,DF,3,228.40,76.13,5.000,3,3,5.69,0.00
8dfbc5ff27df12f6cef751d3b9554222,PR,4,226.00,56.50,4.500,4,4,10.07,0.00
b05b432bf68945d4d9783f9e3ca29ee8,SP,2,224.80,112.40,4.500,2,2,5.42,0.00
8a8835a43bda99fd37310ad76c457510,SP,2,224.34,112.17,4.500,2,2,7.46,0.00
94ca168e8bcb407ab85c5da308863027,SP,5,224.30,44.86,5.000,5,5,12.49,0.00
6c6e3d67f969468f3bfd33f827a31222,PR,5,224.00,44.80,4.800,5,5,8.51,0.00
81ed90f07c0bacb7594940ba2ef676aa,MG,2,223.90,111.95,4.500,2,2,16.10,0.00
0e44d110fa6a54e121cb2c095a77762f,SP,6,223.32,37.22,4.333,6,6,12.00,16.67
08ad4ac1388e4420ca531c3edfc46198,SP,6,221.62,36.94,2.833,6,6,6.37,0.00
f419677537694f0462a91990df6ca44f,SP,6,220.50,36.75,4.000,6,6,14.25,16.67
7e3dde9ffba72d5340f9aaf09b4424be,PR,1,220.00,220.00,1.000,1,0,,
edf3fabebcc20f7463cc9c53da932ea8,SP,1,219.90,219.90,4.000,1,1,21.08,100.00
bec568278124768c474ee90971ca94d1,SP,2,219.90,109.95,4.500,2,2,3.44,0.00
f8e2c1b59cd4225a3e4fd0d013a76b93,SP,2,219.80,109.90,5.000,2,2,10.01,0.00
20611af7866c6068fd5ae1f9dbe15c92,SP,2,219.80,109.90,4.500,2,2,8.54,0.00
e0a3c37054ade6478d923a6efc10f308,SC,2,219.80,109.90,5.000,2,2,7.84,0.00
a5dd1946fb63ada8bcaa0c9cd8f11e22,PE,6,219.62,36.60,3.833,6,6,16.94,0.00
c3fe93ba3085f92855c97e57f38c8c05,PR,6,219.00,36.50,5.000,6,6,13.22,0.00
3442f8959a84dea7ee197c632cb2df15,SP,3,218.70,72.90,3.000,3,3,13.02,33.33
751e274377499a8503fd6243ad9c56f6,SP,1,218.00,218.00,5.000,1,1,2.00,0.00
6548c2550b6e2d8f18053216e1c7b6f3,SP,3,217.70,72.57,5.000,3,3,6.49,0.00
d594982fd877af63ace38ea1fca27c76,SP,7,217.04,31.01,4.429,7,7,8.09,0.00
3d49bfdd1b43a7fe169b3740067acc61,MG,3,215.00,71.67,4.667,3,3,8.76,0.00
a4b8d97cd5d3674eeff96abc99d8ed67,SP,1,214.08,214.08,1.000,1,1,6.10,0.00
33ab10be054370c254ddfcf0a6253422,RJ,4,213.20,53.30,5.000,4,4,5.81,0.00
4ea2f12dbe91deeacd2c1e74f069a6e6,SP,4,210.20,52.55,4.750,4,4,9.46,0.00
a9415cf907dfa12f9ed18693244f5329,MG,1,210.00,210.00,5.000,1,1,11.14,0.00
fec6912baad85d41729669edd6b4d3b8,SP,1,210.00,210.00,1.000,1,0,,
d9d43faf741ceaa8da52fdbb81d9e0e3,SP,6,210.00,35.00,3.667,6,4,9.14,0.00
661ad5fcc28cdfb8bcadb12bb2272475,SC,4,209.93,52.48,5.000,4,4,12.39,0.00
269c5fc9fcadee614364c3620c30a1f9,SP,3,209.60,69.87,5.000,3,3,4.61,33.33
3fadb4cba4c35bce6a7eaf9872d5623a,RS,3,209.50,69.83,3.333,3,3,9.26,0.00
929f342384a6607afe143d789ade1316,PR,4,209.40,52.35,5.000,4,4,4.50,0.00
3fefda3299e6dfaea3466ef346a3571a,PR,1,209.00,209.00,4.000,1,1,6.31,0.00
10cdd491d1dbea8fb4ead97b19c334ce,MG,3,208.90,69.63,5.000,3,3,7.09,0.00
1de62b6f2fd96227629786db492433db,SP,2,208.80,104.40,5.000,2,2,8.24,0.00
353e21e8bf8de2722b4fae1636664b76,RS,4,208.00,52.00,2.500,4,4,9.11,0.00
5a9c0859cb00fd8aa4db443837f0a700,SC,2,208.00,104.00,4.500,2,2,9.01,0.00
90b36c5aeb728d5504a39f435bef0c5f,SP,5,207.86,41.57,4.200,5,4,11.74,0.00
90b57083da5d803237da74daec6dcb2b,PR,2,206.90,103.45,5.000,2,2,7.90,0.00
762fafdaa57a532ee0119731697579dd,SP,5,206.70,41.34,5.000,5,5,4.12,0.00
3bfad056cf05c00dabe2f895925d83b1,SP,1,206.65,206.65,1.000,1,0,,
e5d4b2b0c3bca22085f7a19a28de0c42,SC,4,205.80,51.45,4.500,4,4,12.68,25.00
dd8a29ce82d5c705ba932d81494600a5,SP,2,205.75,102.88,3.500,2,2,8.93,0.00
643c01d7c56a724bec0454f4780e8a3e,SC,2,205.55,102.78,4.500,2,2,9.72,0.00
efb628aa07c8ca93d7db0d85b91a4f5a,RJ,1,204.00,204.00,4.000,1,1,25.59,100.00
e819bcfade7b5d88a27325eb6cfd62c5,SP,5,202.90,40.58,4.200,5,5,9.98,20.00
f26d70155c2b6326fcfa1780c8c684e4,SC,1,202.89,202.89,5.000,1,1,8.90,0.00
bcc9dd23e2a8bd8267cf92b19304a1b9,SP,3,202.79,67.60,2.333,3,3,22.55,66.67
19484c79cef6c062cb177aa4ef2fcc3c,SP,1,201.90,201.90,1.000,1,1,21.43,100.00
28c7d8743fbc8679f484868cc0fcaefb,SP,3,201.50,67.17,5.000,3,3,13.53,0.00
72146da5774cabf2632faedcae097a76,PR,4,200.94,50.24,4.000,4,4,35.94,25.00
c990d6cf976a5718aaedc539f383ab88,SP,10,200.90,20.09,3.300,10,8,19.76,37.50
3f84fefc07dc159b268d4a77d3e8c425,PR,3,200.60,66.87,5.000,3,3,8.07,0.00
5db42a6cd9bf1bf0d3aab9582767f168,ES,1,200.00,200.00,5.000,1,1,16.87,0.00
3289d8c3eef4873f91ce0b1343c0dd58,SP,1,199.99,199.99,5.000,1,1,13.83,0.00
dda37071807e404c5bb2a1590c66326f,SP,1,199.99,199.99,5.000,1,1,16.58,0.00
dbc51f5e45d654ecc16cb68e6817ecea,SP,1,199.99,199.99,4.000,1,1,17.74,0.00
3fe7120d6257285ac6a3ce7cb071ccec,MG,2,199.98,99.99,3.500,2,2,9.57,0.00
651530bf5c607240ccdd89a30c9c9712,BA,1,199.90,199.90,4.000,1,1,11.77,0.00
e59e575a175fadcadf8479e191770425,RJ,1,199.90,199.90,5.000,1,1,5.35,0.00
2a50b7ee5aebecc6fd0ff9784a4747d6,DF,1,199.80,199.80,1.000,1,1,39.74,100.00
2cb4700db635baa1c0d4f90ed27b6669,PR,2,199.80,99.90,2.000,2,2,16.48,0.00
4f0d637c1197fd65405ebd755ac9f86b,SP,2,199.80,99.90,5.000,2,2,7.35,0.00
ec5c1d94df153d473b37f880977ae58e,SP,2,199.67,99.84,2.000,2,2,10.32,0.00
8060d731897e33b5c5ae575ce1e209e1,SP,5,199.50,39.90,4.800,5,5,7.80,0.00
4e2627090e6e5b9fabba883a37897683,MG,2,199.50,99.75,1.000,1,1,3.98,0.00
e9874ae10b2d60d43917b6bbfa13a599,PR,1,199.00,199.00,5.000,1,1,6.68,0.00
4450bd8327d471c4a11a83d1445b1b62,SP,1,199.00,199.00,5.000,1,1,7.31,0.00
e1bed63d68ac36fe1f3061befe196af5,SP,1,199.00,199.00,5.000,1,1,8.61,0.00
52f6f9f13ba19504c02781132a049e75,PR,1,199.00,199.00,3.000,1,1,16.29,0.00
4ce8b55b4bfa4659184e7becc1fba3f2,PR,2,199.00,99.50,3.000,2,2,12.42,0.00
3d290fe363c60a77498c1126fd3fb8d3,SP,3,198.98,66.33,4.333,3,3,7.46,0.00
e503f22be6a4f456d9851920a5d9c670,SP,2,198.90,99.45,4.000,2,2,5.67,0.00
ad8b531ae67582f096925cff5630d0d1,PR,2,198.45,99.23,4.000,2,2,20.49,0.00
d8dd176509baa37f359644d082bf7f7b,SP,2,198.00,99.00,1.500,2,2,30.36,100.00
b57e8460909fa137df7951b4a3b5ea84,RS,1,198.00,198.00,2.000,1,0,,
586a871d4f1221763fddb6ceefdeb95e,RS,1,198.00,198.00,1.000,1,1,68.62,100.00
6f835fd4be26989b1b064399da346143,PR,2,197.80,98.90,5.000,2,2,6.95,0.00
9da15f4a4ea758d9eeb49000dbe57e22,SP,1,196.90,196.90,2.000,1,1,22.51,100.00
fe8055980a4ff7f64ed889c2b5926929,PR,3,196.70,65.57,4.667,3,3,6.49,0.00
809413606dbfe5deefd2db646693ef67,SP,3,196.68,65.56,4.333,3,3,7.58,0.00
8def3db7f272735afb2ecd03aeca09a7,RJ,2,196.00,98.00,5.000,2,2,2.66,0.00
0f7eea709efdf942b5f95c7516dbacd7,SP,3,195.74,65.25,4.000,3,3,8.04,0.00
f356c348fbc8df6a882823e21f5ce8b7,RS,2,195.18,97.59,2.500,2,2,7.23,0.00
9c54608f0996c32ae4743089d915f845,PR,3,194.80,64.93,4.000,3,3,12.22,0.00
b5f49fe968dff6b112861e6cd8e192ef,PR,1,194.70,194.70,5.000,1,1,14.00,0.00
7d948535954aaf8c5d39db007f74372e,SP,4,194.00,48.50,3.750,4,4,5.60,0.00
f626e15b7314c267e4429010866f70e9,SP,5,193.55,38.71,3.800,5,5,9.95,0.00
05e107217c7266362fd44b75b2cd4cc4,SP,5,193.38,38.68,4.200,5,5,8.19,40.00
747c1cdcd1737dcfbd1547f6eb6f2cf3,SP,2,193.10,96.55,2.500,2,2,15.13,0.00
4d9fea3499bdc22aa4da4e339365f215,SP,2,192.54,96.27,5.000,2,2,12.67,0.00
78ba5933c21686d1c2f64669c8c459e7,SP,2,191.80,95.90,4.500,2,2,6.53,0.00
f5403d3f50089112c4eed37928b7f622,SP,2,190.80,95.40,1.000,2,0,,
f307937c1bb287c3efc2a514b94b0d1d,MG,1,189.99,189.99,5.000,1,1,12.58,0.00
778323240ce2830d68aab11794e00bfb,SP,3,189.98,63.33,4.333,3,3,10.55,0.00
7cf4ea70955b00d6b3c22542598e2715,SP,1,189.90,189.90,5.000,1,1,7.10,0.00
43a1d4bab73b816e44ef4e4facd9f9b5,PR,1,189.90,189.90,4.000,1,1,9.83,0.00
119c7f1a00ef43fad0e57604e76a747c,SP,2,189.80,94.90,4.500,2,2,5.98,0.00
213fafb0ca06fb3d5886579c2565791b,MG,3,189.70,63.23,2.333,3,3,4.26,0.00
686886775c8f6b1191c7b953fb52708c,SP,1,189.00,189.00,5.000,1,1,3.55,0.00
e0482f2c769468c3bbcd8a01e09d98c5,SP,1,189.00,189.00,4.000,1,1,5.91,0.00
b00af24704019bd2e1b335e70ad11f7c,BA,1,189.00,189.00,5.000,1,1,15.56,0.00
c360e4787614ed31ac7a2f95d3b22dc6,SP,1,188.90,188.90,2.000,1,1,12.66,0.00
c0aff2da32c17759d30b22fb0af6649d,SC,4,188.80,47.20,3.750,4,4,7.76,0.00
4c1c7281388a33dd06daac44f9fadbd1,SP,5,188.32,37.66,4.800,5,5,8.79,0.00
74c7dec0a384d8a05950e629bd23bde9,SP,5,187.68,37.54,3.600,5,4,11.54,0.00
a3b0df0065e264a91b7bbf5f844af5cd,SP,2,186.69,93.35,5.000,2,2,13.62,0.00
3a79f35a2344ede41af21267f61d5ec6,SP,1,186.00,186.00,1.000,1,1,14.27,0.00
eec3469d83e142f9a104886655338c37,SP,4,185.70,46.43,4.500,4,4,9.98,0.00
c32fc744b9160ac853450488e3cfea93,SP,3,185.70,61.90,2.333,3,2,15.52,0.00
f9eda05b67bef472deaddbba84aca289,SC,1,185.00,185.00,1.000,1,0,,
9e7c5f4d7770eab65738cca38f9efccf,SP,2,184.80,92.40,3.500,2,2,7.44,0.00
2075d8cd4dd63ff12df0749a5866bb06,PR,3,184.70,61.57,5.000,3,3,4.74,0.00
7d484ca289afaac6bf5fc6a1e96d2226,MS,2,183.20,91.60,4.000,2,2,12.16,50.00
1c56ffe0e9dea2657fc6e95b53f40b13,SP,3,183.00,61.00,4.333,3,3,6.68,0.00
23ca5f678e0b3ea6c630b30fa8bf51ea,SP,6,183.00,30.50,5.000,6,6,7.27,0.00
3dfd3dc96f7f8598eca74e9ac8a2fa31,SP,6,183.00,30.50,4.000,6,6,12.23,16.67
478bfe564db21eeb44386606aa30b650,MG,3,182.70,60.90,4.667,3,3,13.97,0.00
5659d77e8d90378e39b960ad5956f64e,SP,2,182.48,91.24,2.500,2,2,20.49,50.00
31e60bf8d103ce47932a85f5562deb16,GO,1,181.00,181.00,5.000,1,1,14.46,0.00
8ca5b19e0263150d2c57afdde2b3d011,SP,3,180.60,60.20,4.667,3,3,4.86,0.00
9dd459b29a14bf89d47183cf2cd0e4c7,SP,2,180.00,90.00,5.000,2,2,6.62,50.00
7ad41305e96a6cab8294cd65891e9a86,SP,2,180.00,90.00,5.000,2,2,11.66,0.00
964ff64dc05b13811c6d0f41e0aa5f6b,SP,1,180.00,180.00,5.000,1,1,6.68,0.00
88cd3681e0a2ba85e190f7d817629c4c,SC,1,180.00,180.00,4.000,1,1,7.02,0.00
94165aea8a35c3c21499cbcae239b16c,MG,1,180.00,180.00,2.000,1,1,6.16,0.00
9c57bc60cfad5ee62d35d3f1ce4593a1,PR,1,180.00,180.00,1.000,1,1,37.03,100.00
7f5e4d5efad7e44b91115dd1decb65f3,SP,3,179.90,59.97,5.000,3,3,7.70,0.00
50bf89f1349bc0409a268c3a49678009,SP,1,179.90,179.90,5.000,1,1,9.62,0.00
05ca864204d09595ae591b93ea9cf93d,SP,1,179.90,179.90,5.000,1,1,5.17,100.00
762ed976527cddf02787edba70fffa2a,PR,3,179.80,59.93,2.333,3,3,7.85,0.00
2235cf78d3e2073a88146a9cb60f0dd0,SP,1,178.99,178.99,5.000,1,1,14.22,0.00
880ce4951cf857ab1d9e0b75c1d856f4,MG,1,178.90,178.90,5.000,1,1,15.05,0.00
f3975e8a41157005d4bcbb358678cd9b,SC,2,178.80,89.40,5.000,2,2,8.66,0.00
57fe6232e67823593374a2281d7a8af8,SP,8,178.68,22.34,4.750,8,8,9.58,0.00
19e0f40a907ec568c34bfac15de4f4a1,SP,4,178.00,44.50,5.000,4,4,5.84,0.00
1352e06ae67b410cdae0b2a22361167b,RJ,2,178.00,89.00,3.000,2,2,34.31,100.00
ab9db4cf53b08b828b64dccaafc2d9f0,RS,4,177.78,44.45,5.000,4,4,11.72,0.00
2d2322d842118867781fc737e96d59a1,SP,8,176.40,22.05,4.875,8,8,8.09,12.50
a0a14e50070f3225b3eabba5b85da517,PR,4,176.20,44.05,4.500,4,4,6.05,0.00
c353f8fc0ce8344999f17d578eb69a5e,RS,2,175.98,87.99,5.000,2,2,9.96,0.00
485452467ff670447e84a8370c3fc898,SC,3,175.70,58.57,4.667,3,3,14.23,0.00
4dc2e811a1760953cb7c6a590b498943,SP,1,175.00,175.00,5.000,1,1,6.67,0.00
b906dd0e57f282c7089171b6ed07982e,PR,2,175.00,87.50,4.000,2,2,6.99,0.00
f92d8c817434bd2d84d4e9c61322b7fa,SP,5,174.84,34.97,4.600,5,5,8.33,20.00
23ff42c4bf1f8f16cddb19d8b972974a,MG,2,174.70,87.35,4.000,2,2,11.84,0.00
dd9661d3cda1e6feb237f0c4d8b26f2e,SC,1,174.00,174.00,5.000,1,1,18.20,0.00
0692610d8abe24f287e9fae90ea0bbee,SP,4,173.99,43.50,4.000,4,4,6.60,25.00
99a25c39b28a74d1151c35c18d178292,SP,1,173.94,173.94,5.000,1,1,2.23,0.00
aae5953b9edddf14749c0d65d60eb4b9,MG,2,173.00,86.50,5.000,2,2,12.83,0.00
ccada0ef508e698917a6eab263375905,PR,3,172.80,57.60,3.667,3,3,9.91,0.00
1e483cc5c76fef08d3ca05f9a8af7d01,SP,10,171.99,17.20,4.100,10,9,8.49,0.00
50770d25768b0486d89be26afca3108f,SP,6,171.77,28.63,4.000,6,6,13.48,16.67
cd52a8efd71af3336b14b5039b951cc1,SP,3,170.80,56.93,2.333,3,2,11.20,0.00
3ea08c48e851106d2f584349daba335f,MG,1,170.00,170.00,4.000,1,1,6.00,0.00
e1643dff33666ca629e3644c02738179,SP,3,170.00,56.67,4.333,3,3,4.56,0.00
5444b12c82f21c923f2639ebc722c1ea,SP,1,169.90,169.90,4.000,1,0,,
695051e2981c8b19e77cafe450d5bdf3,SP,1,169.76,169.76,5.000,1,1,20.19,0.00
b01c2b7b8599b325103ebcddc67413e1,RS,4,169.45,42.36,4.750,4,4,8.46,0.00
d9c349beabc06aa6ff1c6d68b5e9e22e,SP,1,168.10,168.10,5.000,1,1,21.03,0.00
c7c7b2682c648339a0e9846bb1023a39,SP,2,168.00,84.00,4.500,2,2,10.28,0.00
51a04a8a6bdcb23deccc82b0b80742cf,SP,1,167.99,167.99,1.000,1,1,35.32,100.00
7178e1eaa97257d8b6d4b80efd77a025,SP,1,167.90,167.90,5.000,1,1,7.12,0.00
89d9a386b0b6e5fc8403071b03f7206a,SP,2,167.00,83.50,4.000,2,2,13.50,0.00
1d1bbb8ac1581824986f582583fff01d,SC,4,166.88,41.72,3.500,4,4,9.16,25.00
1cbdc7cf130a41fd13a3c2a7d2fcfda7,MG,2,165.80,82.90,5.000,2,2,8.69,0.00
2ea0861cc19e94cad86438c984c52da4,SP,6,165.60,27.60,3.333,6,6,5.25,0.00
33d677f27a69b84051204ee4ae76eaca,SC,9,165.00,18.33,4.556,9,9,8.83,0.00
76d336555bb25f3165d2f0d6da719c40,SP,1,165.00,165.00,3.000,1,1,11.50,0.00
ace601496e211a664100321f038f50af,SP,1,165.00,165.00,2.000,1,0,,
bd4ff04377f974574f7f0bf9d6ce7dde,SP,4,164.96,41.24,3.500,4,4,21.99,25.00
e45edf75f568ed2f93f78d060e246e25,RJ,6,164.30,27.38,4.167,6,6,12.35,16.67
98e164d549402270247f3c96a1a158ef,SP,2,162.70,81.35,2.500,2,2,8.83,0.00
fa5fdc4e4bb6bd1009ad0e4ac4096562,SP,1,161.99,161.99,5.000,1,1,7.06,0.00
bff9deb0ec77d437f3305a79cf25529e,SP,5,161.95,32.39,4.000,5,5,6.97,0.00
d3e7d37c0df9aef383f3f2a15b0dddfb,PR,1,161.00,161.00,5.000,1,1,13.08,0.00
3442033154be05bac582e173ef54fd12,SP,1,161.00,161.00,5.000,1,1,3.91,0.00
fc6295add6f51a0936407ead70c1001d,SP,1,160.00,160.00,1.000,1,1,13.80,0.00
533d46c1b06970e99f09523a61df4972,SP,2,159.98,79.99,4.500,2,2,16.60,0.00
aa2640d851ec322526f1295bbeb20092,SP,1,159.98,159.98,3.000,1,1,3.96,0.00
2039c5e51785b5dde7cf93ccb3b7be2c,SP,1,159.90,159.90,5.000,1,1,8.27,0.00
913fd0ebba70bb919f7254a02239173c,SC,1,159.90,159.90,1.000,1,1,13.43,0.00
fc0b214b59a83615fea981c6424a02ae,SP,1,159.90,159.90,5.000,1,1,4.38,0.00
4bde6149c15cf7e177b36fa060dd6de8,RS,2,159.80,79.90,5.000,2,2,10.62,0.00
6902157ee16728322d61a1321fa79e58,SP,2,159.80,79.90,3.000,2,2,10.46,0.00
99cd94252748d2bdde08e17858233602,SP,2,159.80,79.90,4.500,2,2,3.01,0.00
2ec6e37d992a95eaddb3369dcbcc76d9,RS,2,159.80,79.90,1.500,2,2,9.65,0.00
b7e1750c1157341d2abd0251e07c186b,SP,3,159.60,53.20,4.333,3,3,10.34,0.00
0ade5cc4a305ed7093a23f68ca47519c,PR,2,158.88,79.44,5.000,2,2,6.88,0.00
954e95f20808d7e5d11f0de292d078e0,MG,3,158.78,52.93,4.667,3,3,9.14,0.00
c04d70d515d15a7e3db3a73320598566,RJ,3,158.20,52.73,5.000,3,3,6.29,0.00
f1ce5fdecd64935c28b9ff932751d0dc,SP,2,158.00,79.00,4.500,2,2,10.24,0.00
98dddbc4601dd4443ca174359b237166,PR,2,158.00,79.00,5.000,2,2,8.23,0.00
ce3ad9de960102d0677a81f5d0bb7b2d,RJ,1,158.00,158.00,5.000,1,1,4.04,0.00
902c99f1ac505c0d18778b61bcd636f7,SP,4,157.96,39.49,4.000,4,3,4.85,0.00
dde698c6d0bd24834c586e5111c2bba7,RJ,1,155.90,155.90,5.000,1,1,7.69,0.00
d2df77822373f19934e87694d8640767,PR,2,155.90,77.95,3.000,2,2,22.15,0.00
b9de031b671cd48b28fae9d828cbf2b4,SP,1,155.32,155.32,5.000,1,1,9.23,0.00
3c88ed2e76a2247933a15daa7161eb1c,SP,1,155.00,155.00,5.000,1,1,19.91,0.00
4dab98ca6cd6d3df586203cefd28a042,RS,1,154.90,154.90,5.000,1,1,28.01,0.00
f664f98bfda2eaf266a23ff144e7a872,SP,2,153.99,77.00,3.000,2,2,2.69,0.00
0b09101900100c0e9d312861fad5a1b9,SP,1,153.75,153.75,4.000,1,1,18.54,0.00
6601ee6383e7f452be71929f8de48bbb,SP,2,153.60,76.80,4.000,2,2,14.83,0.00
d26aa40b90272d4843d63be7c1462c8d,SP,2,152.90,76.45,4.500,2,2,4.59,0.00
78813699ffac347fe27dba345a5f1551,RS,1,152.42,152.42,5.000,1,1,9.04,0.00
4ddeb3e828550cddc8d45c8bc36ab2d1,SP,1,152.00,152.00,5.000,1,1,7.87,0.00
56f413900b5166ab4d730e9ac0b12cb0,SP,3,151.79,50.60,4.667,3,3,10.19,0.00
bd0a1b0aadca9a83d9304f7e8ff5fbd5,SP,4,150.60,37.65,4.500,4,4,5.90,0.00
578fa3a9cb6b6dceab39231ad59cdaca,CE,3,150.00,50.00,3.667,3,3,22.40,33.33
4867209cb29b56b92893d7bde3ce8012,SP,1,150.00,150.00,4.000,1,1,10.23,0.00
c398bc00a606d33758afd91f4e64fd15,RJ,2,150.00,75.00,4.500,2,2,3.70,0.00
2d34636518ba88f5349b732fcf8ba2e4,SP,1,150.00,150.00,5.000,1,1,10.83,0.00
49f8d2ea7b718d0ce587d34207caf2b4,SP,1,149.90,149.90,5.000,1,1,6.84,0.00
1e47d8b6546eb3a77b1acddcc9406242,SP,1,149.90,149.90,1.000,1,1,35.49,0.00
f266295f49a28eee21f413e0cbb0521d,PR,2,149.80,74.90,4.500,2,2,12.09,0.00
6ba4733aa33f6386e9fb0c0fd3993b38,RS,3,149.79,49.93,4.667,3,3,12.43,0.00
63272377184e969942f7fff221be858d,SP,2,149.70,74.85,5.000,2,2,12.30,0.00
7a188843479798ca813108fa7b959286,SP,1,149.70,149.70,1.000,1,0,,
3d700782d7818f2c1e0d7a9e9d75fc00,SP,3,149.70,49.90,3.667,3,3,25.73,33.33
d8b8f2cf9ff6ba0389072541cb42498c,GO,1,149.00,149.00,5.000,1,1,12.16,0.00
e00d85ce20ea50c1224c66ca5050527d,SP,1,149.00,149.00,4.000,1,1,2.05,0.00
37303482a42fb700d8d127e70a9cd6c8,SP,2,148.89,74.45,3.000,2,1,2.05,0.00
f35becee938e982bd615edf8ef12bcfb,SP,6,148.59,24.77,4.000,6,6,7.92,0.00
8fbe2ee446b97e128471be4ce983dc0d,SP,3,148.50,49.50,3.000,3,3,8.10,33.33
ca7c6bd577e559472af1c699de9e764e,SP,6,148.00,24.67,4.333,6,6,4.68,0.00
7d7866a99a8656a42c7ff6352a433410,SP,5,147.89,29.58,4.400,5,5,4.89,0.00
2a7c6c0b0d5efde2bf75ec1e1cec2d41,PR,3,147.60,49.20,3.333,3,3,10.61,0.00
9523fb39dd240aa958e040f8183d64f3,SP,1,146.99,146.99,1.000,1,1,21.88,0.00
0b3f27369a4d8df98f7eb91077e438ac,SP,2,146.51,73.26,4.000,2,2,7.16,0.00
4bcec44888b30ba9001234c534716d3f,SP,5,146.00,29.20,4.600,5,5,9.16,0.00
398cb257329ef7af7f1943a8974a3cbc,BA,1,145.90,145.90,5.000,1,1,7.09,0.00
f3041c2e75ec683697a6a5ea82192210,MG,1,145.00,145.00,5.000,1,1,4.53,0.00
8e34331b7eedd03be4e5d965c1956225,SP,5,145.00,29.00,4.800,5,5,13.95,20.00
553a440137d6e0cf776aee0bb83ac9f5,SP,2,144.80,72.40,1.000,2,2,23.00,50.00
0daf5180aa44356f60f8effa533b55a2,GO,2,144.80,72.40,5.000,2,2,8.03,50.00
15ac3c501e2599e4917316fde5c5669a,SP,1,144.20,144.20,1.000,1,0,,
4a82c4af97ffc0fb2dc26bfdc03b1842,MG,3,143.70,47.90,5.000,3,3,12.74,0.00
c8143b3069f6746a77421b5ce30a450c,GO,1,142.47,142.47,5.000,1,1,24.41,0.00
2f9b7ce230a057a98a9f5df5893ee36c,SP,2,141.82,70.91,4.500,2,2,10.46,0.00
d3891911c2feae53c52fea2bd14054e5,SP,2,141.00,70.50,5.000,2,2,4.06,0.00
0e72c1a751b496722a6cb1f10653b62a,SP,3,140.80,46.93,4.667,3,3,6.89,0.00
50a7e551a7b3f8d37cd6e32d8bfbe5ea,SP,1,140.00,140.00,5.000,1,1,12.59,0.00
a89e143d5211473ae18db9577ee34b64,SP,2,140.00,70.00,3.000,2,1,9.21,0.00
52a50b42accf164f9f019941e5759d9b,SP,4,139.96,34.99,4.750,4,4,5.38,25.00
19d62d484cba71963c93f0f00ab42013,SC,1,139.90,139.90,4.000,1,1,13.95,0.00
d8bf0fc082fd4a77fc2e5679b6c00133,SP,1,139.90,139.90,5.000,1,1,7.09,0.00
fa8d335d68129e464e60c1826a683e96,RS,1,139.90,139.90,4.000,1,1,22.22,0.00
3f8247d0f772ffa58560e5c682521ad5,SC,1,139.90,139.90,3.000,1,0,,
e8ff5a6ceb895583033fc2a0f314e3c2,SC,1,139.89,139.89,5.000,1,1,3.19,0.00
a154d7316f158bb42e6fa18bbe3afd3a,SP,2,139.80,69.90,3.000,2,2,47.48,50.00
59bbc819b99a733f02f0d6b49d1c253d,SP,2,139.80,69.90,5.000,2,2,5.46,0.00
1b0b0f4f95e962d6f32fe90c759d0479,SP,2,139.80,69.90,5.000,2,2,9.46,0.00
6a53b90c3ad9e0b56d9fe5c69165fff5,PR,2,139.78,69.89,3.500,2,2,11.87,0.00
657969cca82e884d272385ec0ef06edd,RS,3,139.70,46.57,4.667,3,3,8.11,0.00
63b9ae557efed31d1f7687917d248a8d,SP,5,139.50,27.90,4.200,5,5,18.66,0.00
26e2e5033827d2ba53929f43e03d8ffe,SP,1,139.49,139.49,5.000,1,1,5.27,0.00
4a5b36211b1f51bf7eaa5c10a57fa483,RJ,1,139.19,139.19,5.000,1,1,4.04,0.00
712efd3b68f9686dc856b84abd0f21ae,PR,1,139.00,139.00,4.000,1,1,7.24,0.00
c747d5b92c7648417faea95d36d763e8,CE,1,139.00,139.00,5.000,1,1,12.95,0.00
f114dca2828bf718548db175ebe2cfcd,PR,1,139.00,139.00,1.000,1,1,10.48,0.00
57a834594e1e9e9219603bfec184eadc,RS,1,139.00,139.00,5.000,1,1,6.11,0.00
5a9b3bcab695173c820e53934574ae80,SP,1,139.00,139.00,5.000,1,1,7.14,0.00
f049a72cf58fd31b11f8919cade515e7,SP,3,138.75,46.25,3.333,3,3,4.59,0.00
96f7c797de9ca20efbe14545bed63eec,SP,1,138.60,138.60,1.000,1,1,1.95,0.00
717b78b0950b51ed00b1471d858b0edc,SP,5,138.60,27.72,4.000,5,5,21.33,20.00
8cb7c5ddf41f4d506eba76e9a4702a25,GO,2,138.00,69.00,3.000,2,1,16.01,0.00
044668ccd5316b12a7cf0d54a156e3e9,SP,3,137.80,45.93,5.000,3,3,7.85,0.00
83d7070a0b9a8b4625fa8682b819fabb,SP,1,137.77,137.77,1.000,1,0,,
0b64bcdb0784abc139af04077d49a20e,RS,4,137.60,34.40,4.750,4,4,8.50,0.00
ea846a0e7ad98a741783e886d89dfa44,SP,2,137.00,68.50,5.000,2,2,10.28,0.00
b7ba853e9551f4558440881fd3e5c815,RS,1,136.90,136.90,1.000,1,1,34.96,0.00
db6a4d4b5f1f5f98820ce6ce2619e2de,SP,1,135.99,135.99,5.000,1,1,3.11,0.00
377bc18334c78dd2f1535ef22a3ad225,PR,1,135.98,135.98,5.000,1,1,9.89,0.00
dd39ad39b5d3df33037e141c72497ba6,SP,2,135.80,67.90,5.000,2,2,8.67,0.00
e3e290b38963293022cdcd6db8328103,SP,3,135.70,45.23,3.333,3,3,9.77,0.00
59de1d4c8c057c2a53acd4ca66531af2,PR,1,135.00,135.00,5.000,1,1,18.68,0.00
7c4adcc13272c0e26fa23aac642adb7b,RJ,2,135.00,67.50,3.000,2,2,17.03,50.00
83c8aafbefb034674a70de0eac5b8954,PR,2,134.90,67.45,5.000,2,2,5.07,0.00
92c8bc6e8f925792247656fed09aad65,SP,2,134.80,67.40,3.000,2,2,13.44,50.00
5def4c3732941a971cba8fdee992ede1,SP,5,134.80,26.96,4.600,5,5,4.56,0.00
c5e60e39c0f42b8e827daa13cff74afa,SP,6,134.00,22.33,4.500,6,6,3.77,16.67
8e4f041ff58e7845456d3482524014b3,RS,2,133.80,66.90,3.000,2,2,24.08,50.00
062c325cd6a2b87845fab56b4ec2eeae,SP,2,133.22,66.61,5.000,2,2,5.50,0.00
c87abc38c8ed3240861729e1aeadf221,SP,1,133.00,133.00,1.000,1,1,10.75,0.00
7adbd3210a7b3cc2235e225eef33574d,SP,3,131.90,43.97,4.667,3,3,10.08,0.00
fedf2c1386e137f296b3bbf3b635e69d,SP,2,131.74,65.87,3.500,2,2,10.33,0.00
a218df5c097b0ca409cfaac1488cc7f6,SP,4,130.69,32.67,2.750,4,4,11.56,0.00
939f6e231201f26803cb5c3a3d2940b3,SP,3,130.60,43.53,4.667,3,3,10.86,0.00
dc120d932ddf9d4dfb6fd68beefda622,PR,1,130.00,130.00,1.000,1,1,14.64,0.00
88af55b4a7ca402b27df16f7c7c9b5d2,SP,1,130.00,130.00,1.000,1,0,,
9fe7c6641c79970ab48185498f547c09,SP,1,130.00,130.00,5.000,1,1,17.92,0.00
2f3d8b4c9e2ee165075331fea3f3095a,SC,1,130.00,130.00,5.000,1,1,12.33,0.00
e5def42655b7490edac5a56fe8e9e603,SP,1,129.90,129.90,5.000,1,1,5.84,0.00
0f80a40c312b2472dca482cf50f5186f,SP,1,129.90,129.90,3.000,1,1,5.33,0.00
b6f52e346160519c24a23af05410ad32,SP,1,129.90,129.90,4.000,1,1,12.61,0.00
87f3e35268860433e13d577825aada95,SP,2,129.80,64.90,1.000,1,1,51.50,0.00
44ed138eca6214d572ce1d813fb0049b,RS,2,129.79,64.90,4.500,2,2,8.52,0.00
45c20d94d9171b0bcfab3c955e47d67b,SP,4,129.46,32.37,4.500,4,4,14.43,0.00
ef728fa1f17436c91ed1ccd03dcf9631,SP,3,128.70,42.90,4.333,3,3,4.79,0.00
538caafddff204241cecbf3a02e6b3cf,SP,8,128.40,16.05,2.750,8,8,17.31,50.00
391bbd13b6452244774beff1824006ed,SP,2,127.80,63.90,1.000,2,1,44.57,100.00
47f55702f598c7c6cc8458b0fbc1c49a,MG,2,127.50,63.75,5.000,1,1,17.29,0.00
5bc237df65098fe211bb4818f4d26d78,MG,2,126.80,63.40,4.500,2,2,12.48,0.00
7c9130f5f3729edd32aa059141d92484,SP,3,126.00,42.00,3.333,3,3,7.45,0.00
c26ba52cf8d2f34915f2f6b7ffa0a3f3,RJ,4,125.96,31.49,4.000,4,3,7.72,0.00
f9a02f1922d1de564392e656d82b3fda,SP,1,125.90,125.90,4.000,1,0,,
934ed5cd1b9c1c7382d0a94a94b9e639,PR,1,125.85,125.85,5.000,1,1,13.13,0.00
788f22bafdd7ab0e1e79f19db72f16a4,SP,2,125.80,62.90,4.500,2,2,3.54,0.00
9558aa23f77a9e0a0eca83540999f43b,PR,2,125.70,62.85,3.000,2,1,20.87,0.00
570d4583587a5fe2d47c7be89b91ad27,SP,2,125.25,62.63,5.000,2,2,5.75,0.00
c092292535a57dacd95a8765f5518f87,RJ,1,125.00,125.00,5.000,1,1,8.10,0.00
57df9869a600bd6b7c405f2a862eccfb,MG,5,125.00,25.00,4.400,5,5,7.29,0.00
ff82e8873fba613f2261a9acc896fd84,MG,4,124.60,31.15,3.500,4,4,9.54,0.00
693660429f9dc4ff704eb3d88dad54d7,SP,2,124.00,62.00,4.000,2,2,3.58,0.00
08061dc0fc165ed41288cc7acde738ee,SP,4,123.80,30.95,4.500,4,4,20.07,25.00
8d92f3ea807b89465643c219455e7369,SP,3,121.20,40.40,1.000,3,3,45.55,66.67
89757206b887aed36f3e18d858460fea,SP,2,120.50,60.25,5.000,2,2,9.61,0.00
876182d1918783bbe15233febfbd4926,SP,3,120.27,40.09,4.000,3,3,9.28,0.00
003554e2dce176b5555353e4f3555ac8,GO,1,120.00,120.00,5.000,1,1,4.65,0.00
a353b1083c9863d756d9404695016d64,ES,1,120.00,120.00,5.000,1,1,20.71,0.00
698f5fa55a5f73d0740e9d9a773e8093,RJ,4,120.00,30.00,4.750,4,4,6.03,0.00
bba8d0c234a52b87b3957037a215d1a4,GO,1,120.00,120.00,5.000,1,1,23.84,0.00
bdf0d02d36a1d839d0c39c4a887cdd49,SP,5,120.00,24.00,5.000,5,5,8.35,0.00
1927cdb9fa74f5270097f6250e8e8f34,SP,1,120.00,120.00,5.000,1,1,8.13,0.00
7994081388d55b9cf976c050653dd359,SP,1,120.00,120.00,5.000,1,1,12.97,0.00
35281d148dcf7134bae913c57db4e6da,SP,1,119.99,119.99,5.000,1,1,5.28,0.00
3903c788ded8dc03b5ebab37a2f3e9a1,SP,5,119.98,24.00,4.000,5,5,10.30,20.00
e09887ca8c7bf8a4621ce481820414ef,SP,3,119.96,39.99,2.333,3,2,57.88,50.00
07a9bc7f61396b658ddf3ac534efe44c,SP,1,119.90,119.90,3.000,1,1,6.00,0.00
674207551483fec113276b67b0d871ff,SP,1,119.90,119.90,5.000,1,1,1.87,0.00
7c4402417d51474d4d0cda9557340e40,SP,1,119.90,119.90,5.000,1,1,7.12,0.00
a150c540f572d0fb53992264bc5c10b5,SP,1,119.90,119.90,4.000,1,1,10.86,0.00
e9b6c33b71b67737693b4cfa68341c8d,SP,1,119.90,119.90,4.000,1,1,11.77,0.00
d1aa1ec0839dcab73a6161130eb1f94a,PR,1,119.90,119.90,4.000,1,1,35.02,100.00
be1e9e378700cecaa4ebf71433d7915c,SP,2,119.89,59.95,3.000,2,2,48.18,100.00
bf0045791395e66460eb04749c68672a,SP,2,119.80,59.90,4.000,2,2,14.25,0.00
910a922b426b7ff95eaee129ad6c0e1f,SP,2,119.80,59.90,5.000,2,2,14.63,0.00
8eb88b0acb3f90a717ad659221471fa7,SC,2,119.80,59.90,4.500,2,2,12.25,0.00
26e13b6ff5b641b329e5524241ee2c93,SP,4,119.70,29.93,4.000,4,4,6.64,0.00
a9b533a26e898b12e8b8d4c07279bf4d,RJ,4,119.60,29.90,5.000,4,4,15.16,0.00
22c32ec35d0116ef02c281798a25bf8b,PR,4,119.58,29.90,3.750,4,4,11.46,0.00
36f98ad67cc981f50ce8aed093d5783c,PR,2,119.40,59.70,4.000,2,2,6.11,0.00
fc908879b9ca1bd65419e54e50432d38,SP,4,119.20,29.80,5.000,4,4,8.67,0.00
fc38b5dceee1a730fad8853453437fbd,SP,5,119.20,23.84,4.600,5,5,7.97,0.00
e82de6494d91d3c4c54450f59b227a94,SP,3,118.90,39.63,5.000,2,3,18.68,33.33
fd312b6bf05efac6c3772d5b52205d8a,SP,2,118.70,59.35,5.000,2,2,6.38,0.00
e9c2dc0dd4ac38448289be644ac94f42,SC,3,118.39,39.46,5.000,3,3,5.39,0.00
4c60877808f4318ef1107fbeb8f89afa,SP,2,118.00,59.00,4.000,2,2,15.19,0.00
aa1eb17b9fdf6dfd546e25c45c7b9235,SP,3,117.99,39.33,4.667,3,3,7.75,0.00
fc5a0d7a310a7a41abf86a458585ff2b,SP,1,117.90,117.90,4.000,1,1,13.93,0.00
40ec8ab6cdafbcc4f544da38c67da39a,PR,2,117.80,58.90,5.000,2,2,6.58,0.00
b416191c9813d821a295cfabafff4161,SP,2,117.80,58.90,2.500,2,2,19.30,0.00
13dd308f81fea30cc670c656b2b46cc3,SP,3,117.70,39.23,5.000,3,3,3.64,33.33
9bade61a92bed55a25d2b67b9f4ed739,PR,2,117.68,58.84,3.000,2,2,9.66,0.00
bca9230d3bbb4efa51872bf605a2f1ad,SP,5,117.57,23.51,4.000,5,5,7.06,20.00
781a66c0d89e30814d49fe8b5e14cd07,SP,1,115.00,115.00,1.000,1,1,33.12,100.00
9bf11dfc0bec77e5a23028043c3c5a8f,MG,1,115.00,115.00,1.000,1,1,31.54,100.00
93bef6edaa84956e8e575016449b6351,SP,1,115.00,115.00,5.000,1,1,9.93,0.00
8c351ed7c326c62123318f4f3246e906,SP,2,114.90,57.45,5.000,2,2,10.11,0.00
039b29ff3b3473435d0cd59040575de9,SP,9,114.90,12.77,4.444,9,9,9.11,0.00
296729ffb9b684050dd24836dac4494a,SP,2,114.00,57.00,5.000,2,2,7.27,0.00
4c4d546adf3c3868fe19c9ec6e9ffda9,PR,2,111.70,55.85,4.000,2,2,6.87,0.00
818d28f936e791926d33bcb6ee94ef79,SP,4,111.60,27.90,4.000,3,4,12.94,0.00
ac1ed5fc15901fbc92920361eb4ab350,SP,1,110.25,110.25,1.000,1,0,,
28d162ab86bb49d719c32f0ee6186eaa,SP,1,109.99,109.99,4.000,1,1,16.39,0.00
2c9005d8043aff18b8557ffb7b13cda4,ES,1,109.90,109.90,5.000,1,1,7.85,0.00
e732329483fd5f27367dd997b47f598a,SC,1,109.90,109.90,5.000,1,1,12.15,0.00
4be9ae93c4fc0f41713d71a4194ee1b3,MG,1,109.90,109.90,5.000,1,1,11.09,0.00
db7ed69a53aa9fb1c01930ba54a88bbe,SP,1,109.00,109.00,5.000,1,1,3.96,0.00
7bb8fac2913a6064ec412e583c6d8b4d,SP,1,109.00,109.00,5.000,1,1,4.90,0.00
4cc43a222a0f94910728b62b97a8c5f8,SP,1,108.50,108.50,3.000,1,1,14.15,0.00
e88165a185134e13fdfc85d4fa654db8,SP,2,108.00,54.00,3.000,2,2,9.15,50.00
bb3dca718920a4d7ec3cc9ffb025108b,SP,2,108.00,54.00,3.000,2,2,11.94,0.00
ec21206b7894c503788a684a7bc822a6,RJ,2,107.90,53.95,3.500,2,1,8.11,0.00
941554c5757b73ba0e50aa7732310afc,SP,3,107.69,35.90,4.667,3,3,8.11,0.00
44717f64ec2a457979cf83c429077666,RS,2,107.00,53.50,5.000,2,2,5.81,0.00
077c5fae4bea9500e3737b16f71b9d3a,SP,4,106.80,26.70,4.500,4,4,8.32,0.00
a69aa24cec11168e7e39a3fbc727e925,SP,3,105.97,35.32,5.000,3,3,8.65,0.00
271b8923c6a549e02d3c9fd1f8c0422b,SP,1,105.19,105.19,4.000,1,1,14.18,100.00
3d2400ac620cffa23ac81bd192f7f555,SP,1,105.00,105.00,5.000,1,1,7.35,0.00
3bb32fedaa74e4ad20f4ce067733bd31,SC,2,103.70,51.85,4.500,2,2,7.15,0.00
62de60d81c55c29d76a6bce418b31cef,SP,1,103.00,103.00,4.000,1,1,16.17,0.00
461ff5303b6c9c1a4a07f40c5aece516,PR,3,102.70,34.23,3.667,3,3,6.60,0.00
ab91571efab27993ff2f6b36e38055c3,SP,3,102.24,34.08,4.667,3,3,13.00,33.33
160851d3ece7aa1a510f8d1a4bb8a8af,SP,2,102.05,51.03,5.000,2,2,5.58,0.00
be67f78487e2cecb0d55bc769709e4f5,MG,1,102.00,102.00,5.000,1,1,10.04,0.00
96e5dc09087bad639b4ee193104ec2e5,RJ,2,101.90,50.95,4.500,2,2,7.81,0.00
4fae87d32467e18eb46e4a76a0a0b9ce,RS,1,100.90,100.90,5.000,1,1,6.81,0.00
a4fc6eadaff1576af888509a53420f6a,SP,1,100.86,100.86,3.000,1,1,28.99,0.00
011b0eaba87386a2ae96a7d32bb531d1,SP,1,99.98,99.98,4.000,1,1,25.18,0.00
79b93a308a97792cf53ac75f46da00b5,RJ,1,99.90,99.90,5.000,1,1,22.52,0.00
80cfd480be3eb6d6267139f5cb793555,SP,1,99.90,99.90,4.000,1,1,14.25,0.00
2d20f1cd18725c91147da0791d498022,PR,1,99.80,99.80,5.000,1,1,9.95,0.00
a7c53f6b3b61adbdaa99dda97e8cbd56,SP,1,99.00,99.00,4.000,1,1,6.84,0.00
aa8af66c623d7d544dfe4bb85b5ebe3b,MG,1,99.00,99.00,5.000,1,1,8.00,0.00
247587846358bb1d2e4c6522020b36fe,SP,1,99.00,99.00,5.000,1,1,4.81,0.00
26562f211dd1364af2a8596dc945e8ae,SP,2,99.00,49.50,5.000,2,2,2.26,0.00
1fbe10c70e30765ed1de86d9f7e98409,SP,2,98.75,49.38,2.500,2,2,13.67,0.00
9e17b9d64683aebcbb9ee362d06463b4,SP,2,98.70,49.35,1.000,2,0,,
5f57db27027655e6c6a391601daa0258,ES,1,98.00,98.00,5.000,1,1,14.37,0.00
eaaa46e98c9e61f6764dd1d7a2ab8b3e,RN,1,98.00,98.00,5.000,1,1,11.10,0.00
00ab3eff1b5192e5f1a63bcecfee11c8,SP,1,98.00,98.00,5.000,1,1,9.05,0.00
1c742ac33582852aaf3bcfbf5893abcf,MG,1,97.90,97.90,5.000,1,1,6.02,0.00
c7bb64409aa480bb7d0335faaaf3d242,SC,4,97.60,24.40,2.250,4,4,5.88,0.00
70126eecc6aa1274392a1743866e9678,SP,3,97.40,32.47,5.000,3,3,5.59,0.00
782f78b632a43875dd5b53e3e49c9564,SP,1,97.34,97.34,5.000,1,1,9.88,0.00
270572bb714b00531be85e16e1550f26,SP,1,96.99,96.99,5.000,1,1,11.07,0.00
034b9387752bfa309f350a70cd45ffa3,SC,8,96.00,12.00,4.500,8,8,8.51,0.00
f43827dd686be3a4a80e00aa299990fb,SP,1,95.54,95.54,2.000,1,1,21.39,0.00
74a9b9bddf14ece02beb81f52c41a88d,SP,2,95.00,47.50,3.500,2,2,12.17,0.00
623ad9d0c1e14bb5464a8c72bff7b4af,MG,1,95.00,95.00,4.000,1,1,24.09,0.00
22a23e5ac7061fc538cc2a019afaaf16,MG,1,95.00,95.00,3.000,1,1,11.03,0.00
7a073a40a9d3f1fee8bc45670ea1e909,PR,1,95.00,95.00,1.000,1,0,,
8cf21434553b02cbd37c0bbd07e041b0,SC,2,94.98,47.49,2.500,2,1,11.21,0.00
61f159ef6da2d441951d2c0efa719362,ES,2,94.98,47.49,1.000,2,0,,
253c025bab43881055aeecde5e2d8b77,PR,2,94.82,47.41,4.500,2,2,16.56,50.00
43b2c864251aa0ce4030c746984e088a,DF,2,94.80,47.40,3.000,2,2,5.62,0.00
443d880f15cbd3572885e1d44bf2c478,SP,1,94.80,94.80,2.000,1,1,12.40,0.00
7a704e63bb29c446869efde5d57524c8,PR,1,94.49,94.49,5.000,1,1,7.51,0.00
6235903333ba7de1928c869e268e5964,SC,1,94.06,94.06,5.000,1,1,4.97,0.00
376d67b61dce0c990155286e7ae486a4,SP,1,94.00,94.00,4.000,1,1,14.35,0.00
2aafae69bf4c41fbd94053d9413e87ee,RS,2,94.00,47.00,4.500,2,2,8.85,0.00
5305693ffae2d3463377b1f6fe67b15a,SP,1,93.56,93.56,5.000,1,1,13.37,0.00
6b2612338467c08c9b25f0cc55b1578d,PR,1,92.90,92.90,4.000,1,1,16.56,0.00
01266d4c46afa519678d16a8b683d325,PR,3,90.25,30.08,5.000,3,3,5.92,0.00
1cbcd2ee0afb3fc09963b87eb65e7e4f,PR,1,90.00,90.00,5.000,1,1,4.32,0.00
f8f35af4634605e6693c17cc3ffff5a8,MG,1,90.00,90.00,5.000,1,1,10.14,0.00
52b53f7061969fe471d119b6195da864,SP,1,90.00,90.00,5.000,1,1,3.33,0.00
d7d517afce974cd491b8d52bb5b5b1fc,SP,1,89.99,89.99,4.000,1,1,13.55,0.00
6d04126aba80df143fd038e711b8fd96,RJ,1,89.99,89.99,1.000,1,1,37.08,100.00
8dd386be0767c330276ea6a3f96532d3,SC,1,89.98,89.98,5.000,1,1,10.29,0.00
741f8c587cb4248ebc5b779a0e8e0e51,SP,5,89.95,17.99,4.000,5,5,13.24,20.00
4aba6a02a788d3ec81c03137144d9a80,SC,1,89.90,89.90,5.000,1,1,13.22,0.00
83d458c0d6d4f94295d63f091460bd60,SP,1,89.90,89.90,5.000,1,0,,
a72f15980dc3e9bfd1a49ac9b2f3af65,SP,1,89.90,89.90,4.000,1,1,5.14,0.00
154bdf805377afea75a3bd158e9eab10,SP,1,89.90,89.90,1.000,1,1,24.92,100.00
2bdb95a56a36ebbc6640337ac5eac174,SP,1,89.90,89.90,5.000,1,1,5.85,0.00
97e50a621f8e801f4baf69e08687c192,SP,1,89.90,89.90,5.000,1,1,9.45,0.00
889009a0ed0bb52c87819941192931b8,SP,1,89.90,89.90,4.000,1,1,12.21,0.00
5741dc2bf5044c34d0698681c5081bed,SP,3,89.70,29.90,5.000,3,3,7.19,0.00
b8d890108a7a80e4f5d59eea9f362438,PR,2,89.70,44.85,3.500,2,2,13.93,50.00
6624bc09786f0e41ae48dfc5eeb1a9e2,MG,1,89.54,89.54,5.000,1,1,15.80,0.00
da2782c804606d2a5d8e1760dbb3e7ec,SP,1,89.00,89.00,1.000,1,1,32.78,100.00
499185655c29ecfdbfe776ef7cf875b5,RS,1,89.00,89.00,4.000,1,1,11.13,0.00
b3809b8d4394588a47c8470ea331e135,SP,1,89.00,89.00,4.000,1,1,5.05,0.00
65c255b299faf2d12050937cc219c46c,SP,2,88.20,44.10,4.500,2,2,7.09,0.00
fa7ad8ae9bcb2c4493fdf38e96b1d74f,SP,1,88.00,88.00,1.000,1,0,,
dd264199fc8b687ad029de7de6d760e6,PR,1,87.90,87.90,5.000,1,1,18.08,0.00
466222e777149751370e7e98fb623b0c,RJ,1,87.90,87.90,5.000,1,1,6.83,0.00
9cea4682e16655f7da87f406902e989e,PR,4,87.76,21.94,4.000,4,4,10.07,0.00
2fa13c8bd5705d279f7ed5cc9ec61c68,SP,2,87.40,43.70,5.000,2,2,4.55,0.00
4fe2f67634d00c021aa01f96b6f2d68e,PR,2,86.80,43.40,5.000,2,2,10.99,0.00
60da8bfa7eebe230b7d66ac4082d79b3,SP,3,86.60,28.87,4.333,3,3,7.78,33.33
b86a47b3366e3b5424a7b225781f4908,MG,1,86.50,86.50,3.000,1,1,14.26,0.00
00d8b143d12632bad99c0ad66ad52825,MG,1,86.00,86.00,5.000,1,1,7.23,0.00
20fd2d2080ed85fa67fad3fcbb2c1813,PR,1,85.90,85.90,1.000,1,0,,
a2b911e9ad40dc7d61c142a4683e2d85,RJ,1,85.90,85.90,5.000,1,1,12.78,0.00
5566627eab3fe93fd6ee08798226101a,PR,5,85.50,17.10,4.400,5,5,8.81,0.00
2b5ed0c9139dae8883a200dfcb272ece,SP,4,85.41,21.35,4.250,4,4,16.87,25.00
cb5ff1b9715e99589f3e0c7a6afab9e3,PR,4,85.00,21.25,4.000,4,4,6.08,0.00
b5dd7151a92ccaaa282cbe9681a05f44,SP,1,85.00,85.00,5.000,1,1,13.44,0.00
0dfbed20065e425d2eaefb101f9816c0,SP,3,84.35,28.12,2.667,3,3,21.57,33.33
324583d68897f5ddbaf38f6248322176,SP,2,84.00,42.00,1.000,2,2,21.32,50.00
dedcab67899479e4ea5dcc4eba47f587,SC,2,84.00,42.00,4.500,2,2,5.56,0.00
7f02656561b680def9986c0795a8a080,SP,2,84.00,42.00,3.000,2,1,14.18,0.00
f5b84683a9bf9e1df748cf40f601b39c,SP,1,83.90,83.90,5.000,1,1,6.71,0.00
11d4c477d09821164bca4f70a2eae031,SP,3,83.04,27.68,5.000,3,3,6.98,0.00
a56a8043ebf66e42119618fb8cf232c6,SC,1,83.00,83.00,5.000,1,1,10.83,0.00
c542f5a8c64d973f30e9df8d06f70b4a,SP,1,81.00,81.00,1.000,1,0,,
ba8e85df286308fe68a2ce83a8f8b2d6,SC,1,80.90,80.90,5.000,1,1,9.85,0.00
52454f90d4c30c016768db02f88c1a74,SP,3,80.50,26.83,3.667,3,3,12.69,0.00
1a8e2d9c38b84a9702ac7922924b0573,SC,1,80.00,80.00,5.000,1,1,15.60,0.00
c0f3eea2e14555b6faeea3dd58c1b1c3,SP,1,79.99,79.99,5.000,1,1,5.67,0.00
8b11118053756a9a2932f447e11fc1b5,SP,1,79.99,79.99,3.000,1,1,11.91,0.00
a45765f8afb1e594b22bf9e974b46765,SP,1,79.99,79.99,4.000,1,1,4.98,0.00
0f519b0d2e5eb2227c93dd25038bfc01,SP,1,79.90,79.90,5.000,1,1,12.27,0.00
b5b800c4065bebf4d3442311c9857344,SP,1,79.90,79.90,5.000,1,1,6.46,0.00
9fbd5666d8618fa571c4230fafa09bd6,SP,1,79.90,79.90,5.000,1,1,13.12,0.00
ca5832c6960267b71041f74bb39e8b12,SC,1,79.90,79.90,1.000,1,1,45.16,100.00
dcb7367a92f5ffb89f1e2152ed260285,SP,1,79.90,79.90,5.000,1,1,10.08,0.00
cd233f8bfa30ebfd651f47ee7d054951,SP,1,79.90,79.90,5.000,1,1,9.34,0.00
9591fc341b1bfb7ef561e2968ec6e011,SP,1,79.90,79.90,1.000,1,0,,
c2bda99904207edd1834f03e0022b007,SP,2,79.80,39.90,2.500,2,1,12.42,0.00
e5bd51692380fd8cabb19b756b95e714,SP,2,79.80,39.90,3.000,2,2,33.66,100.00
aa17b35ce4de7b565be3249ba838944f,SP,2,79.80,39.90,4.500,2,2,16.37,0.00
a7b7354cc588f7566a848bcbb1ce3d96,SP,2,79.80,39.90,4.000,2,2,11.88,0.00
519a7aa428f18d125a283cf8c014fdd6,SC,3,79.70,26.57,4.000,3,3,7.48,0.00
918f6fbcf3ab724d805867303e593a1b,SP,2,79.70,39.85,4.000,2,2,4.87,0.00
c8665a4dd081a2c436b1cd921079d0d9,SP,1,79.39,79.39,5.000,1,1,4.24,0.00
babcc0ab201e4c60188427cae51a5b8b,SP,1,79.00,79.00,5.000,1,1,8.20,0.00
166e8f1381e09651983c38b1f6f91c11,SC,2,78.80,39.40,5.000,2,2,14.73,0.00
15b3b1b81484422eb41df68ac87f1f50,SP,2,78.35,39.18,1.000,2,1,14.63,0.00
8132b9bd16876e1b0f8808d43825dd48,SC,1,77.90,77.90,5.000,1,1,16.81,0.00
739c7d7be81f63812dea0d1b1451c651,PB,2,77.50,38.75,4.000,2,2,17.13,0.00
ec2e006556300a79a5a91e4876ab3a56,SP,2,77.40,38.70,1.500,2,2,13.50,50.00
5de1c80811ce7007f62f00d971236c09,SC,2,76.80,38.40,5.000,2,2,8.07,0.00
3e51f9cbe317bc3a88f2c76583811ee4,SP,1,76.09,76.09,5.000,1,1,8.87,0.00
497709c2976a8fa308730a2dec5b0726,SP,1,76.00,76.00,5.000,1,1,5.95,0.00
a1bea9970d8f65b240555f99c2214f7f,PR,1,75.00,75.00,3.000,1,1,9.31,0.00
6dd7dce75cd55c1ce255dc38d9f0cd46,SC,1,75.00,75.00,4.000,1,1,12.23,0.00
c85d7b477a709c85a1e8b8f25aa1b270,SP,1,75.00,75.00,1.000,1,0,,
43a5d4a57af536fddc96d08be3afdfcb,MG,1,75.00,75.00,1.000,1,1,11.81,0.00
d52cbce9845184537284a23c3bc3da0e,SC,2,75.00,37.50,5.000,2,2,10.57,0.00
05aebce0b5c8f0d41b29b686f2d05fd3,SP,2,74.99,37.50,5.000,2,2,6.00,50.00
217f005bb37ff3aeef5b2ae1788e75ba,SP,3,74.97,24.99,3.333,3,2,14.45,0.00
9c3a1c416c765687bc79a04113269929,MG,1,74.90,74.90,1.000,1,1,6.09,0.00
6187a137b2af59dfdbad8d9f8c373c14,SP,2,74.80,37.40,3.000,2,2,13.86,0.00
a90a5da8b09e44264a177c0374a5ac87,PR,3,74.70,24.90,4.333,3,3,9.38,0.00
d8d9567d0bfb0bc7eb845a205ba42657,SP,4,74.60,18.65,3.500,4,4,13.52,50.00
164a5a8794e6d42e14f55e447b12a3bc,PR,1,73.99,73.99,5.000,1,1,13.41,0.00
a7d0f8dd44f57ef6de7f7f02e3d82630,SP,2,73.79,36.90,4.500,2,2,6.13,0.00
204b4e07bddef3c9b317f70189135b22,MG,1,73.40,73.40,5.000,1,1,10.19,0.00
d4d99b60c4c94cd35acd502cec65dc8d,SP,1,72.90,72.90,3.000,1,1,19.08,0.00
e5c84227854980f1db19a58958c551d9,PR,4,72.81,18.20,4.750,4,4,10.19,0.00
f0ec6a2adb05c62655a26dd347b8dede,SP,1,72.00,72.00,1.000,1,0,,
8f0fbe2cd4d472157dc1cdef6edecaa9,SP,2,71.88,35.94,3.000,2,2,7.66,0.00
028872bfa080090a9d0abd4f1af168f8,MG,1,70.50,70.50,5.000,1,1,16.48,0.00
4003520d80d0bad1d5623f7aa3c63cda,RJ,1,70.00,70.00,1.000,1,1,17.08,0.00
f90f77ef2799a27f80d90c425ca944f7,PR,1,70.00,70.00,5.000,1,1,7.39,0.00
bbf4a892cac7b82422baa711dffb8997,PR,1,70.00,70.00,5.000,1,1,3.01,0.00
e4f121bf6ef8b9a1d4d3e65dd0473fab,SP,2,70.00,35.00,3.000,2,2,21.34,50.00
0a198e95d32b1be2da9424c962a6ebfa,MG,1,69.99,69.99,5.000,1,1,16.05,0.00
f3511c85f59f8dec53d140501ee8e7a8,PR,1,69.90,69.90,5.000,1,1,1.92,0.00
b6c6854d4d92a5f6f46be8869da3fa1a,SP,1,69.90,69.90,1.000,1,0,,
fe9d9cf8631285d5982c6e2cf27fb114,MG,1,69.90,69.90,4.000,1,1,4.90,0.00
b5d034ac251546e25afe9067f05c1539,SP,1,69.90,69.90,5.000,1,1,12.58,0.00
d9b00a97818674c7f8d8b1ef0e689679,PR,1,69.90,69.90,3.000,1,1,2.20,0.00
4e92348462c75b6c842b994ce84a0ed4,RS,1,69.90,69.90,5.000,1,1,9.84,0.00
d6cd01c59123df02fc226eadbadb5f89,SP,1,69.90,69.90,5.000,1,1,18.50,0.00
d598f929fc44e1e38678e7f47250ec04,GO,1,69.90,69.90,5.000,1,1,11.24,0.00
5587130f9850696ed7fafbc91c2cee44,SP,2,69.80,34.90,5.000,2,2,6.54,0.00
17998cf586426bf0f2c3726cb0a4b211,MG,2,69.80,34.90,4.000,2,2,8.39,0.00
edb65fe661681b1c0de8bd47c8655855,SP,1,69.00,69.00,3.000,1,1,14.11,0.00
bbd3acfe6de99892e73940d3fdceaf68,SP,2,69.00,34.50,3.000,2,2,3.30,0.00
e4253cef933647000a82ff39c67b7bde,SP,2,68.00,34.00,2.000,2,0,,
f3055483058c84d75ca2a3314fb4deef,BA,1,67.50,67.50,1.000,1,0,,
723a46b89fd5c3ed78ccdf039e33ac63,RS,1,66.64,66.64,4.000,1,1,8.00,0.00
a5ff20ff766e7f50bd5066f33da14413,SP,2,66.59,33.30,3.000,2,2,5.64,0.00
c6381b1321d7d97717a5bb4ed5b77882,SP,2,66.00,33.00,3.000,2,2,4.81,0.00
d58d521f3789def2e7a22715e0badd93,SP,2,65.98,32.99,3.500,2,2,4.85,0.00
76623fde66e6b63b59440fd34160512d,SP,3,65.40,21.80,4.000,3,3,3.39,0.00
d4a5e99e0dd915df64ba55a7fbd583fd,SP,2,65.15,32.58,3.000,2,2,12.59,0.00
ad738d3fcf42655ed15c4960b7b6c601,RS,1,65.00,65.00,1.000,1,0,,
52831e5990d0771cb4951d6f12928167,SP,1,65.00,65.00,3.000,1,1,5.11,0.00
60ad151920c4f6f3ebbe8cfdf6166779,SP,1,65.00,65.00,1.000,1,0,,
447d377bdb757058acb569025ee18a93,RS,1,64.99,64.99,5.000,1,1,18.00,0.00
c8771b1a10bb99bb34d3c459c5cffb53,SP,1,64.90,64.90,5.000,1,1,6.82,0.00
eb4a59a06b3948e851a7d7a830bcbc42,BA,2,64.00,32.00,3.000,2,1,11.08,0.00
b452cb0ae35044c4a53179c39f49fb06,SP,2,63.70,31.85,4.000,2,2,16.72,0.00
9e94fa26a70ede4d26226e918e8706a2,SP,1,62.80,62.80,5.000,1,1,5.64,0.00
42fb44130ac3134cde8e35cf8ec7df25,SP,3,62.70,20.90,3.667,3,2,5.90,0.00
f0ec78809fe0bc3edb11c9fe5b97b059,SP,2,62.60,31.30,4.000,2,2,9.35,0.00
2cb98e27ce1c18abdb42209b34c382a7,SP,1,62.49,62.49,4.000,1,1,19.07,0.00
56a8b450e802502ba53a9885ee38e29f,SP,1,62.45,62.45,1.000,1,0,,
6a3139c7bf09ece22a4713d956acbe5e,SP,1,61.90,61.90,5.000,1,1,3.87,0.00
f7c31656c19db6275a8acadca289f426,SP,1,61.56,61.56,3.000,1,1,13.38,0.00
b3e2faf2c1004d674f16a3aa3197f0e1,SP,3,61.47,20.49,5.000,3,3,6.79,0.00
1d0646a72178a6fb37ee8082140e06ec,SC,2,61.00,30.50,5.000,2,2,7.65,0.00
7963e546f34e098b578f9ad102494601,SP,1,60.99,60.99,5.000,1,1,18.15,0.00
be7a093e5b4d147b36b72bb1f9e415e5,PR,1,60.90,60.90,5.000,1,1,5.33,0.00
83f2b4881141ce3fcd4e985125d3279e,SP,3,60.70,20.23,5.000,3,3,18.19,33.33
9ac75591b69c3402684b6ce0310f22ee,SP,1,60.50,60.50,5.000,1,1,2.99,100.00
e9e446d01bd10a97a8ffcfc4a3a20cb2,SP,4,60.05,15.01,3.500,4,3,5.31,0.00
85e7c62c1d6ea078c3897424f867a7c8,SC,2,60.00,30.00,4.500,2,2,7.85,0.00
24a6daf925d9d591870a66660416de31,SP,2,60.00,30.00,4.500,2,2,13.62,0.00
7c462184585ae80bd6e5774c62ce50f2,SP,1,60.00,60.00,3.000,1,1,16.04,100.00
8fb67a334bacec338885b4e9e1708073,PR,1,59.90,59.90,5.000,1,1,8.22,0.00
c240c4061717ac1806ae6ee72be3533b,RJ,1,59.90,59.90,4.000,1,1,6.06,0.00
6ebf4eceee4dd9847201c82e77ef8123,RJ,1,59.90,59.90,5.000,1,1,15.02,0.00
0ee4fb99ac55ffbbc98795aa01b7f8fa,SP,1,59.90,59.90,5.000,1,1,6.88,0.00
3e46a38ee171c503c3b4a3f23fe3bf0c,SP,1,59.90,59.90,5.000,1,1,4.19,0.00
9ef932e837d8b7f392c0bfee9d359dc2,SP,1,59.90,59.90,3.000,1,1,36.47,100.00
75fdd0a732287f9497b179f6bd445d32,SP,1,59.90,59.90,5.000,1,1,10.88,0.00
528ce32f560edd11add4169f6a5b65be,SP,2,59.80,29.90,5.000,2,2,10.16,0.00
455f46ef09a9e45667e2981df84b5cc2,SP,2,59.80,29.90,2.500,2,1,13.02,0.00
3da38366e7bd9baf6369071f782ecdf0,CE,1,59.47,59.47,1.000,1,1,53.35,100.00
63704069d9bd3a75c1cf59babe56004a,SP,1,59.30,59.30,1.000,1,1,18.28,100.00
db1f0f7c7e5e87f40b62226f020bb297,PR,3,59.01,19.67,4.667,3,3,9.61,0.00
0af2ab31141893d26aca5a404a537dab,SP,1,59.00,59.00,5.000,1,1,5.81,0.00
2f1e7b90e01d9f086cbcb301c0c3d406,SC,1,59.00,59.00,5.000,1,1,7.11,0.00
1d953075c2f0dd990bacf27b83b330f1,MG,1,59.00,59.00,5.000,1,1,7.28,0.00
dd5450b022b2d00a2145a66331e1aef6,SC,1,59.00,59.00,5.000,1,1,7.18,0.00
d180e07dc1e58c31c3f0cd599dc4d945,MG,1,58.80,58.80,3.000,1,1,8.00,0.00
cecd97bc34ed8330bd4cd15713eda670,SC,1,57.99,57.99,1.000,1,1,7.14,0.00
cac4e0bc1a3269fa2b6ea5e763f6115b,SC,2,57.88,28.94,5.000,2,2,11.33,0.00
48e5ee06fb2dc74df1c711a9b6dfac2a,MG,1,57.00,57.00,5.000,1,1,11.24,0.00
ac9b01377919cdbd2a1bbb8d5837c70b,SP,1,55.90,55.90,3.000,1,1,9.80,0.00
3e35a8bb43569389d3cebef0ce820f69,SP,1,55.80,55.80,5.000,1,1,7.92,0.00
0b1ca3ef18a63d7eb0c8897fa0849c08,SP,1,55.00,55.00,5.000,1,1,6.71,0.00
d85efbc8eff2b7adf524e2820569adc8,SP,1,55.00,55.00,5.000,1,1,2.95,0.00
ebe3dabc4955c9b0d695e7bda38bf5c3,SP,1,55.00,55.00,3.000,1,1,23.45,100.00
c7246702dc991a06d788120dc7544391,CE,1,54.86,54.86,5.000,1,1,20.99,0.00
26f6b7ab07be3e9e69ce82a6552efc19,RJ,2,54.80,27.40,3.000,2,2,10.98,50.00
c13fb473e7cb8b83ccd543c094df0608,SP,2,54.80,27.40,3.500,2,2,12.76,0.00
d297f1055de2956aedfd3b04113dce3e,SP,1,54.30,54.30,4.000,1,1,3.81,0.00
720e6cf846ea7572cbb66b743fb91e6c,SP,1,54.00,54.00,5.000,1,1,16.15,0.00
c1552b1dab6e6f760950368ae61fb600,SP,2,53.80,26.90,2.500,2,2,5.07,0.00
a2a41aedb70551d4a85aa04dc2fced48,SP,2,52.79,26.40,4.000,2,2,8.87,0.00
392f7f2c797e4dc077e4311bde2ab8ce,RN,2,52.00,26.00,5.000,2,2,5.31,0.00
84c945f15571830c1a91a33978e94009,SP,2,51.98,25.99,4.500,2,2,9.44,0.00
20d53aad4fe5ee93a64f8839609d3586,MG,2,51.90,25.95,2.500,2,1,39.28,100.00
258447aad3f7b01e2643c89f64dc5647,PR,1,51.90,51.90,5.000,1,1,7.95,0.00
07e8e8fc5222bb358e6f259da3197074,SP,2,51.80,25.90,4.000,2,2,8.64,0.00
eaf6d55068dea77334e8477d3878d89e,SP,3,51.00,17.00,5.000,3,3,6.13,0.00
535bf14f36346c7f59d87cece104d70c,RJ,1,50.00,50.00,4.000,1,1,4.22,100.00
5cf1ec37aea089f45110c70653a166ab,SP,3,50.00,16.67,3.667,3,2,21.47,0.00
4d8809767a5bafe22909c77951fb6b41,SP,1,50.00,50.00,5.000,1,0,,
d4f91e8be86b38da2ee35bc489645a9d,SP,1,49.99,49.99,5.000,1,1,17.23,0.00
fe19dce63ae80346207c6c55713d1023,MG,1,49.90,49.90,5.000,1,1,7.00,0.00
9140ef75cc8211c4035935e80e567204,PR,1,49.90,49.90,5.000,1,1,12.18,0.00
7b3447b497e55af8c15fc7bd89d7b81a,SP,1,49.90,49.90,5.000,1,1,13.10,0.00
e1a210d482714ce337763a19aef94ba4,PR,1,49.90,49.90,1.000,1,0,,
2c2c9832d1bb38c5b0034a3b47d313ee,RS,1,49.90,49.90,3.000,1,1,12.09,0.00
3ded4e2d5f135cb103e5949d7263d2dd,MG,1,49.90,49.90,5.000,1,1,5.15,0.00
7315baebc0572ff220d226283dc66728,SP,2,49.85,24.93,4.000,2,2,8.09,0.00
2c00c85d30361cd2ced2969cffbbffa3,MG,1,49.80,49.80,5.000,1,1,1.87,0.00
1b61fb1f0f2185d89e9a126c498e9cc7,PR,1,49.70,49.70,5.000,1,1,11.36,0.00
ac137bac82ffa8548e62bd9d01d2a14f,SP,1,49.60,49.60,1.000,1,0,,
42d4b7e70819438f5ada61c965e92d7e,GO,1,49.60,49.60,1.000,1,1,21.94,0.00
e3e15e2c0b9700561efac21c6be48066,SP,1,49.50,49.50,4.000,1,0,,
e0487761face83d64fcada2408959a36,SP,2,49.25,24.63,4.500,2,2,3.54,0.00
ce33c6211beaa8fef4cae8b52db39862,SP,1,49.00,49.00,3.000,1,1,18.73,0.00
c963a25b8671419c6ce9eebe8fd03218,RJ,1,49.00,49.00,5.000,1,1,6.85,0.00
d63f306de130e0391d38a792541723b8,SP,1,49.00,49.00,5.000,1,1,3.36,0.00
2ef086a599b597572aca4433b7ed6b3d,SC,1,49.00,49.00,5.000,1,1,11.24,0.00
1f7dfad2cb384ea4d2d7e1ffbd78c407,SP,1,49.00,49.00,1.000,1,1,6.36,0.00
29c322e3f09f886f8bacbe91dfbd979e,RS,1,48.98,48.98,5.000,1,1,6.67,0.00
417a1e6c7321084d2a0ae0d023cfad93,RS,1,48.90,48.90,5.000,1,1,6.07,0.00
5aaa890629f83706d8d9bfecd8377c1c,RJ,1,48.90,48.90,1.000,1,0,,
2e2f44824ab87a0cb961f68bf4073e7f,PR,1,48.00,48.00,2.000,1,1,10.96,0.00
a3fa18b3f688ec0fca3eb8bfcbd2d5b3,SP,1,47.80,47.80,5.000,1,1,14.27,0.00
513a54369b6a8a6602fcb0e129c6d78d,SP,2,47.80,23.90,4.500,2,2,3.57,0.00
9d213f303afae4983637247556438ede,SP,2,47.70,23.85,5.000,2,2,7.04,0.00
ae9690c6e8fee182c28c9ff8e11ca52c,SP,1,47.40,47.40,5.000,1,1,4.49,0.00
cad10cc982ab6a391570c211b995c17c,SP,1,47.40,47.40,5.000,1,1,4.30,0.00
baf15155e37ef5492731459bdc05be8a,SP,1,47.00,47.00,5.000,1,1,33.05,0.00
7494d0dcba8551df6cf37f1b905dc2f7,SP,1,45.90,45.90,3.000,1,1,6.99,0.00
51e0557bc7b86de13e946c60ee91ce39,MG,1,45.80,45.80,5.000,1,1,10.43,0.00
8629a7efec1aab257e58cda559f03ba7,GO,1,45.22,45.22,1.000,1,1,59.23,100.00
3338e7a0710a195872be80e0d2423867,SP,1,45.00,45.00,1.000,1,0,,
2d8cfba3fcd3170555941605edaa196a,SP,1,45.00,45.00,5.000,1,1,4.95,0.00
9c351405b754cc5ce3e2ecf277bb034a,SP,1,45.00,45.00,1.000,1,0,,
70ee69419916dc13e3aed619061f996c,SP,1,45.00,45.00,3.000,1,1,14.44,0.00
1f2eebc0e970fd3c463e4f5d9652687a,SP,1,44.99,44.99,5.000,1,1,11.45,100.00
5a4236931428800e9d9cc04af0987118,SP,1,44.97,44.97,5.000,1,1,3.98,0.00
5415337f1863452476d42d9f14a16a61,MG,1,44.90,44.90,3.000,1,1,16.04,0.00
da3fede3469bf49b7293ce3fc45b294d,SP,1,44.90,44.90,5.000,1,1,11.24,0.00
e5545d4d4473876ea78c5bcebca365c3,SP,1,44.50,44.50,5.000,1,1,5.20,0.00
05a48cc8859962767935ab9087417fbb,SP,1,42.90,42.90,5.000,1,1,11.28,0.00
4125d9385a25e82d2f72d3a0fd55bc3f,SP,1,42.90,42.90,5.000,1,1,8.99,0.00
9b1050e85becf3ae99c1cf4934c9bc5d,MG,1,42.57,42.57,1.000,1,0,,
749e7cdabbaf72f16677859e27874ba5,SP,1,41.90,41.90,1.000,1,1,11.04,0.00
3a3c180dd702a725bd0ba4117689239e,PR,1,41.90,41.90,4.000,1,1,13.82,0.00
6561d6bf844e464b4019442692b40e02,SP,1,41.90,41.90,5.000,1,1,1.43,0.00
b77a27b1864483e721dc831d5ba4afa0,RJ,2,41.80,20.90,3.500,2,1,8.47,0.00
16bdc8cefd0e32a6f0824d296c5ad14a,SP,1,41.76,41.76,5.000,1,1,9.32,0.00
a213f1bd6458f4a158f3746cb2514559,PR,1,41.52,41.52,5.000,1,1,8.35,0.00
9b1f656ca3060f8af17a50d8a024b533,SP,2,41.00,20.50,5.000,2,2,16.34,50.00
c200c73f9d7e5a08ca439d6a0803da7c,PR,1,40.00,40.00,1.000,1,0,,
edb58a1390adf273840030a3d6253829,SP,1,39.90,39.90,5.000,1,1,5.50,0.00
df683dfda87bf71ac3fc63063fba369d,RS,1,39.90,39.90,1.000,1,1,189.86,100.00
fedaedd3ca31d56ab33e92035e4b361c,RJ,1,39.90,39.90,4.000,1,1,8.62,0.00
d4828feed4cda2cd9d6b37899a95a71e,CE,1,39.90,39.90,2.000,1,1,13.51,0.00
c74f14c1e26cf1bd5bd34b6a1e274426,SC,1,39.00,39.00,5.000,1,1,24.23,0.00
e595809a6c31ec4314fd06ef198c244d,SC,1,39.00,39.00,5.000,1,1,15.85,0.00
389e45560e33d2d0747f949dcddbc08e,SP,1,39.00,39.00,5.000,1,1,3.95,0.00
0936e1837d0c79253456bbb2ffaaef10,SP,1,38.90,38.90,5.000,1,1,18.37,0.00
2eeb6531ee027a48d401e72bebdd87d3,SP,3,38.70,12.90,4.333,3,3,12.21,0.00
d7ab82074b5f1dfba46db123df101bff,SP,2,38.67,19.34,4.500,2,2,5.94,0.00
e72b4feb7abe210c52aa667abc25a3a2,SP,1,38.20,38.20,5.000,1,1,4.15,0.00
ab75b89cc49c9ab3160d0c91565a442a,SP,2,37.98,18.99,1.500,2,1,9.10,0.00
9200e6ce317b67196b6b0bad4d4bd567,RJ,1,36.90,36.90,3.000,1,1,16.30,0.00
e116c7455dd26a4d8c3e92532583905f,SP,1,36.76,36.76,4.000,1,0,,
1d139e3a3b14025640d8df1b230aace0,SP,2,36.49,18.25,3.500,2,2,7.65,0.00
c161d1327ebc3a156c09582ab2f59f6c,SP,2,35.99,18.00,4.000,2,2,3.51,0.00
630008e0f062605a415d694489f6f82e,SP,1,35.35,35.35,5.000,1,1,17.06,0.00
3a52d63a8f9daf5a28f3626d7eb9bd28,SP,1,35.00,35.00,1.000,1,1,6.34,0.00
c716e0b86ed568878475b60fbb6323ad,SP,1,35.00,35.00,5.000,1,1,7.48,0.00
baeda7047354773262ba2405f97038ba,SP,1,35.00,35.00,5.000,1,1,23.48,0.00
cb162c8eef257253782d245c08d9097c,SP,1,34.99,34.99,5.000,1,1,10.64,0.00
e6ffc9ac6a7adc9d16a1cfc2286dd546,SP,1,34.99,34.99,1.000,1,0,,
84deb808079d1be601c209c1e771b1cc,PR,2,34.93,17.47,5.000,2,2,7.54,0.00
5a32c398a06c345440bf2a683b017ad3,RJ,1,34.90,34.90,5.000,1,1,11.97,0.00
bee36b4f9a2b9fdcaff6ec05df202ed0,SP,2,33.80,16.90,3.000,2,1,13.40,0.00
41958cbd3335433c8740300e8cd600d5,SP,1,32.99,32.99,5.000,1,1,4.84,0.00
c4b911d06343b21dd906651f8101cb49,SP,1,32.99,32.99,1.000,1,0,,
539ed9e19811677513447759be5eccfc,MG,2,32.83,16.42,3.000,2,2,5.07,0.00
7d81e74a4755b552267cd5e081563028,SP,1,32.50,32.50,4.000,1,1,2.21,0.00
6bcb2352a2a0c38b845f598298ab9d26,PR,2,31.80,15.90,3.000,2,1,11.04,0.00
1a6245add4353f18ed55138808906979,SP,1,30.00,30.00,1.000,1,0,,
d7f1cfc638473be93baedbfd02208016,RJ,1,30.00,30.00,5.000,1,1,12.68,0.00
fdf736c18c589ed030e058312203e1b2,MG,1,30.00,30.00,5.000,1,1,5.49,0.00
87b4428a334b8f676fd9a7f3bf544fb5,SP,1,29.99,29.99,5.000,1,1,6.93,0.00
9315e491484b1b0081ca166fc164108d,PR,1,29.99,29.99,3.000,1,1,7.28,0.00
02a2272692e13558373c66db98f05e2e,RJ,1,29.99,29.99,1.000,1,0,,
32f83ffe11cd40f7adcf4eef171f52d9,RS,1,29.99,29.99,5.000,1,1,10.57,0.00
a09a13f18ed27932d08438aa6f12756e,RS,1,29.90,29.90,3.000,1,1,8.92,0.00
3aa3c89ae3cd482385568be76120f63c,GO,1,29.90,29.90,4.000,1,1,10.83,0.00
139157dd4daa45c25b0807ffff348363,SP,1,29.90,29.90,4.000,1,1,1.21,0.00
c97aa4ee7420f937da13b7f9e2228b99,RS,1,29.90,29.90,1.000,1,1,10.81,0.00
436bf27f2f18474fc6047702e9f8a866,SP,1,29.90,29.90,5.000,1,1,19.17,0.00
28a26ebce31d5918b181ede016fd693b,MG,1,29.90,29.90,5.000,1,1,11.07,0.00
c43d924a0f1688ee9fae0efcd6f539d4,RJ,1,29.90,29.90,4.000,1,1,21.50,0.00
c0e0b73d039eb9a99b6ce4cb7a429cd3,SC,1,29.88,29.88,5.000,1,1,4.99,0.00
7b3f6ce5c6c22e9b96e7581ebf0df6e1,SP,1,29.80,29.80,3.000,1,1,10.95,0.00
0336182e1b3e92f029d5354832045fdf,SP,1,29.80,29.80,2.000,1,1,13.06,0.00
9996ae921c50e8dff411ac69c0b4bb8b,SP,2,29.70,14.85,2.000,2,2,14.38,0.00
72c73be2b085b9d57650dd53eb2004c9,SP,1,29.40,29.40,5.000,1,1,17.34,0.00
15aec03fe4cf30dfa574cf550f5ff5ff,RJ,1,28.90,28.90,1.000,1,0,,
c9d2ba8dde44a275ae06475ed1d2fafc,MG,1,28.79,28.79,5.000,1,1,8.42,0.00
999f6d9a1c7c81f43be44c6b7d076210,SP,2,28.00,14.00,4.500,2,2,4.69,0.00
8b181ee5518df84f18f4e1a43fe07923,SP,1,27.90,27.90,5.000,1,1,14.56,0.00
b026643914f651e8371425e5b8a1e780,RJ,1,27.90,27.90,5.000,1,1,10.42,0.00
80146bc52c4f6af5239b23de2a20262b,SP,1,27.10,27.10,3.000,1,0,,
f1fdf2d13186575751aa25876536d85c,SP,1,26.30,26.30,5.000,1,1,6.14,0.00
70c0fda4c313d87115644d39e62eec60,PE,1,25.99,25.99,5.000,1,1,9.88,0.00
c12d7463a579237ffb9248bd7cff378b,SP,1,25.90,25.90,4.000,1,1,11.24,0.00
7cb946b1ad19faebe28c3e86c2794ec3,MG,1,25.00,25.00,5.000,1,1,18.15,0.00
6c9875b2f94ba781186f0c1aed8d1687,SP,2,25.00,12.50,5.000,2,2,4.06,0.00
3986c0b54f6b748b75e7bd4e092aa3e5,PR,1,24.99,24.99,5.000,1,1,6.12,0.00
38f276ca6e7cc95a6d1bb55ac9e5550f,SP,1,24.99,24.99,5.000,1,1,5.20,0.00
1c83418358f249c9d6affa52d579db0e,SP,1,24.90,24.90,5.000,1,1,10.19,0.00
33fd411ed63a7c2f9005e3f065d9f85d,RS,1,24.90,24.90,4.000,1,1,8.14,0.00
67e43d802fde8cfd3f9580124f8167d1,SP,1,24.00,24.00,1.000,1,0,,
cad9969167c09b48ae6f1d123f7fa68d,MG,1,24.00,24.00,5.000,1,1,3.39,0.00
bd43e172d599bed47a85da877172ca8c,SC,1,23.92,23.92,5.000,1,1,12.47,0.00
bcd2d7510d58e293f20fad6438c1b314,PR,1,23.90,23.90,,0,1,33.20,100.00
544863df86ed3b78a04e0820d41430ee,ES,1,23.90,23.90,5.000,1,1,5.50,0.00
43753b27d77860f1654aa72e251a7878,BA,1,23.90,23.90,5.000,1,1,27.33,0.00
2c54051840f19eca309a5423cf22df36,PR,2,23.70,11.85,4.500,2,2,8.93,0.00
5e063e85d44b0f5c3e6ec3131103a57e,SP,1,22.90,22.90,5.000,1,1,1.29,0.00
bc8c8d665ec4664d286be0d521722b19,SP,1,22.50,22.50,2.000,1,1,8.03,100.00
f9f68daa2af419d38f745478bcb3da1a,SP,2,22.40,11.20,3.000,2,1,11.76,0.00
eb1bf309f4f6af9a97e9ddac3fdbeabe,SP,1,22.30,22.30,5.000,1,1,8.49,0.00
0bb27263628258b8111a0262769fa9db,SP,1,22.20,22.20,5.000,1,1,41.68,0.00
34675b28b826facfde119785bf287dc1,PR,1,21.99,21.99,4.000,1,1,5.95,0.00
f09b760d23495ac9a7e00d29b769007c,SP,1,21.90,21.90,4.000,1,1,24.06,0.00
98f52e1020fe788c10c0418de4393fec,RJ,1,21.60,21.60,4.000,1,1,9.27,0.00
ed49da7cadefc454d6a67de249eab240,SP,1,21.50,21.50,5.000,1,1,7.19,0.00
e64ddbe1cbcf4f2fc3092b7c481f3f9d,SP,1,20.90,20.90,5.000,1,1,5.51,0.00
e76ecc7e9a1a1e3c6df9d2a8261c423d,MG,1,20.00,20.00,5.000,1,1,12.46,0.00
e0b162a693bc7f9eab00f783a31d60ea,RS,1,20.00,20.00,5.000,1,1,11.09,0.00
455befea1bb853c75ccbca94cff26e5c,RJ,1,19.99,19.99,3.000,1,1,12.44,0.00
bb7ad8a45c027be8ab075b8e465f8ca0,SC,2,19.98,9.99,5.000,2,2,5.67,0.00
bac44fa8e13424950488659b5f765c41,SP,1,19.90,19.90,5.000,1,1,8.71,0.00
0b46f784306be7200ca1700aa55d819f,MG,1,19.90,19.90,5.000,1,1,3.24,0.00
668bf321538e5072858eaef6087ce027,PR,1,19.90,19.90,5.000,1,1,4.47,0.00
d93b8458c6fe139d85cfa5eadbf55bd2,SP,1,19.90,19.90,5.000,1,1,5.98,0.00
698624c6632eeba1774924dbea24c700,SP,1,19.90,19.90,5.000,1,1,6.97,0.00
63bc58679c44e8a998792119fd7ad23e,SP,1,19.90,19.90,1.000,1,0,,
7caa63f175b1cecbfaadd8b5ab9998c7,SP,1,19.90,19.90,1.000,1,1,2.16,0.00
e174dc2de86d60fee178170a154c05e7,SP,1,19.80,19.80,1.000,1,0,,
bd65d163ded559eb90a10cd09fec178f,SP,1,19.80,19.80,4.000,1,1,4.47,0.00
9d69ba0a7a626a64dc5db08e529559cf,SP,1,19.30,19.30,5.000,1,1,13.86,0.00
ce4755084bc097113867e6454f8f5e52,SP,1,18.90,18.90,5.000,1,1,6.39,0.00
82921991ff5b557b045605b8bbf08d49,SP,1,18.90,18.90,5.000,1,1,4.08,0.00
6c77cd583b36a13aacccf2b3ee23e233,SP,1,18.90,18.90,5.000,1,1,6.03,0.00
804287717b9156fb7a787acd9af4fac1,PR,1,18.80,18.80,5.000,1,1,9.16,0.00
13e85aac53340018b40c2af68001b7e0,SP,1,17.80,17.80,5.000,1,1,17.72,0.00
eae9af4811c294c56795d70e715b7337,SP,1,15.90,15.90,5.000,1,1,2.84,0.00
f3862c2188522d89860c38a3ea8b550d,SP,1,15.50,15.50,5.000,1,1,5.87,0.00
9f56a7a649097b166d8ed286ad86a15c,RJ,1,14.99,14.99,1.000,1,0,,
20f0aeea30bc3b8c4420be8ced4226c0,SP,1,14.90,14.90,,0,1,44.72,100.00
b2f4d63c7203f539a78252565ca32257,RJ,1,14.90,14.90,5.000,1,1,13.01,0.00
c3e2398fcc7e581cda2e546557bf6968,SP,1,14.90,14.90,5.000,1,1,11.84,0.00
a61cc04793308395a840807104365121,SP,1,14.63,14.63,5.000,1,1,8.37,0.00
6576fd3e23c88f0e5d4d23f39bba0542,SP,1,14.50,14.50,1.000,1,0,,
5b92bfa4120daa27c574daa2e386c693,SP,1,14.00,14.00,3.000,1,1,16.09,0.00
fb503a924a0b9db19d83dd0ac6dbef8c,RS,1,13.90,13.90,5.000,1,1,6.55,0.00
6614814a00d344b846ae209f95ee7e3f,SP,1,13.00,13.00,1.000,1,1,4.79,0.00
b5f0712d22a873b6797ab6cc65c3fcba,SP,1,12.99,12.99,4.000,1,1,3.26,0.00
7ab0dd5487bab2dc835337b244f689fb,SP,1,12.50,12.50,5.000,1,1,5.75,0.00
9e25199f6ef7e7c347120ff175652c3b,SP,1,12.50,12.50,4.000,1,1,8.20,0.00
c1dde11f12d05c478f5de2d7319ad3b2,SP,1,12.50,12.50,1.000,1,1,3.24,0.00
c1d1ebb4745cc43cb6f05e9c8a705c9a,SP,1,12.50,12.50,1.000,1,1,26.53,100.00
3d62f86afa7c73be2628a3be1423f5a0,SP,2,12.00,6.00,4.000,2,2,16.73,0.00
3ac588cd562971392504a9e17130c40b,SP,1,11.90,11.90,5.000,1,1,7.09,0.00
cc1f04647be106ba74e62b21f358af25,SP,1,11.90,11.90,1.000,1,1,13.30,0.00
344223b2a90784f64136a8a5da012e7f,SC,1,10.90,10.90,2.000,1,1,32.62,100.00
95cca791657aabeff15a07eb152d7841,PR,1,9.99,9.99,5.000,1,1,3.72,0.00
c18309219e789960add0b2255ca4b091,RJ,1,9.90,9.90,5.000,1,1,14.19,0.00
0f94588695d71662beec8d883ffacf09,SC,1,9.00,9.00,5.000,1,1,14.89,0.00
4965a7002cca77301c82d3f91b82e1a9,SP,1,8.49,8.49,5.000,1,1,6.27,0.00
ad14615bdd492b01b0d97922e87cb87f,SC,1,8.25,8.25,5.000,1,1,13.58,0.00
34aefe746cd81b7f3b23253ea28bef39,PR,1,8.00,8.00,1.000,1,0,,
702835e4b785b67a084280efca355756,MG,1,7.60,7.60,5.000,1,1,1.80,0.00
1fa2d3def6adfa70e58c276bb64fe5bb,SP,1,6.90,6.90,1.000,1,1,6.26,0.00
77128dec4bec4878c37ab7d6169d6f26,SP,1,6.50,6.50,5.000,1,1,11.99,0.00
cf6f6bc4df3999b9c6440f124fb2f687,SP,1,3.50,3.50,5.000,1,0,,
